
> quant-paper-trading-nodejs@0.2.0 start
> node src/index.js

[HTTP] server listening on http://localhost:3088
[APP] Eastmoney DOM market scanner started
[EMAPI] page=1 rows=100 kept=45 total=45
[EMAPI] page=2 rows=100 kept=43 total=88
[EMAPI] page=3 rows=100 kept=42 total=130
[EMAPI] page=4 rows=100 kept=42 total=170
[EMAPI] page=5 rows=100 kept=47 total=217
[EMAPI] page=6 rows=100 kept=39 total=256
[EMAPI] page=7 rows=100 kept=45 total=301
[EMAPI] page=8 rows=100 kept=46 total=347
[EMAPI] page=9 rows=100 kept=46 total=393
[EMAPI] page=10 rows=100 kept=57 total=449
[EMAPI] page=11 rows=100 kept=56 total=502
[EMAPI] page=12 rows=100 kept=46 total=548
[EMAPI] page=13 rows=100 kept=51 total=599
[EMAPI] page=14 rows=100 kept=46 total=645
[EMAPI] page=15 rows=100 kept=45 total=686
[EMAPI] page=16 rows=100 kept=46 total=730
[EMAPI] page=17 rows=100 kept=49 total=779
[EMAPI] page=18 rows=100 kept=44 total=821
[EMAPI] page=19 rows=100 kept=37 total=857
[EMAPI] page=20 rows=100 kept=38 total=894
[EMAPI] page=21 rows=100 kept=43 total=936
[EMAPI] page=22 rows=100 kept=44 total=976
[EMAPI] page=23 rows=100 kept=44 total=1020
[EMAPI] page=24 rows=100 kept=35 total=1054
[EMAPI] page=25 rows=100 kept=33 total=1084
[SCAN] round=1 market=1084 picks=4 ts=2026-03-23T05:56:52.451Z
[EMAPI] page=1 rows=100 kept=44 total=44
[EMAPI] page=2 rows=100 kept=40 total=84
[EMAPI] page=3 rows=100 kept=44 total=128
[EMAPI] page=4 rows=100 kept=43 total=170
[EMAPI] page=5 rows=100 kept=44 total=214
[EMAPI] page=6 rows=100 kept=43 total=255
[EMAPI] page=7 rows=100 kept=43 total=297
[EMAPI] page=8 rows=100 kept=49 total=345
[EMAPI] page=9 rows=100 kept=46 total=391
[EMAPI] page=10 rows=100 kept=50 total=438
[EMAPI] page=11 rows=100 kept=47 total=484
[EMAPI] page=12 rows=100 kept=49 total=531
[EMAPI] page=13 rows=100 kept=51 total=575
[EMAPI] page=14 rows=100 kept=43 total=618
[EMAPI] page=15 rows=100 kept=48 total=666
[EMAPI] page=16 rows=100 kept=52 total=715
[EMAPI] page=17 rows=100 kept=55 total=766
[EMAPI] page=18 rows=100 kept=43 total=805
[EMAPI] page=19 rows=100 kept=50 total=851
[EMAPI] page=20 rows=100 kept=42 total=893
[EMAPI] page=21 rows=100 kept=42 total=931
[EMAPI] page=22 rows=100 kept=37 total=965
[EMAPI] page=23 rows=100 kept=37 total=1001
[EMAPI] page=24 rows=100 kept=30 total=1028
[EMAPI] page=25 rows=100 kept=37 total=1061
[SCAN] round=2 market=1061 picks=5 ts=2026-03-23T05:58:03.164Z
[EMAPI] page=1 rows=100 kept=44 total=44
[EMAPI] page=2 rows=100 kept=42 total=86
[EMAPI] page=3 rows=100 kept=45 total=131
[EMAPI] page=4 rows=100 kept=40 total=171
[EMAPI] page=5 rows=100 kept=39 total=210
[EMAPI] page=6 rows=100 kept=48 total=258
[EMAPI] page=7 rows=100 kept=42 total=299
[EMAPI] page=8 rows=100 kept=45 total=344
[EMAPI] page=9 rows=100 kept=45 total=388
[EMAPI] page=10 rows=100 kept=49 total=436
[EMAPI] page=11 rows=100 kept=48 total=483
[EMAPI] page=12 rows=100 kept=57 total=538
[EMAPI] page=13 rows=100 kept=49 total=585
[EMAPI] page=14 rows=100 kept=53 total=635
[EMAPI] page=15 rows=100 kept=45 total=672
[EMAPI] page=16 rows=100 kept=40 total=711
[EMAPI] page=17 rows=100 kept=46 total=756
[EMAPI] page=18 rows=100 kept=48 total=803
[EMAPI] page=19 rows=100 kept=41 total=840
[EMAPI] page=20 rows=100 kept=47 total=885
[EMAPI] page=21 rows=100 kept=48 total=933
[EMAPI] page=22 rows=100 kept=43 total=976
[EMAPI] page=23 rows=100 kept=30 total=1005
[EMAPI] page=24 rows=100 kept=29 total=1031
[EMAPI] page=25 rows=100 kept=44 total=1075
[SCAN] round=3 market=1075 picks=5 ts=2026-03-23T05:59:01.611Z
[EMAPI] page=1 rows=100 kept=44 total=44
[EMAPI] page=2 rows=100 kept=39 total=83
[EMAPI] page=3 rows=100 kept=43 total=126
[EMAPI] page=4 rows=100 kept=40 total=166
[EMAPI] page=5 rows=100 kept=40 total=206
[EMAPI] page=6 rows=100 kept=46 total=252
[EMAPI] page=7 rows=100 kept=41 total=292
[EMAPI] page=8 rows=100 kept=47 total=339
[EMAPI] page=9 rows=100 kept=48 total=384
[EMAPI] page=10 rows=100 kept=48 total=429
[EMAPI] page=11 rows=100 kept=46 total=472
[EMAPI] page=12 rows=100 kept=40 total=510
[EMAPI] page=13 rows=100 kept=51 total=561
[EMAPI] page=14 rows=100 kept=55 total=613
[EMAPI] page=15 rows=100 kept=44 total=656
[EMAPI] page=16 rows=100 kept=50 total=704
[EMAPI] page=17 rows=100 kept=47 total=748
[EMAPI] page=18 rows=100 kept=33 total=780
[EMAPI] page=19 rows=100 kept=49 total=824
[EMAPI] page=20 rows=100 kept=46 total=867
[EMAPI] page=21 rows=100 kept=45 total=908
[EMAPI] page=22 rows=100 kept=46 total=949
[EMAPI] page=23 rows=100 kept=34 total=978
[EMAPI] page=24 rows=100 kept=38 total=1015
[EMAPI] page=25 rows=100 kept=30 total=1044
[SCAN] round=4 market=1044 picks=5 ts=2026-03-23T06:00:03.031Z
[EMAPI] page=1 rows=100 kept=44 total=44
[EMAPI] page=2 rows=100 kept=41 total=85
[EMAPI] page=3 rows=100 kept=44 total=129
[EMAPI] page=4 rows=100 kept=39 total=168
[EMAPI] page=5 rows=100 kept=41 total=209
[EMAPI] page=6 rows=100 kept=44 total=252
[EMAPI] page=7 rows=100 kept=42 total=293
[EMAPI] page=8 rows=100 kept=45 total=338
[EMAPI] page=9 rows=100 kept=46 total=384
[EMAPI] page=10 rows=100 kept=48 total=430
[EMAPI] page=11 rows=100 kept=54 total=482
[EMAPI] page=12 rows=100 kept=45 total=525
[EMAPI] page=13 rows=100 kept=52 total=577
[EMAPI] page=14 rows=100 kept=46 total=620
[EMAPI] page=15 rows=100 kept=45 total=663
[EMAPI] page=16 rows=100 kept=44 total=704
[EMAPI] page=17 rows=100 kept=50 total=754
[EMAPI] page=18 rows=100 kept=42 total=792
[EMAPI] page=19 rows=100 kept=45 total=837
[EMAPI] page=20 rows=100 kept=46 total=882
[EMAPI] page=21 rows=100 kept=47 total=928
[EMAPI] page=22 rows=100 kept=44 total=970
[EMAPI] page=23 rows=100 kept=38 total=1008
[EMAPI] page=24 rows=100 kept=39 total=1043
[EMAPI] page=25 rows=100 kept=27 total=1067
[SCAN] round=5 market=1067 picks=5 ts=2026-03-23T06:01:01.668Z
[EMAPI] page=1 rows=100 kept=45 total=45
[EMAPI] page=2 rows=100 kept=39 total=84
[EMAPI] page=3 rows=100 kept=43 total=127
[EMAPI] page=4 rows=100 kept=39 total=166
[EMAPI] page=5 rows=100 kept=48 total=214
[EMAPI] page=6 rows=100 kept=39 total=253
[EMAPI] page=7 rows=100 kept=40 total=293
[EMAPI] page=8 rows=100 kept=50 total=343
[EMAPI] page=9 rows=100 kept=42 total=383
[EMAPI] page=10 rows=100 kept=50 total=432
[EMAPI] page=11 rows=100 kept=54 total=480
[EMAPI] page=12 rows=100 kept=52 total=528
[EMAPI] page=13 rows=100 kept=46 total=568
[EMAPI] page=14 rows=100 kept=44 total=611
[EMAPI] page=15 rows=100 kept=51 total=661
[EMAPI] page=16 rows=100 kept=44 total=703
[EMAPI] page=17 rows=100 kept=46 total=747
[EMAPI] page=18 rows=100 kept=42 total=786
[EMAPI] page=19 rows=100 kept=42 total=828
[EMAPI] page=20 rows=100 kept=47 total=873
[EMAPI] page=21 rows=100 kept=51 total=921
[EMAPI] page=22 rows=100 kept=44 total=963
[EMAPI] page=23 rows=100 kept=29 total=989
[EMAPI] page=24 rows=100 kept=38 total=1026
[EMAPI] page=25 rows=100 kept=36 total=1061
[SCAN] round=6 market=1061 picks=5 ts=2026-03-23T06:02:01.752Z
[EMAPI] page=1 rows=100 kept=44 total=44
[EMAPI] page=2 rows=100 kept=40 total=84
[EMAPI] page=3 rows=100 kept=47 total=131
[EMAPI] page=4 rows=100 kept=38 total=168
[EMAPI] page=5 rows=100 kept=45 total=213
[EMAPI] page=6 rows=100 kept=40 total=253
[EMAPI] page=7 rows=100 kept=42 total=295
[EMAPI] page=8 rows=100 kept=49 total=344
[EMAPI] page=9 rows=100 kept=45 total=387
[EMAPI] page=10 rows=100 kept=52 total=438
[EMAPI] page=11 rows=100 kept=51 total=487
[EMAPI] page=12 rows=100 kept=43 total=526
[EMAPI] page=13 rows=100 kept=48 total=573
[EMAPI] page=14 rows=100 kept=47 total=618
[EMAPI] page=15 rows=100 kept=38 total=656
[EMAPI] page=16 rows=100 kept=45 total=699
[EMAPI] page=17 rows=100 kept=52 total=750
[EMAPI] page=18 rows=100 kept=49 total=798
[EMAPI] page=19 rows=100 kept=44 total=840
[EMAPI] page=20 rows=100 kept=48 total=887
[EMAPI] page=21 rows=100 kept=45 total=931
[EMAPI] page=22 rows=100 kept=43 total=974
[EMAPI] page=23 rows=100 kept=37 total=1009
[EMAPI] page=24 rows=100 kept=42 total=1049
[EMAPI] page=25 rows=100 kept=32 total=1080
[SCAN] round=7 market=1080 picks=5 ts=2026-03-23T06:03:01.927Z
[EMAPI] page=1 rows=100 kept=43 total=43
[EMAPI] page=2 rows=100 kept=42 total=85
[EMAPI] page=3 rows=100 kept=45 total=130
[EMAPI] page=4 rows=100 kept=37 total=167
[EMAPI] page=5 rows=100 kept=46 total=213
[EMAPI] page=6 rows=100 kept=42 total=254
[EMAPI] page=7 rows=100 kept=36 total=288
[EMAPI] page=8 rows=100 kept=49 total=337
[EMAPI] page=9 rows=100 kept=46 total=382
[EMAPI] page=10 rows=100 kept=50 total=431
[EMAPI] page=11 rows=100 kept=46 total=477
[EMAPI] page=12 rows=100 kept=49 total=526
[EMAPI] page=13 rows=100 kept=45 total=569
[EMAPI] page=14 rows=100 kept=54 total=621
[EMAPI] page=15 rows=100 kept=39 total=657
[EMAPI] page=16 rows=100 kept=41 total=696
[EMAPI] page=17 rows=100 kept=53 total=749
[EMAPI] page=18 rows=100 kept=48 total=797
[EMAPI] page=19 rows=100 kept=44 total=841
[EMAPI] page=20 rows=100 kept=47 total=881
[EMAPI] page=21 rows=100 kept=46 total=924
[EMAPI] page=22 rows=100 kept=41 total=962
[EMAPI] page=23 rows=100 kept=44 total=1003
[EMAPI] page=24 rows=100 kept=29 total=1030
[EMAPI] page=25 rows=100 kept=32 total=1060
[SCAN] round=8 market=1060 picks=3 ts=2026-03-23T06:04:01.780Z
[EMAPI] page=1 rows=100 kept=45 total=45
[EMAPI] page=2 rows=100 kept=43 total=88
[EMAPI] page=3 rows=100 kept=47 total=133
[EMAPI] page=4 rows=100 kept=38 total=170
[EMAPI] page=5 rows=100 kept=43 total=213
[EMAPI] page=6 rows=100 kept=44 total=256
[EMAPI] page=7 rows=100 kept=38 total=293
[EMAPI] page=8 rows=100 kept=44 total=337
[EMAPI] page=9 rows=100 kept=53 total=390
[EMAPI] page=10 rows=100 kept=46 total=436
[EMAPI] page=11 rows=100 kept=49 total=483
[EMAPI] page=12 rows=100 kept=50 total=529
[EMAPI] page=13 rows=100 kept=47 total=575
[EMAPI] page=14 rows=100 kept=46 total=621
[EMAPI] page=15 rows=100 kept=48 total=669
[EMAPI] page=16 rows=100 kept=39 total=707
[EMAPI] page=17 rows=100 kept=46 total=751
[EMAPI] page=18 rows=100 kept=49 total=794
[EMAPI] page=19 rows=100 kept=49 total=841
[EMAPI] page=20 rows=100 kept=45 total=883
[EMAPI] page=21 rows=100 kept=36 total=918
[EMAPI] page=22 rows=100 kept=41 total=957
[EMAPI] page=23 rows=100 kept=44 total=999
[EMAPI] page=24 rows=100 kept=32 total=1029
[EMAPI] page=25 rows=100 kept=34 total=1058
[SCAN] round=9 market=1058 picks=4 ts=2026-03-23T06:05:03.518Z
[EMAPI] page=1 rows=100 kept=44 total=44
[EMAPI] page=2 rows=100 kept=41 total=85
[EMAPI] page=3 rows=100 kept=48 total=133
[EMAPI] page=4 rows=100 kept=37 total=170
[EMAPI] page=5 rows=100 kept=43 total=213
[EMAPI] page=6 rows=100 kept=43 total=256
[EMAPI] page=7 rows=100 kept=42 total=298
[EMAPI] page=8 rows=100 kept=46 total=344
[EMAPI] page=9 rows=100 kept=51 total=395
[EMAPI] page=10 rows=100 kept=49 total=444
[EMAPI] page=11 rows=100 kept=42 total=486
[EMAPI] page=12 rows=100 kept=51 total=536
[EMAPI] page=13 rows=100 kept=47 total=580
[EMAPI] page=14 rows=100 kept=49 total=626
[EMAPI] page=15 rows=100 kept=49 total=673
[EMAPI] page=16 rows=100 kept=43 total=716
[EMAPI] page=17 rows=100 kept=53 total=766
[EMAPI] page=18 rows=100 kept=44 total=807
[EMAPI] page=19 rows=100 kept=47 total=850
[EMAPI] page=20 rows=100 kept=36 total=885
[EMAPI] page=21 rows=100 kept=40 total=923
[EMAPI] page=22 rows=100 kept=39 total=962
[EMAPI] page=23 rows=100 kept=45 total=1004
[EMAPI] page=24 rows=100 kept=36 total=1038
[EMAPI] page=25 rows=100 kept=31 total=1069
[SCAN] round=10 market=1069 picks=4 ts=2026-03-23T06:06:01.751Z
[EMAPI] page=1 rows=100 kept=44 total=44
[EMAPI] page=2 rows=100 kept=41 total=84
[EMAPI] page=3 rows=100 kept=47 total=130
[EMAPI] page=4 rows=100 kept=40 total=170
[EMAPI] page=5 rows=100 kept=43 total=212
[EMAPI] page=6 rows=100 kept=44 total=256
[EMAPI] page=7 rows=100 kept=41 total=297
[EMAPI] page=8 rows=100 kept=44 total=341
[EMAPI] page=9 rows=100 kept=53 total=393
[EMAPI] page=10 rows=100 kept=50 total=441
[EMAPI] page=11 rows=100 kept=46 total=484
[EMAPI] page=12 rows=100 kept=47 total=529
[EMAPI] page=13 rows=100 kept=48 total=576
[EMAPI] page=14 rows=100 kept=50 total=625
[EMAPI] page=15 rows=100 kept=46 total=664
[EMAPI] page=16 rows=100 kept=44 total=706
[EMAPI] page=17 rows=100 kept=53 total=759
[EMAPI] page=18 rows=100 kept=43 total=802
[EMAPI] page=19 rows=100 kept=45 total=844
[EMAPI] page=20 rows=100 kept=45 total=886
[EMAPI] page=21 rows=100 kept=40 total=925
[EMAPI] page=22 rows=100 kept=42 total=964
[EMAPI] page=23 rows=100 kept=44 total=1007
[EMAPI] page=24 rows=100 kept=27 total=1029
[EMAPI] page=25 rows=100 kept=38 total=1065
[SCAN] round=11 market=1065 picks=4 ts=2026-03-23T06:07:02.211Z
[EMAPI] page=1 rows=100 kept=44 total=44
[EMAPI] page=2 rows=100 kept=42 total=86
[EMAPI] page=3 rows=100 kept=44 total=128
[EMAPI] page=4 rows=100 kept=44 total=172
[EMAPI] page=5 rows=100 kept=43 total=215
[EMAPI] page=6 rows=100 kept=43 total=257
[EMAPI] page=7 rows=100 kept=46 total=303
[EMAPI] page=8 rows=100 kept=42 total=345
[EMAPI] page=9 rows=100 kept=50 total=394
[EMAPI] page=10 rows=100 kept=48 total=441
[EMAPI] page=11 rows=100 kept=47 total=487
[EMAPI] page=12 rows=100 kept=48 total=532
[EMAPI] page=13 rows=100 kept=49 total=578
[EMAPI] page=14 rows=100 kept=48 total=623
[EMAPI] page=15 rows=100 kept=51 total=669
[EMAPI] page=16 rows=100 kept=43 total=710
[EMAPI] page=17 rows=100 kept=47 total=755
[EMAPI] page=18 rows=100 kept=47 total=801
[EMAPI] page=19 rows=100 kept=43 total=843
[EMAPI] page=20 rows=100 kept=44 total=884
[EMAPI] page=21 rows=100 kept=40 total=921
[EMAPI] page=22 rows=100 kept=48 total=969
[EMAPI] page=23 rows=100 kept=37 total=1004
[EMAPI] page=24 rows=100 kept=29 total=1029
[EMAPI] page=25 rows=100 kept=41 total=1065
[SCAN] round=12 market=1065 picks=4 ts=2026-03-23T06:08:02.453Z
[EMAPI] page=1 rows=100 kept=44 total=44
[EMAPI] page=2 rows=100 kept=40 total=84
[EMAPI] page=3 rows=100 kept=47 total=131
[EMAPI] page=4 rows=100 kept=43 total=174
[EMAPI] page=5 rows=100 kept=43 total=215
[EMAPI] page=6 rows=100 kept=43 total=257
[EMAPI] page=7 rows=100 kept=42 total=298
[EMAPI] page=8 rows=100 kept=47 total=345
[EMAPI] page=9 rows=100 kept=50 total=393
[EMAPI] page=10 rows=100 kept=47 total=439
[EMAPI] page=11 rows=100 kept=46 total=484
[EMAPI] page=12 rows=100 kept=48 total=531
[EMAPI] page=13 rows=100 kept=51 total=582
[EMAPI] page=14 rows=100 kept=46 total=628
[EMAPI] page=15 rows=100 kept=46 total=671
[EMAPI] page=16 rows=100 kept=43 total=712
[EMAPI] page=17 rows=100 kept=53 total=762
[EMAPI] page=18 rows=100 kept=46 total=808
[EMAPI] page=19 rows=100 kept=38 total=844
[EMAPI] page=20 rows=100 kept=48 total=888
[EMAPI] page=21 rows=100 kept=37 total=925
[EMAPI] page=22 rows=100 kept=43 total=967
[EMAPI] page=23 rows=100 kept=30 total=997
[EMAPI] page=24 rows=100 kept=34 total=1030
[EMAPI] page=25 rows=100 kept=42 total=1068
[SCAN] round=13 market=1068 picks=4 ts=2026-03-23T06:09:03.612Z
[EMAPI] page=1 rows=100 kept=45 total=45
[EMAPI] page=2 rows=100 kept=38 total=83
[EMAPI] page=3 rows=100 kept=46 total=129
[EMAPI] page=4 rows=100 kept=44 total=173
[EMAPI] page=5 rows=100 kept=42 total=215
[EMAPI] page=6 rows=100 kept=42 total=255
[EMAPI] page=7 rows=100 kept=44 total=299
[EMAPI] page=8 rows=100 kept=44 total=342
[EMAPI] page=9 rows=100 kept=53 total=395
[EMAPI] page=10 rows=100 kept=43 total=435
[EMAPI] page=11 rows=100 kept=46 total=480
[EMAPI] page=12 rows=100 kept=45 total=522
[EMAPI] page=13 rows=100 kept=57 total=575
[EMAPI] page=14 rows=100 kept=49 total=623
[EMAPI] page=15 rows=100 kept=45 total=665
[EMAPI] page=16 rows=100 kept=35 total=698
[EMAPI] page=17 rows=100 kept=54 total=750
[EMAPI] page=18 rows=100 kept=47 total=796
[EMAPI] page=19 rows=100 kept=41 total=832
[EMAPI] page=20 rows=100 kept=47 total=874
[EMAPI] page=21 rows=100 kept=37 total=910
[EMAPI] page=22 rows=100 kept=47 total=954
[EMAPI] page=23 rows=100 kept=32 total=984
[EMAPI] page=24 rows=100 kept=36 total=1019
[EMAPI] page=25 rows=100 kept=34 total=1051
[SCAN] round=14 market=1051 picks=4 ts=2026-03-23T06:10:01.720Z
[EMAPI] page=1 rows=100 kept=45 total=45
[EMAPI] page=2 rows=100 kept=40 total=84
[EMAPI] page=3 rows=100 kept=42 total=126
[EMAPI] page=4 rows=100 kept=42 total=168
[EMAPI] page=5 rows=100 kept=45 total=212
[EMAPI] page=6 rows=100 kept=42 total=254
[EMAPI] page=7 rows=100 kept=41 total=295
[EMAPI] page=8 rows=100 kept=52 total=346
[EMAPI] page=9 rows=100 kept=53 total=397
[EMAPI] page=10 rows=100 kept=46 total=441
[EMAPI] page=11 rows=100 kept=41 total=480
[EMAPI] page=12 rows=100 kept=48 total=526
[EMAPI] page=13 rows=100 kept=51 total=575
[EMAPI] page=14 rows=100 kept=47 total=619
[EMAPI] page=15 rows=100 kept=48 total=661
[EMAPI] page=16 rows=100 kept=50 total=707
[EMAPI] page=17 rows=100 kept=42 total=747
[EMAPI] page=18 rows=100 kept=50 total=794
[EMAPI] page=19 rows=100 kept=48 total=839
[EMAPI] page=20 rows=100 kept=40 total=875
[EMAPI] page=21 rows=100 kept=42 total=915
[EMAPI] page=22 rows=100 kept=36 total=948
[EMAPI] page=23 rows=100 kept=35 total=981
[EMAPI] page=24 rows=100 kept=35 total=1016
[EMAPI] page=25 rows=100 kept=33 total=1047
[SCAN] round=15 market=1047 picks=4 ts=2026-03-23T06:11:07.696Z
[EMAPI] page=1 rows=100 kept=46 total=46
[EMAPI] page=2 rows=100 kept=39 total=85
[EMAPI] page=3 rows=100 kept=40 total=125
[EMAPI] page=4 rows=100 kept=47 total=171
[EMAPI] page=5 rows=100 kept=47 total=216
[EMAPI] page=6 rows=100 kept=44 total=260
[EMAPI] page=7 rows=100 kept=43 total=302
[EMAPI] page=8 rows=100 kept=41 total=341
[EMAPI] page=9 rows=100 kept=52 total=389
[EMAPI] page=10 rows=100 kept=47 total=434
[EMAPI] page=11 rows=100 kept=45 total=479
[EMAPI] page=12 rows=100 kept=50 total=529
[EMAPI] page=13 rows=100 kept=53 total=582
[EMAPI] page=14 rows=100 kept=54 total=635
[EMAPI] page=15 rows=100 kept=43 total=674
[EMAPI] page=16 rows=100 kept=44 total=715
[EMAPI] page=17 rows=100 kept=48 total=763
[EMAPI] page=18 rows=100 kept=45 total=806
[EMAPI] page=19 rows=100 kept=50 total=849
[EMAPI] page=20 rows=100 kept=43 total=889
[EMAPI] page=21 rows=100 kept=38 total=924
[EMAPI] page=22 rows=100 kept=32 total=955
[EMAPI] page=23 rows=100 kept=40 total=992
[EMAPI] page=24 rows=100 kept=32 total=1024
[EMAPI] page=25 rows=100 kept=38 total=1059
[SCAN] round=16 market=1059 picks=4 ts=2026-03-23T06:12:03.690Z
[EMAPI] page=1 rows=100 kept=46 total=46
[EMAPI] page=2 rows=100 kept=37 total=83
[EMAPI] page=3 rows=100 kept=46 total=128
[EMAPI] page=4 rows=100 kept=45 total=172
[EMAPI] page=5 rows=100 kept=49 total=221
[EMAPI] page=6 rows=100 kept=42 total=263
[EMAPI] page=7 rows=100 kept=39 total=302
[EMAPI] page=8 rows=100 kept=43 total=345
[EMAPI] page=9 rows=100 kept=51 total=395
[EMAPI] page=10 rows=100 kept=48 total=442
[EMAPI] page=11 rows=100 kept=50 total=490
[EMAPI] page=12 rows=100 kept=46 total=535
[EMAPI] page=13 rows=100 kept=50 total=584
[EMAPI] page=14 rows=100 kept=52 total=635
[EMAPI] page=15 rows=100 kept=46 total=680
[EMAPI] page=16 rows=100 kept=52 total=730
[EMAPI] page=17 rows=100 kept=46 total=775
[EMAPI] page=18 rows=100 kept=49 total=821
[EMAPI] page=19 rows=100 kept=41 total=862
[EMAPI] page=20 rows=100 kept=45 total=906
[EMAPI] page=21 rows=100 kept=42 total=947
[EMAPI] page=22 rows=100 kept=34 total=981
[EMAPI] page=23 rows=100 kept=35 total=1015
[EMAPI] page=24 rows=100 kept=34 total=1043
[EMAPI] page=25 rows=100 kept=37 total=1076
[SCAN] round=17 market=1076 picks=4 ts=2026-03-23T06:13:02.338Z
[EMAPI] page=1 rows=100 kept=46 total=46
[EMAPI] page=2 rows=100 kept=39 total=85
[EMAPI] page=3 rows=100 kept=46 total=129
[EMAPI] page=4 rows=100 kept=42 total=170
[EMAPI] page=5 rows=100 kept=47 total=216
[EMAPI] page=6 rows=100 kept=42 total=258
[EMAPI] page=7 rows=100 kept=43 total=301
[EMAPI] page=8 rows=100 kept=44 total=345
[EMAPI] page=9 rows=100 kept=51 total=395
[EMAPI] page=10 rows=100 kept=49 total=443
[EMAPI] page=11 rows=100 kept=44 total=487
[EMAPI] page=12 rows=100 kept=50 total=536
[EMAPI] page=13 rows=100 kept=49 total=583
[EMAPI] page=14 rows=100 kept=48 total=631
[EMAPI] page=15 rows=100 kept=51 total=682
[EMAPI] page=16 rows=100 kept=49 total=728
[EMAPI] page=17 rows=100 kept=55 total=782
[EMAPI] page=18 rows=100 kept=43 total=825
[EMAPI] page=19 rows=100 kept=40 total=864
[EMAPI] page=20 rows=100 kept=51 total=913
[EMAPI] page=21 rows=100 kept=40 total=949
[EMAPI] page=22 rows=100 kept=31 total=979
[EMAPI] page=23 rows=100 kept=30 total=1008
[EMAPI] page=24 rows=100 kept=37 total=1044
[EMAPI] page=25 rows=100 kept=45 total=1086
[SCAN] round=18 market=1086 picks=4 ts=2026-03-23T06:14:02.902Z
[EMAPI] page=1 rows=100 kept=46 total=46
[EMAPI] page=2 rows=100 kept=39 total=85
[EMAPI] page=3 rows=100 kept=42 total=127
[EMAPI] page=4 rows=100 kept=45 total=172
[EMAPI] page=5 rows=100 kept=46 total=218
[EMAPI] page=6 rows=100 kept=47 total=265
[EMAPI] page=7 rows=100 kept=40 total=305
[EMAPI] page=8 rows=100 kept=49 total=354
[EMAPI] page=9 rows=100 kept=45 total=397
[EMAPI] page=10 rows=100 kept=53 total=450
[EMAPI] page=11 rows=100 kept=41 total=491
[EMAPI] page=12 rows=100 kept=51 total=540
[EMAPI] page=13 rows=100 kept=50 total=585
[EMAPI] page=14 rows=100 kept=50 total=632
[EMAPI] page=15 rows=100 kept=48 total=679
[EMAPI] page=16 rows=100 kept=49 total=724
[EMAPI] page=17 rows=100 kept=50 total=771
[EMAPI] page=18 rows=100 kept=47 total=818
[EMAPI] page=19 rows=100 kept=46 total=858
[EMAPI] page=20 rows=100 kept=45 total=897
[EMAPI] page=21 rows=100 kept=32 total=929
[EMAPI] page=22 rows=100 kept=31 total=959
[EMAPI] page=23 rows=100 kept=32 total=991
[EMAPI] page=24 rows=100 kept=47 total=1033
[EMAPI] page=25 rows=100 kept=43 total=1076
[SCAN] round=19 market=1076 picks=4 ts=2026-03-23T06:15:03.884Z
[EMAPI] page=1 rows=100 kept=44 total=44
[EMAPI] page=2 rows=100 kept=39 total=83
[EMAPI] page=3 rows=100 kept=47 total=129
[EMAPI] page=4 rows=100 kept=42 total=171
[EMAPI] page=5 rows=100 kept=44 total=215
[EMAPI] page=6 rows=100 kept=47 total=261
[EMAPI] page=7 rows=100 kept=46 total=306
[EMAPI] page=8 rows=100 kept=41 total=345
[EMAPI] page=9 rows=100 kept=46 total=389
[EMAPI] page=10 rows=100 kept=46 total=429
[EMAPI] page=11 rows=100 kept=51 total=479
[EMAPI] page=12 rows=100 kept=45 total=522
[EMAPI] page=13 rows=100 kept=54 total=576
[EMAPI] page=14 rows=100 kept=49 total=620
[EMAPI] page=15 rows=100 kept=54 total=673
[EMAPI] page=16 rows=100 kept=48 total=719
[EMAPI] page=17 rows=100 kept=52 total=768
[EMAPI] page=18 rows=100 kept=49 total=815
[EMAPI] page=19 rows=100 kept=49 total=863
[EMAPI] page=20 rows=100 kept=31 total=890
[EMAPI] page=21 rows=100 kept=41 total=927
[EMAPI] page=22 rows=100 kept=40 total=965
[EMAPI] page=23 rows=100 kept=39 total=1002
[EMAPI] page=24 rows=100 kept=43 total=1043
[EMAPI] page=25 rows=100 kept=16 total=1059
[SCAN] round=20 market=1059 picks=4 ts=2026-03-23T06:16:03.182Z
[EMAPI] page=1 rows=100 kept=45 total=45
[EMAPI] page=2 rows=100 kept=38 total=83
[EMAPI] page=3 rows=100 kept=49 total=132
[EMAPI] page=4 rows=100 kept=39 total=171
[EMAPI] page=5 rows=100 kept=49 total=220
[EMAPI] page=6 rows=100 kept=43 total=263
[EMAPI] page=7 rows=100 kept=45 total=307
[EMAPI] page=8 rows=100 kept=44 total=350
[EMAPI] page=9 rows=100 kept=51 total=399
[EMAPI] page=10 rows=100 kept=51 total=447
[EMAPI] page=11 rows=100 kept=52 total=496
[EMAPI] page=12 rows=100 kept=47 total=542
[EMAPI] page=13 rows=100 kept=48 total=589
[EMAPI] page=14 rows=100 kept=46 total=635
[EMAPI] page=15 rows=100 kept=50 total=681
[EMAPI] page=16 rows=100 kept=56 total=735
[EMAPI] page=17 rows=100 kept=46 total=778
[EMAPI] page=18 rows=100 kept=51 total=827
[EMAPI] page=19 rows=100 kept=49 total=872
[EMAPI] page=20 rows=100 kept=48 total=916
[EMAPI] page=21 rows=100 kept=39 total=953
[EMAPI] page=22 rows=100 kept=36 total=985
[EMAPI] page=23 rows=100 kept=35 total=1018
[EMAPI] page=24 rows=100 kept=27 total=1045
[EMAPI] page=25 rows=100 kept=42 total=1087
[SCAN] round=21 market=1087 picks=4 ts=2026-03-23T06:17:01.770Z
[EMAPI] page=1 rows=100 kept=45 total=45
[EMAPI] page=2 rows=100 kept=40 total=85
[EMAPI] page=3 rows=100 kept=51 total=135
[EMAPI] page=4 rows=100 kept=43 total=178
[EMAPI] page=5 rows=100 kept=40 total=218
[EMAPI] page=6 rows=100 kept=46 total=261
[EMAPI] page=7 rows=100 kept=47 total=307
[EMAPI] page=8 rows=100 kept=48 total=354
[EMAPI] page=9 rows=100 kept=44 total=396
[EMAPI] page=10 rows=100 kept=48 total=442
[EMAPI] page=11 rows=100 kept=48 total=488
[EMAPI] page=12 rows=100 kept=56 total=541
[EMAPI] page=13 rows=100 kept=44 total=584
[EMAPI] page=14 rows=100 kept=41 total=621
[EMAPI] page=15 rows=100 kept=48 total=668
[EMAPI] page=16 rows=100 kept=42 total=707
[EMAPI] page=17 rows=100 kept=53 total=758
[EMAPI] page=18 rows=100 kept=46 total=801
[EMAPI] page=19 rows=100 kept=40 total=841
[EMAPI] page=20 rows=100 kept=46 total=887
[EMAPI] page=21 rows=100 kept=41 total=926
[EMAPI] page=22 rows=100 kept=42 total=962
[EMAPI] page=23 rows=100 kept=36 total=995
[EMAPI] page=24 rows=100 kept=37 total=1032
[EMAPI] page=25 rows=100 kept=39 total=1067
[SCAN] round=22 market=1067 picks=4 ts=2026-03-23T06:18:02.919Z
[EMAPI] page=1 rows=100 kept=44 total=44
[EMAPI] page=2 rows=100 kept=42 total=86
[EMAPI] page=3 rows=100 kept=46 total=132
[EMAPI] page=4 rows=100 kept=45 total=176
[EMAPI] page=5 rows=100 kept=42 total=216
[EMAPI] page=6 rows=100 kept=44 total=257
[EMAPI] page=7 rows=100 kept=49 total=305
[EMAPI] page=8 rows=100 kept=47 total=352
[EMAPI] page=9 rows=100 kept=47 total=399
[EMAPI] page=10 rows=100 kept=41 total=439
[EMAPI] page=11 rows=100 kept=47 total=485
[EMAPI] page=12 rows=100 kept=51 total=532
[EMAPI] page=13 rows=100 kept=48 total=580
[EMAPI] page=14 rows=100 kept=51 total=630
[EMAPI] page=15 rows=100 kept=49 total=679
[EMAPI] page=16 rows=100 kept=49 total=728
[EMAPI] page=17 rows=100 kept=53 total=781
[EMAPI] page=18 rows=100 kept=52 total=831
[EMAPI] page=19 rows=100 kept=40 total=871
[EMAPI] page=20 rows=100 kept=38 total=905
[EMAPI] page=21 rows=100 kept=40 total=943
[EMAPI] page=22 rows=100 kept=32 total=974
[EMAPI] page=23 rows=100 kept=35 total=1006
[EMAPI] page=24 rows=100 kept=37 total=1041
[EMAPI] page=25 rows=100 kept=39 total=1073
[SCAN] round=23 market=1073 picks=4 ts=2026-03-23T06:19:03.866Z
[EMAPI] page=1 rows=100 kept=44 total=44
[EMAPI] page=2 rows=100 kept=41 total=85
[EMAPI] page=3 rows=100 kept=52 total=136
[EMAPI] page=4 rows=100 kept=38 total=174
[EMAPI] page=5 rows=100 kept=47 total=219
[EMAPI] page=6 rows=100 kept=40 total=259
[EMAPI] page=7 rows=100 kept=47 total=306
[EMAPI] page=8 rows=100 kept=41 total=347
[EMAPI] page=9 rows=100 kept=47 total=391
[EMAPI] page=10 rows=100 kept=47 total=438
[EMAPI] page=11 rows=100 kept=48 total=482
[EMAPI] page=12 rows=100 kept=45 total=527
[EMAPI] page=13 rows=100 kept=54 total=580
[EMAPI] page=14 rows=100 kept=50 total=627
[EMAPI] page=15 rows=100 kept=50 total=676
[EMAPI] page=16 rows=100 kept=49 total=724
[EMAPI] page=17 rows=100 kept=45 total=768
[EMAPI] page=18 rows=100 kept=55 total=817
[EMAPI] page=19 rows=100 kept=41 total=854
[EMAPI] page=20 rows=100 kept=45 total=897
[EMAPI] page=21 rows=100 kept=50 total=945
[EMAPI] page=22 rows=100 kept=37 total=978
[EMAPI] page=23 rows=100 kept=36 total=1010
[EMAPI] page=24 rows=100 kept=30 total=1037
[EMAPI] page=25 rows=100 kept=30 total=1063
[SCAN] round=24 market=1063 picks=4 ts=2026-03-23T06:20:02.442Z
[EMAPI] page=1 rows=100 kept=43 total=43
[EMAPI] page=2 rows=100 kept=43 total=86
[EMAPI] page=3 rows=100 kept=48 total=134
[EMAPI] page=4 rows=100 kept=39 total=173
[EMAPI] page=5 rows=100 kept=48 total=220
[EMAPI] page=6 rows=100 kept=44 total=263
[EMAPI] page=7 rows=100 kept=41 total=304
[EMAPI] page=8 rows=100 kept=46 total=350
[EMAPI] page=9 rows=100 kept=49 total=397
[EMAPI] page=10 rows=100 kept=49 total=446
[EMAPI] page=11 rows=100 kept=40 total=486
[EMAPI] page=12 rows=100 kept=54 total=540
[EMAPI] page=13 rows=100 kept=49 total=589
[EMAPI] page=14 rows=100 kept=49 total=637
[EMAPI] page=15 rows=100 kept=50 total=686
[EMAPI] page=16 rows=100 kept=57 total=740
[EMAPI] page=17 rows=100 kept=45 total=782
[EMAPI] page=18 rows=100 kept=49 total=829
[EMAPI] page=19 rows=100 kept=46 total=873
[EMAPI] page=20 rows=100 kept=43 total=915
[EMAPI] page=21 rows=100 kept=42 total=956
[EMAPI] page=22 rows=100 kept=30 total=984
[EMAPI] page=23 rows=100 kept=38 total=1021
[EMAPI] page=24 rows=100 kept=40 total=1055
[EMAPI] page=25 rows=100 kept=39 total=1090
[SCAN] round=25 market=1090 picks=4 ts=2026-03-23T06:21:01.873Z
[EMAPI] page=1 rows=100 kept=43 total=43
[EMAPI] page=2 rows=100 kept=42 total=84
[EMAPI] page=3 rows=100 kept=48 total=132
[EMAPI] page=4 rows=100 kept=40 total=170
[EMAPI] page=5 rows=100 kept=44 total=213
[EMAPI] page=6 rows=100 kept=46 total=257
[EMAPI] page=7 rows=100 kept=45 total=300
[EMAPI] page=8 rows=100 kept=43 total=343
[EMAPI] page=9 rows=100 kept=52 total=394
[EMAPI] page=10 rows=100 kept=46 total=439
[EMAPI] page=11 rows=100 kept=45 total=484
[EMAPI] page=12 rows=100 kept=51 total=534
[EMAPI] page=13 rows=100 kept=50 total=581
[EMAPI] page=14 rows=100 kept=49 total=628
[EMAPI] page=15 rows=100 kept=53 total=677
[EMAPI] page=16 rows=100 kept=50 total=726
[EMAPI] page=17 rows=100 kept=44 total=770
[EMAPI] page=18 rows=100 kept=39 total=809
[EMAPI] page=19 rows=100 kept=53 total=862
[EMAPI] page=20 rows=100 kept=47 total=907
[EMAPI] page=21 rows=100 kept=31 total=937
[EMAPI] page=22 rows=100 kept=35 total=970
[EMAPI] page=23 rows=100 kept=42 total=1011
[EMAPI] page=24 rows=100 kept=36 total=1047
[EMAPI] page=25 rows=100 kept=39 total=1086
[SCAN] round=26 market=1086 picks=3 ts=2026-03-23T06:22:01.735Z
[EMAPI] page=1 rows=100 kept=43 total=43
[EMAPI] page=2 rows=100 kept=43 total=86
[EMAPI] page=3 rows=100 kept=45 total=131
[EMAPI] page=4 rows=100 kept=46 total=177
[EMAPI] page=5 rows=100 kept=41 total=218
[EMAPI] page=6 rows=100 kept=44 total=262
[EMAPI] page=7 rows=100 kept=47 total=309
[EMAPI] page=8 rows=100 kept=45 total=354
[EMAPI] page=9 rows=100 kept=50 total=403
[EMAPI] page=10 rows=100 kept=45 total=445
[EMAPI] page=11 rows=100 kept=48 total=490
[EMAPI] page=12 rows=100 kept=54 total=542
[EMAPI] page=13 rows=100 kept=52 total=590
[EMAPI] page=14 rows=100 kept=44 total=633
[EMAPI] page=15 rows=100 kept=54 total=684
[EMAPI] page=16 rows=100 kept=45 total=729
[EMAPI] page=17 rows=100 kept=52 total=780
[EMAPI] page=18 rows=100 kept=43 total=822
[EMAPI] page=19 rows=100 kept=40 total=861
[EMAPI] page=20 rows=100 kept=37 total=897
[EMAPI] page=21 rows=100 kept=44 total=937
[EMAPI] page=22 rows=100 kept=41 total=978
[EMAPI] page=23 rows=100 kept=33 total=1011
[EMAPI] page=24 rows=100 kept=39 total=1050
[EMAPI] page=25 rows=100 kept=35 total=1080
[SCAN] round=27 market=1080 picks=3 ts=2026-03-23T06:23:02.200Z
[EMAPI] page=1 rows=100 kept=45 total=45
[EMAPI] page=2 rows=100 kept=41 total=86
[EMAPI] page=3 rows=100 kept=46 total=132
[EMAPI] page=4 rows=100 kept=44 total=176
[EMAPI] page=5 rows=100 kept=46 total=220
[EMAPI] page=6 rows=100 kept=42 total=260
[EMAPI] page=7 rows=100 kept=46 total=304
[EMAPI] page=8 rows=100 kept=44 total=347
[EMAPI] page=9 rows=100 kept=52 total=395
[EMAPI] page=10 rows=100 kept=48 total=438
[EMAPI] page=11 rows=100 kept=47 total=483
[EMAPI] page=12 rows=100 kept=50 total=530
[EMAPI] page=13 rows=100 kept=59 total=583
[EMAPI] page=14 rows=100 kept=49 total=626
[EMAPI] page=15 rows=100 kept=57 total=672
[EMAPI] page=16 rows=100 kept=49 total=720
[EMAPI] page=17 rows=100 kept=44 total=761
[EMAPI] page=18 rows=100 kept=35 total=791
[EMAPI] page=19 rows=100 kept=46 total=828
[EMAPI] page=20 rows=100 kept=48 total=876
[EMAPI] page=21 rows=100 kept=36 total=911
[EMAPI] page=22 rows=100 kept=30 total=941
[EMAPI] page=23 rows=100 kept=37 total=969
[EMAPI] page=24 rows=100 kept=37 total=1000
[EMAPI] page=25 rows=100 kept=31 total=1016
[SCAN] round=28 market=1016 picks=3 ts=2026-03-23T06:24:06.324Z
[EMAPI] page=1 rows=100 kept=45 total=45
[EMAPI] page=2 rows=100 kept=39 total=84
[EMAPI] page=3 rows=100 kept=49 total=132
[EMAPI] page=4 rows=100 kept=37 total=169
[EMAPI] page=5 rows=100 kept=41 total=210
[EMAPI] page=6 rows=100 kept=47 total=257
[EMAPI] page=7 rows=100 kept=41 total=296
[EMAPI] page=8 rows=100 kept=50 total=346
[EMAPI] page=9 rows=100 kept=48 total=392
[EMAPI] page=10 rows=100 kept=54 total=446
[EMAPI] page=11 rows=100 kept=44 total=487
[EMAPI] page=12 rows=100 kept=54 total=537
[EMAPI] page=13 rows=100 kept=49 total=584
[EMAPI] page=14 rows=100 kept=46 total=629
[EMAPI] page=15 rows=100 kept=55 total=681
[EMAPI] page=16 rows=100 kept=50 total=731
[EMAPI] page=17 rows=100 kept=54 total=782
[EMAPI] page=18 rows=100 kept=41 total=822
[EMAPI] page=19 rows=100 kept=48 total=865
[EMAPI] page=20 rows=100 kept=43 total=905
[EMAPI] page=21 rows=100 kept=43 total=946
[EMAPI] page=22 rows=100 kept=42 total=984
[EMAPI] page=23 rows=100 kept=35 total=1017
[EMAPI] page=24 rows=100 kept=29 total=1044
[EMAPI] page=25 rows=100 kept=35 total=1078
[SCAN] round=29 market=1078 picks=3 ts=2026-03-23T06:25:03.244Z
[EMAPI] page=1 rows=100 kept=45 total=45
[EMAPI] page=2 rows=100 kept=38 total=83
[EMAPI] page=3 rows=100 kept=50 total=133
[EMAPI] page=4 rows=100 kept=40 total=172
[EMAPI] page=5 rows=100 kept=41 total=212
[EMAPI] page=6 rows=100 kept=43 total=255
[EMAPI] page=7 rows=100 kept=43 total=297
[EMAPI] page=8 rows=100 kept=43 total=339
[EMAPI] page=9 rows=100 kept=48 total=386
[EMAPI] page=10 rows=100 kept=56 total=441
[EMAPI] page=11 rows=100 kept=43 total=482
[EMAPI] page=12 rows=100 kept=56 total=537
[EMAPI] page=13 rows=100 kept=44 total=579
[EMAPI] page=14 rows=100 kept=48 total=626
[EMAPI] page=15 rows=100 kept=49 total=669
[EMAPI] page=16 rows=100 kept=55 total=723
[EMAPI] page=17 rows=100 kept=51 total=772
[EMAPI] page=18 rows=100 kept=44 total=814
[EMAPI] page=19 rows=100 kept=47 total=861
[EMAPI] page=20 rows=100 kept=38 total=897
[EMAPI] page=21 rows=100 kept=37 total=931
[EMAPI] page=22 rows=100 kept=40 total=966
[EMAPI] page=23 rows=100 kept=46 total=1011
[EMAPI] page=24 rows=100 kept=40 total=1048
[EMAPI] page=25 rows=100 kept=38 total=1076
[SCAN] round=30 market=1076 picks=3 ts=2026-03-23T06:26:03.041Z
[EMAPI] page=1 rows=100 kept=45 total=45
[EMAPI] page=2 rows=100 kept=40 total=84
[EMAPI] page=3 rows=100 kept=46 total=130
[EMAPI] page=4 rows=100 kept=39 total=169
[EMAPI] page=5 rows=100 kept=42 total=211
[EMAPI] page=6 rows=100 kept=43 total=253
[EMAPI] page=7 rows=100 kept=40 total=293
[EMAPI] page=8 rows=100 kept=42 total=334
[EMAPI] page=9 rows=100 kept=49 total=382
[EMAPI] page=10 rows=100 kept=48 total=429
[EMAPI] page=11 rows=100 kept=56 total=481
[EMAPI] page=12 rows=100 kept=45 total=526
[EMAPI] page=13 rows=100 kept=51 total=575
[EMAPI] page=14 rows=100 kept=34 total=609
[EMAPI] page=15 rows=100 kept=51 total=659
[EMAPI] page=16 rows=100 kept=53 total=706
[EMAPI] page=17 rows=100 kept=52 total=756
[EMAPI] page=18 rows=100 kept=36 total=791
[EMAPI] page=19 rows=100 kept=45 total=836
[EMAPI] page=20 rows=100 kept=42 total=878
[EMAPI] page=21 rows=100 kept=41 total=919
[EMAPI] page=22 rows=100 kept=40 total=958
[EMAPI] page=23 rows=100 kept=45 total=1003
[EMAPI] page=24 rows=100 kept=38 total=1039
[EMAPI] page=25 rows=100 kept=36 total=1065
[SCAN] round=31 market=1065 picks=3 ts=2026-03-23T06:27:01.918Z
[EMAPI] page=1 rows=100 kept=45 total=45
[EMAPI] page=2 rows=100 kept=40 total=85
[EMAPI] page=3 rows=100 kept=45 total=128
[EMAPI] page=4 rows=100 kept=42 total=170
[EMAPI] page=5 rows=100 kept=40 total=209
[EMAPI] page=6 rows=100 kept=41 total=249
[EMAPI] page=7 rows=100 kept=41 total=290
[EMAPI] page=8 rows=100 kept=45 total=332
[EMAPI] page=9 rows=100 kept=44 total=373
[EMAPI] page=10 rows=100 kept=56 total=428
[EMAPI] page=11 rows=100 kept=49 total=477
[EMAPI] page=12 rows=100 kept=44 total=521
[EMAPI] page=13 rows=100 kept=42 total=559
[EMAPI] page=14 rows=100 kept=46 total=602
[EMAPI] page=15 rows=100 kept=50 total=652
[EMAPI] page=16 rows=100 kept=49 total=698
[EMAPI] page=17 rows=100 kept=51 total=743
[EMAPI] page=18 rows=100 kept=47 total=787
[EMAPI] page=19 rows=100 kept=46 total=831
[EMAPI] page=20 rows=100 kept=39 total=863
[EMAPI] page=21 rows=100 kept=53 total=911
[EMAPI] page=22 rows=100 kept=37 total=947
[EMAPI] page=23 rows=100 kept=43 total=985
[EMAPI] page=24 rows=100 kept=34 total=1012
[EMAPI] page=25 rows=100 kept=38 total=1045
[SCAN] round=32 market=1045 picks=4 ts=2026-03-23T06:28:01.995Z
[EMAPI] page=1 rows=100 kept=43 total=43
[EMAPI] page=2 rows=100 kept=41 total=84
[EMAPI] page=3 rows=100 kept=47 total=130
[EMAPI] page=4 rows=100 kept=40 total=170
[EMAPI] page=5 rows=100 kept=40 total=210
[EMAPI] page=6 rows=100 kept=39 total=249
[EMAPI] page=7 rows=100 kept=41 total=290
[EMAPI] page=8 rows=100 kept=46 total=334
[EMAPI] page=9 rows=100 kept=44 total=378
[EMAPI] page=10 rows=100 kept=50 total=428
[EMAPI] page=11 rows=100 kept=47 total=473
[EMAPI] page=12 rows=100 kept=45 total=518
[EMAPI] page=13 rows=100 kept=47 total=563
[EMAPI] page=14 rows=100 kept=48 total=611
[EMAPI] page=15 rows=100 kept=42 total=650
[EMAPI] page=16 rows=100 kept=52 total=702
[EMAPI] page=17 rows=100 kept=47 total=746
[EMAPI] page=18 rows=100 kept=49 total=790
[EMAPI] page=19 rows=100 kept=54 total=841
[EMAPI] page=20 rows=100 kept=42 total=877
[EMAPI] page=21 rows=100 kept=44 total=917
[EMAPI] page=22 rows=100 kept=42 total=958
[EMAPI] page=23 rows=100 kept=40 total=995
[EMAPI] page=24 rows=100 kept=42 total=1035
[EMAPI] page=25 rows=100 kept=38 total=1070
[SCAN] round=33 market=1070 picks=4 ts=2026-03-23T06:29:02.447Z
[EMAPI] page=1 rows=100 kept=45 total=45
[EMAPI] page=2 rows=100 kept=42 total=86
[EMAPI] page=3 rows=100 kept=46 total=132
[EMAPI] page=4 rows=100 kept=42 total=174
[EMAPI] page=5 rows=100 kept=41 total=213
[EMAPI] page=6 rows=100 kept=40 total=252
[EMAPI] page=7 rows=100 kept=47 total=299
[EMAPI] page=8 rows=100 kept=42 total=341
[EMAPI] page=9 rows=100 kept=40 total=380
[EMAPI] page=10 rows=100 kept=54 total=434
[EMAPI] page=11 rows=100 kept=49 total=483
[EMAPI] page=12 rows=100 kept=39 total=520
[EMAPI] page=13 rows=100 kept=51 total=568
[EMAPI] page=14 rows=100 kept=39 total=606
[EMAPI] page=15 rows=100 kept=45 total=644
[EMAPI] page=16 rows=100 kept=50 total=693
[EMAPI] page=17 rows=100 kept=45 total=732
[EMAPI] page=18 rows=100 kept=52 total=778
[EMAPI] page=19 rows=100 kept=48 total=823
[EMAPI] page=20 rows=100 kept=48 total=869
[EMAPI] page=21 rows=100 kept=43 total=907
[EMAPI] page=22 rows=100 kept=34 total=940
[EMAPI] page=23 rows=100 kept=47 total=987
[EMAPI] page=24 rows=100 kept=41 total=1020
[EMAPI] page=25 rows=100 kept=36 total=1054
[SCAN] round=34 market=1054 picks=5 ts=2026-03-23T06:30:02.305Z
[EMAPI] page=1 rows=100 kept=44 total=44
[EMAPI] page=2 rows=100 kept=45 total=89
[EMAPI] page=3 rows=100 kept=41 total=130
[EMAPI] page=4 rows=100 kept=41 total=171
[EMAPI] page=5 rows=100 kept=42 total=213
[EMAPI] page=6 rows=100 kept=39 total=252
[EMAPI] page=7 rows=100 kept=42 total=293
[EMAPI] page=8 rows=100 kept=44 total=334
[EMAPI] page=9 rows=100 kept=52 total=383
[EMAPI] page=10 rows=100 kept=51 total=430
[EMAPI] page=11 rows=100 kept=52 total=479
[EMAPI] page=12 rows=100 kept=40 total=514
[EMAPI] page=13 rows=100 kept=46 total=559
[EMAPI] page=14 rows=100 kept=48 total=606
[EMAPI] page=15 rows=100 kept=51 total=651
[EMAPI] page=16 rows=100 kept=52 total=696
[EMAPI] page=17 rows=100 kept=48 total=740
[EMAPI] page=18 rows=100 kept=48 total=778
[EMAPI] page=19 rows=100 kept=47 total=825
[EMAPI] page=20 rows=100 kept=47 total=870
[EMAPI] page=21 rows=100 kept=49 total=913
[EMAPI] page=22 rows=100 kept=32 total=942
[EMAPI] page=23 rows=100 kept=34 total=975
[EMAPI] page=24 rows=100 kept=28 total=999
[EMAPI] page=25 rows=100 kept=37 total=1036
[SCAN] round=35 market=1036 picks=4 ts=2026-03-23T06:31:02.022Z
[EMAPI] page=1 rows=100 kept=45 total=45
[EMAPI] page=2 rows=100 kept=46 total=91
[EMAPI] page=3 rows=100 kept=39 total=130
[EMAPI] page=4 rows=100 kept=46 total=176
[EMAPI] page=5 rows=100 kept=39 total=214
[EMAPI] page=6 rows=100 kept=41 total=255
[EMAPI] page=7 rows=100 kept=38 total=292
[EMAPI] page=8 rows=100 kept=47 total=339
[EMAPI] page=9 rows=100 kept=52 total=390
[EMAPI] page=10 rows=100 kept=51 total=439
[EMAPI] page=11 rows=100 kept=45 total=482
[EMAPI] page=12 rows=100 kept=47 total=529
[EMAPI] page=13 rows=100 kept=49 total=573
[EMAPI] page=14 rows=100 kept=49 total=621
[EMAPI] page=15 rows=100 kept=48 total=663
[EMAPI] page=16 rows=100 kept=47 total=705
[EMAPI] page=17 rows=100 kept=49 total=749
[EMAPI] page=18 rows=100 kept=54 total=798
[EMAPI] page=19 rows=100 kept=34 total=824
[EMAPI] page=20 rows=100 kept=46 total=867
[EMAPI] page=21 rows=100 kept=41 total=907
[EMAPI] page=22 rows=100 kept=34 total=941
[EMAPI] page=23 rows=100 kept=32 total=970
[EMAPI] page=24 rows=100 kept=35 total=999
[EMAPI] page=25 rows=100 kept=39 total=1036
[SCAN] round=36 market=1036 picks=5 ts=2026-03-23T06:32:02.898Z
[EMAPI] page=1 rows=100 kept=46 total=46
[EMAPI] page=2 rows=100 kept=45 total=91
[EMAPI] page=3 rows=100 kept=39 total=130
[EMAPI] page=4 rows=100 kept=45 total=175
[EMAPI] page=5 rows=100 kept=41 total=216
[EMAPI] page=6 rows=100 kept=36 total=251
[EMAPI] page=7 rows=100 kept=46 total=297
[EMAPI] page=8 rows=100 kept=42 total=339
[EMAPI] page=9 rows=100 kept=52 total=391
[EMAPI] page=10 rows=100 kept=46 total=437
[EMAPI] page=11 rows=100 kept=53 total=490
[EMAPI] page=12 rows=100 kept=42 total=531
[EMAPI] page=13 rows=100 kept=55 total=583
[EMAPI] page=14 rows=100 kept=34 total=617
[EMAPI] page=15 rows=100 kept=48 total=665
[EMAPI] page=16 rows=100 kept=46 total=711
[EMAPI] page=17 rows=100 kept=55 total=766
[EMAPI] page=18 rows=100 kept=47 total=812
[EMAPI] page=19 rows=100 kept=47 total=856
[EMAPI] page=20 rows=100 kept=34 total=887
[EMAPI] page=21 rows=100 kept=39 total=920
[EMAPI] page=22 rows=100 kept=40 total=960
[EMAPI] page=23 rows=100 kept=30 total=989
[EMAPI] page=24 rows=100 kept=43 total=1030
[EMAPI] page=25 rows=100 kept=37 total=1062
[SCAN] round=37 market=1062 picks=4 ts=2026-03-23T06:33:02.922Z
[EMAPI] page=1 rows=100 kept=45 total=45
[EMAPI] page=2 rows=100 kept=47 total=92
[EMAPI] page=3 rows=100 kept=40 total=130
[EMAPI] page=4 rows=100 kept=45 total=175
[EMAPI] page=5 rows=100 kept=42 total=217
[EMAPI] page=6 rows=100 kept=38 total=255
[EMAPI] page=7 rows=100 kept=45 total=300
[EMAPI] page=8 rows=100 kept=48 total=346
[EMAPI] page=9 rows=100 kept=50 total=395
[EMAPI] page=10 rows=100 kept=50 total=445
[EMAPI] page=11 rows=100 kept=41 total=486
[EMAPI] page=12 rows=100 kept=57 total=539
[EMAPI] page=13 rows=100 kept=49 total=588
[EMAPI] page=14 rows=100 kept=44 total=632
[EMAPI] page=15 rows=100 kept=41 total=671
[EMAPI] page=16 rows=100 kept=52 total=722
[EMAPI] page=17 rows=100 kept=54 total=774
[EMAPI] page=18 rows=100 kept=46 total=817
[EMAPI] page=19 rows=100 kept=44 total=859
[EMAPI] page=20 rows=100 kept=36 total=892
[EMAPI] page=21 rows=100 kept=39 total=925
[EMAPI] page=22 rows=100 kept=33 total=956
[EMAPI] page=23 rows=100 kept=43 total=998
[EMAPI] page=24 rows=100 kept=39 total=1034
[EMAPI] page=25 rows=100 kept=35 total=1062
[SCAN] round=38 market=1062 picks=5 ts=2026-03-23T06:34:02.745Z
[EMAPI] page=1 rows=100 kept=44 total=44
[EMAPI] page=2 rows=100 kept=47 total=90
[EMAPI] page=3 rows=100 kept=40 total=130
[EMAPI] page=4 rows=100 kept=45 total=175
[EMAPI] page=5 rows=100 kept=44 total=219
[EMAPI] page=6 rows=100 kept=40 total=257
[EMAPI] page=7 rows=100 kept=42 total=299
[EMAPI] page=8 rows=100 kept=50 total=348
[EMAPI] page=9 rows=100 kept=53 total=399
[EMAPI] page=10 rows=100 kept=51 total=446
[EMAPI] page=11 rows=100 kept=41 total=486
[EMAPI] page=12 rows=100 kept=54 total=538
[EMAPI] page=13 rows=100 kept=48 total=586
[EMAPI] page=14 rows=100 kept=45 total=627
[EMAPI] page=15 rows=100 kept=47 total=671
[EMAPI] page=16 rows=100 kept=46 total=716
[EMAPI] page=17 rows=100 kept=47 total=761
[EMAPI] page=18 rows=100 kept=43 total=803
[EMAPI] page=19 rows=100 kept=48 total=847
[EMAPI] page=20 rows=100 kept=27 total=871
[EMAPI] page=21 rows=100 kept=40 total=910
[EMAPI] page=22 rows=100 kept=42 total=949
[EMAPI] page=23 rows=100 kept=49 total=995
[EMAPI] page=24 rows=100 kept=37 total=1030
[EMAPI] page=25 rows=100 kept=37 total=1065
[SCAN] round=39 market=1065 picks=5 ts=2026-03-23T06:35:01.953Z
[EMAPI] page=1 rows=100 kept=44 total=44
[EMAPI] page=2 rows=100 kept=47 total=90
[EMAPI] page=3 rows=100 kept=35 total=125
[EMAPI] page=4 rows=100 kept=53 total=178
[EMAPI] page=5 rows=100 kept=44 total=222
[EMAPI] page=6 rows=100 kept=36 total=258
[EMAPI] page=7 rows=100 kept=45 total=303
[EMAPI] page=8 rows=100 kept=47 total=350
[EMAPI] page=9 rows=100 kept=51 total=401
[EMAPI] page=10 rows=100 kept=53 total=454
[EMAPI] page=11 rows=100 kept=46 total=498
[EMAPI] page=12 rows=100 kept=51 total=545
[EMAPI] page=13 rows=100 kept=48 total=587
[EMAPI] page=14 rows=100 kept=45 total=629
[EMAPI] page=15 rows=100 kept=48 total=674
[EMAPI] page=16 rows=100 kept=53 total=724
[EMAPI] page=17 rows=100 kept=49 total=767
[EMAPI] page=18 rows=100 kept=46 total=811
[EMAPI] page=19 rows=100 kept=42 total=853
[EMAPI] page=20 rows=100 kept=31 total=883
[EMAPI] page=21 rows=100 kept=39 total=922
[EMAPI] page=22 rows=100 kept=46 total=964
[EMAPI] page=23 rows=100 kept=41 total=1000
[EMAPI] page=24 rows=100 kept=46 total=1043
[EMAPI] page=25 rows=100 kept=39 total=1081
[SCAN] round=40 market=1081 picks=3 ts=2026-03-23T06:36:01.924Z
[EMAPI] page=1 rows=100 kept=43 total=43
[EMAPI] page=2 rows=100 kept=48 total=91
[EMAPI] page=3 rows=100 kept=38 total=129
[EMAPI] page=4 rows=100 kept=48 total=177
[EMAPI] page=5 rows=100 kept=46 total=221
[EMAPI] page=6 rows=100 kept=39 total=259
[EMAPI] page=7 rows=100 kept=42 total=301
[EMAPI] page=8 rows=100 kept=51 total=352
[EMAPI] page=9 rows=100 kept=47 total=396
[EMAPI] page=10 rows=100 kept=49 total=444
[EMAPI] page=11 rows=100 kept=42 total=486
[EMAPI] page=12 rows=100 kept=56 total=537
[EMAPI] page=13 rows=100 kept=51 total=585
[EMAPI] page=14 rows=100 kept=44 total=625
[EMAPI] page=15 rows=100 kept=47 total=669
[EMAPI] page=16 rows=100 kept=51 total=716
[EMAPI] page=17 rows=100 kept=57 total=771
[EMAPI] page=18 rows=100 kept=40 total=810
[EMAPI] page=19 rows=100 kept=41 total=847
[EMAPI] page=20 rows=100 kept=33 total=875
[EMAPI] page=21 rows=100 kept=39 total=912
[EMAPI] page=22 rows=100 kept=53 total=964
[EMAPI] page=23 rows=100 kept=35 total=998
[EMAPI] page=24 rows=100 kept=37 total=1035
[EMAPI] page=25 rows=100 kept=37 total=1069
[SCAN] round=41 market=1069 picks=5 ts=2026-03-23T06:37:01.777Z
[EMAPI] page=1 rows=100 kept=43 total=43
[EMAPI] page=2 rows=100 kept=47 total=90
[EMAPI] page=3 rows=100 kept=39 total=128
[EMAPI] page=4 rows=100 kept=47 total=175
[EMAPI] page=5 rows=100 kept=42 total=217
[EMAPI] page=6 rows=100 kept=40 total=256
[EMAPI] page=7 rows=100 kept=42 total=298
[EMAPI] page=8 rows=100 kept=51 total=349
[EMAPI] page=9 rows=100 kept=51 total=400
[EMAPI] page=10 rows=100 kept=49 total=448
[EMAPI] page=11 rows=100 kept=52 total=498
[EMAPI] page=12 rows=100 kept=48 total=545
[EMAPI] page=13 rows=100 kept=52 total=594
[EMAPI] page=14 rows=100 kept=47 total=638
[EMAPI] page=15 rows=100 kept=48 total=681
[EMAPI] page=16 rows=100 kept=49 total=728
[EMAPI] page=17 rows=100 kept=51 total=776
[EMAPI] page=18 rows=100 kept=40 total=810
[EMAPI] page=19 rows=100 kept=44 total=851
[EMAPI] page=20 rows=100 kept=36 total=886
[EMAPI] page=21 rows=100 kept=30 total=914
[EMAPI] page=22 rows=100 kept=47 total=958
[EMAPI] page=23 rows=100 kept=38 total=993
[EMAPI] page=24 rows=100 kept=40 total=1030
[EMAPI] page=25 rows=100 kept=41 total=1068
[SCAN] round=42 market=1068 picks=5 ts=2026-03-23T06:38:02.895Z
[EMAPI] page=1 rows=100 kept=43 total=43
[EMAPI] page=2 rows=100 kept=47 total=90
[EMAPI] page=3 rows=100 kept=36 total=125
[EMAPI] page=4 rows=100 kept=52 total=177
[EMAPI] page=5 rows=100 kept=41 total=216
[EMAPI] page=6 rows=100 kept=35 total=251
[EMAPI] page=7 rows=100 kept=50 total=300
[EMAPI] page=8 rows=100 kept=50 total=348
[EMAPI] page=9 rows=100 kept=54 total=398
[EMAPI] page=10 rows=100 kept=52 total=446
[EMAPI] page=11 rows=100 kept=46 total=492
[EMAPI] page=12 rows=100 kept=52 total=542
[EMAPI] page=13 rows=100 kept=50 total=589
[EMAPI] page=14 rows=100 kept=40 total=625
[EMAPI] page=15 rows=100 kept=55 total=680
[EMAPI] page=16 rows=100 kept=55 total=732
[EMAPI] page=17 rows=100 kept=55 total=782
[EMAPI] page=18 rows=100 kept=37 total=818
[EMAPI] page=19 rows=100 kept=40 total=857
[EMAPI] page=20 rows=100 kept=35 total=892
[EMAPI] page=21 rows=100 kept=45 total=935
[EMAPI] page=22 rows=100 kept=44 total=977
[EMAPI] page=23 rows=100 kept=36 total=1009
[EMAPI] page=24 rows=100 kept=42 total=1048
[EMAPI] page=25 rows=100 kept=36 total=1082
[SCAN] round=43 market=1082 picks=5 ts=2026-03-23T06:39:03.005Z
[EMAPI] page=1 rows=100 kept=46 total=46
[EMAPI] page=2 rows=100 kept=44 total=90
[EMAPI] page=3 rows=100 kept=40 total=129
[EMAPI] page=4 rows=100 kept=51 total=178
[EMAPI] page=5 rows=100 kept=41 total=219
[EMAPI] page=6 rows=100 kept=40 total=259
[EMAPI] page=7 rows=100 kept=45 total=304
[EMAPI] page=8 rows=100 kept=55 total=356
[EMAPI] page=9 rows=100 kept=49 total=405
[EMAPI] page=10 rows=100 kept=50 total=453
[EMAPI] page=11 rows=100 kept=56 total=507
[EMAPI] page=12 rows=100 kept=49 total=549
[EMAPI] page=13 rows=100 kept=42 total=589
[EMAPI] page=14 rows=100 kept=42 total=631
[EMAPI] page=15 rows=100 kept=49 total=676
[EMAPI] page=16 rows=100 kept=52 total=727
[EMAPI] page=17 rows=100 kept=51 total=777
[EMAPI] page=18 rows=100 kept=53 total=828
[EMAPI] page=19 rows=100 kept=30 total=858
[EMAPI] page=20 rows=100 kept=37 total=894
[EMAPI] page=21 rows=100 kept=36 total=929
[EMAPI] page=22 rows=100 kept=34 total=959
[EMAPI] page=23 rows=100 kept=42 total=998
[EMAPI] page=24 rows=100 kept=39 total=1036
[EMAPI] page=25 rows=100 kept=33 total=1067
[SCAN] round=44 market=1067 picks=5 ts=2026-03-23T06:40:02.327Z
[EMAPI] page=1 rows=100 kept=45 total=45
[EMAPI] page=2 rows=100 kept=48 total=92
[EMAPI] page=3 rows=100 kept=39 total=131
[EMAPI] page=4 rows=100 kept=46 total=177
[EMAPI] page=5 rows=100 kept=45 total=221
[EMAPI] page=6 rows=100 kept=38 total=259
[EMAPI] page=7 rows=100 kept=44 total=300
[EMAPI] page=8 rows=100 kept=51 total=349
[EMAPI] page=9 rows=100 kept=50 total=397
[EMAPI] page=10 rows=100 kept=53 total=450
[EMAPI] page=11 rows=100 kept=49 total=495
[EMAPI] page=12 rows=100 kept=52 total=544
[EMAPI] page=13 rows=100 kept=49 total=591
[EMAPI] page=14 rows=100 kept=45 total=633
[EMAPI] page=15 rows=100 kept=47 total=679
[EMAPI] page=16 rows=100 kept=50 total=725
[EMAPI] page=17 rows=100 kept=55 total=779
[EMAPI] page=18 rows=100 kept=50 total=823
[EMAPI] page=19 rows=100 kept=31 total=853
[EMAPI] page=20 rows=100 kept=39 total=891
[EMAPI] page=21 rows=100 kept=34 total=925
[EMAPI] page=22 rows=100 kept=39 total=958
[EMAPI] page=23 rows=100 kept=43 total=998
[EMAPI] page=24 rows=100 kept=39 total=1035
[EMAPI] page=25 rows=100 kept=36 total=1067
[SCAN] round=45 market=1067 picks=5 ts=2026-03-23T06:41:03.220Z
[EMAPI] page=1 rows=100 kept=45 total=45
[EMAPI] page=2 rows=100 kept=47 total=92
[EMAPI] page=3 rows=100 kept=42 total=134
[EMAPI] page=4 rows=100 kept=46 total=180
[EMAPI] page=5 rows=100 kept=41 total=221
[EMAPI] page=6 rows=100 kept=40 total=261
[EMAPI] page=7 rows=100 kept=45 total=305
[EMAPI] page=8 rows=100 kept=47 total=348
[EMAPI] page=9 rows=100 kept=54 total=401
[EMAPI] page=10 rows=100 kept=49 total=448
[EMAPI] page=11 rows=100 kept=46 total=493
[EMAPI] page=12 rows=100 kept=50 total=541
[EMAPI] page=13 rows=100 kept=48 total=587
[EMAPI] page=14 rows=100 kept=44 total=631
[EMAPI] page=15 rows=100 kept=44 total=674
[EMAPI] page=16 rows=100 kept=58 total=731
[EMAPI] page=17 rows=100 kept=56 total=783
[EMAPI] page=18 rows=100 kept=43 total=824
[EMAPI] page=19 rows=100 kept=46 total=866
[EMAPI] page=20 rows=100 kept=39 total=901
[EMAPI] page=21 rows=100 kept=29 total=924
[EMAPI] page=22 rows=100 kept=33 total=954
[EMAPI] page=23 rows=100 kept=46 total=995
[EMAPI] page=24 rows=100 kept=34 total=1029
[EMAPI] page=25 rows=100 kept=38 total=1064
[SCAN] round=46 market=1064 picks=5 ts=2026-03-23T06:42:03.031Z
[EMAPI] page=1 rows=100 kept=45 total=45
[EMAPI] page=2 rows=100 kept=48 total=93
[EMAPI] page=3 rows=100 kept=42 total=134
[EMAPI] page=4 rows=100 kept=47 total=181
[EMAPI] page=5 rows=100 kept=35 total=215
[EMAPI] page=6 rows=100 kept=44 total=257
[EMAPI] page=7 rows=100 kept=50 total=305
[EMAPI] page=8 rows=100 kept=45 total=349
[EMAPI] page=9 rows=100 kept=54 total=402
[EMAPI] page=10 rows=100 kept=47 total=447
[EMAPI] page=11 rows=100 kept=52 total=499
[EMAPI] page=12 rows=100 kept=47 total=543
[EMAPI] page=13 rows=100 kept=43 total=586
[EMAPI] page=14 rows=100 kept=43 total=628
[EMAPI] page=15 rows=100 kept=52 total=678
[EMAPI] page=16 rows=100 kept=53 total=729
[EMAPI] page=17 rows=100 kept=50 total=777
[EMAPI] page=18 rows=100 kept=52 total=826
[EMAPI] page=19 rows=100 kept=34 total=857
[EMAPI] page=20 rows=100 kept=33 total=888
[EMAPI] page=21 rows=100 kept=40 total=926
[EMAPI] page=22 rows=100 kept=42 total=963
[EMAPI] page=23 rows=100 kept=37 total=995
[EMAPI] page=24 rows=100 kept=40 total=1033
[EMAPI] page=25 rows=100 kept=50 total=1076
[SCAN] round=47 market=1076 picks=5 ts=2026-03-23T06:43:03.829Z
[EMAPI] page=1 rows=100 kept=46 total=46
[EMAPI] page=2 rows=100 kept=43 total=89
[EMAPI] page=3 rows=100 kept=43 total=131
[EMAPI] page=4 rows=100 kept=50 total=181
[EMAPI] page=5 rows=100 kept=38 total=219
[EMAPI] page=6 rows=100 kept=44 total=263
[EMAPI] page=7 rows=100 kept=40 total=302
[EMAPI] page=8 rows=100 kept=53 total=353
[EMAPI] page=9 rows=100 kept=55 total=406
[EMAPI] page=10 rows=100 kept=48 total=452
[EMAPI] page=11 rows=100 kept=52 total=502
[EMAPI] page=12 rows=100 kept=49 total=548
[EMAPI] page=13 rows=100 kept=41 total=587
[EMAPI] page=14 rows=100 kept=46 total=631
[EMAPI] page=15 rows=100 kept=50 total=677
[EMAPI] page=16 rows=100 kept=49 total=723
[EMAPI] page=17 rows=100 kept=51 total=774
[EMAPI] page=18 rows=100 kept=53 total=826
[EMAPI] page=19 rows=100 kept=38 total=860
[EMAPI] page=20 rows=100 kept=30 total=885
[EMAPI] page=21 rows=100 kept=41 total=921
[EMAPI] page=22 rows=100 kept=47 total=967
[EMAPI] page=23 rows=100 kept=39 total=1001
[EMAPI] page=24 rows=100 kept=43 total=1042
[EMAPI] page=25 rows=100 kept=34 total=1072
[SCAN] round=48 market=1072 picks=5 ts=2026-03-23T06:44:03.122Z
[EMAPI] page=1 rows=100 kept=45 total=45
[EMAPI] page=2 rows=100 kept=47 total=92
[EMAPI] page=3 rows=100 kept=39 total=131
[EMAPI] page=4 rows=100 kept=52 total=183
[EMAPI] page=5 rows=100 kept=36 total=219
[EMAPI] page=6 rows=100 kept=45 total=264
[EMAPI] page=7 rows=100 kept=46 total=309
[EMAPI] page=8 rows=100 kept=49 total=358
[EMAPI] page=9 rows=100 kept=55 total=411
[EMAPI] page=10 rows=100 kept=45 total=455
[EMAPI] page=11 rows=100 kept=55 total=507
[EMAPI] page=12 rows=100 kept=51 total=551
[EMAPI] page=13 rows=100 kept=44 total=590
[EMAPI] page=14 rows=100 kept=48 total=638
[EMAPI] page=15 rows=100 kept=44 total=678
[EMAPI] page=16 rows=100 kept=52 total=729
[EMAPI] page=17 rows=100 kept=46 total=774
[EMAPI] page=18 rows=100 kept=45 total=817
[EMAPI] page=19 rows=100 kept=37 total=850
[EMAPI] page=20 rows=100 kept=42 total=892
[EMAPI] page=21 rows=100 kept=40 total=932
[EMAPI] page=22 rows=100 kept=43 total=973
[EMAPI] page=23 rows=100 kept=38 total=1009
[EMAPI] page=24 rows=100 kept=39 total=1048
[EMAPI] page=25 rows=100 kept=37 total=1085
[SCAN] round=49 market=1085 picks=5 ts=2026-03-23T06:45:03.647Z
[EMAPI] page=1 rows=100 kept=45 total=45
[EMAPI] page=2 rows=100 kept=47 total=92
[EMAPI] page=3 rows=100 kept=39 total=131
[EMAPI] page=4 rows=100 kept=53 total=183
[EMAPI] page=5 rows=100 kept=36 total=218
[EMAPI] page=6 rows=100 kept=48 total=266
[EMAPI] page=7 rows=100 kept=42 total=307
[EMAPI] page=8 rows=100 kept=49 total=355
[EMAPI] page=9 rows=100 kept=59 total=413
[EMAPI] page=10 rows=100 kept=46 total=458
[EMAPI] page=11 rows=100 kept=50 total=506
[EMAPI] page=12 rows=100 kept=49 total=553
[EMAPI] page=13 rows=100 kept=44 total=595
[EMAPI] page=14 rows=100 kept=48 total=643
[EMAPI] page=15 rows=100 kept=46 total=689
[EMAPI] page=16 rows=100 kept=49 total=737
[EMAPI] page=17 rows=100 kept=48 total=784
[EMAPI] page=18 rows=100 kept=40 total=820
[EMAPI] page=19 rows=100 kept=37 total=856
[EMAPI] page=20 rows=100 kept=44 total=896
[EMAPI] page=21 rows=100 kept=40 total=933
[EMAPI] page=22 rows=100 kept=42 total=974
[EMAPI] page=23 rows=100 kept=43 total=1011
[EMAPI] page=24 rows=100 kept=27 total=1038
[EMAPI] page=25 rows=100 kept=48 total=1085
[SCAN] round=50 market=1085 picks=5 ts=2026-03-23T06:46:04.074Z
[EMAPI] page=1 rows=100 kept=44 total=44
[EMAPI] page=2 rows=100 kept=49 total=93
[EMAPI] page=3 rows=100 kept=40 total=133
[EMAPI] page=4 rows=100 kept=49 total=182
[EMAPI] page=5 rows=100 kept=38 total=220
[EMAPI] page=6 rows=100 kept=46 total=266
[EMAPI] page=7 rows=100 kept=49 total=313
[EMAPI] page=8 rows=100 kept=48 total=361
[EMAPI] page=9 rows=100 kept=51 total=412
[EMAPI] page=10 rows=100 kept=45 total=456
[EMAPI] page=11 rows=100 kept=58 total=513
[EMAPI] page=12 rows=100 kept=46 total=558
[EMAPI] page=13 rows=100 kept=45 total=601
[EMAPI] page=14 rows=100 kept=54 total=654
[EMAPI] page=15 rows=100 kept=46 total=699
[EMAPI] page=16 rows=100 kept=45 total=744
[EMAPI] page=17 rows=100 kept=45 total=787
[EMAPI] page=18 rows=100 kept=33 total=818
[EMAPI] page=19 rows=100 kept=44 total=854
[EMAPI] page=20 rows=100 kept=51 total=900
[EMAPI] page=21 rows=100 kept=50 total=948
[EMAPI] page=22 rows=100 kept=48 total=989
[EMAPI] page=23 rows=100 kept=33 total=1020
[EMAPI] page=24 rows=100 kept=41 total=1060
[EMAPI] page=25 rows=100 kept=45 total=1100
[SCAN] round=51 market=1100 picks=4 ts=2026-03-23T06:47:02.003Z
[EMAPI] page=1 rows=100 kept=44 total=44
[EMAPI] page=2 rows=100 kept=48 total=92
[EMAPI] page=3 rows=100 kept=42 total=134
[EMAPI] page=4 rows=100 kept=49 total=182
[EMAPI] page=5 rows=100 kept=37 total=218
[EMAPI] page=6 rows=100 kept=51 total=269
[EMAPI] page=7 rows=100 kept=44 total=312
[EMAPI] page=8 rows=100 kept=50 total=362
[EMAPI] page=9 rows=100 kept=50 total=411
[EMAPI] page=10 rows=100 kept=42 total=452
[EMAPI] page=11 rows=100 kept=59 total=510
[EMAPI] page=12 rows=100 kept=45 total=553
[EMAPI] page=13 rows=100 kept=56 total=604
[EMAPI] page=14 rows=100 kept=52 total=651
[EMAPI] page=15 rows=100 kept=49 total=699
[EMAPI] page=16 rows=100 kept=40 total=735
[EMAPI] page=17 rows=100 kept=30 total=762
[EMAPI] page=18 rows=100 kept=43 total=804
[EMAPI] page=19 rows=100 kept=44 total=846
[EMAPI] page=20 rows=100 kept=47 total=890
[EMAPI] page=21 rows=100 kept=38 total=927
[EMAPI] page=22 rows=100 kept=46 total=972
[EMAPI] page=23 rows=100 kept=38 total=1009
[EMAPI] page=24 rows=100 kept=43 total=1051
[EMAPI] page=25 rows=100 kept=43 total=1093
[SCAN] round=52 market=1093 picks=4 ts=2026-03-23T06:48:01.827Z
[EMAPI] page=1 rows=100 kept=44 total=44
[EMAPI] page=2 rows=100 kept=47 total=91
[EMAPI] page=3 rows=100 kept=41 total=132
[EMAPI] page=4 rows=100 kept=51 total=183
[EMAPI] page=5 rows=100 kept=43 total=225
[EMAPI] page=6 rows=100 kept=44 total=268
[EMAPI] page=7 rows=100 kept=48 total=315
[EMAPI] page=8 rows=100 kept=55 total=369
[EMAPI] page=9 rows=100 kept=53 total=418
[EMAPI] page=10 rows=100 kept=47 total=464
[EMAPI] page=11 rows=100 kept=53 total=513
[EMAPI] page=12 rows=100 kept=46 total=557
[EMAPI] page=13 rows=100 kept=52 total=609
[EMAPI] page=14 rows=100 kept=51 total=658
[EMAPI] page=15 rows=100 kept=45 total=700
[EMAPI] page=16 rows=100 kept=48 total=748
[EMAPI] page=17 rows=100 kept=23 total=771
[EMAPI] page=18 rows=100 kept=45 total=813
[EMAPI] page=19 rows=100 kept=49 total=860
[EMAPI] page=20 rows=100 kept=47 total=905
[EMAPI] page=21 rows=100 kept=39 total=944
[EMAPI] page=22 rows=100 kept=44 total=986
[EMAPI] page=23 rows=100 kept=39 total=1021
[EMAPI] page=24 rows=100 kept=41 total=1059
[EMAPI] page=25 rows=100 kept=38 total=1094
[SCAN] round=53 market=1094 picks=4 ts=2026-03-23T06:49:02.513Z
[EMAPI] page=1 rows=100 kept=45 total=45
[EMAPI] page=2 rows=100 kept=48 total=93
[EMAPI] page=3 rows=100 kept=40 total=133
[EMAPI] page=4 rows=100 kept=53 total=185
[EMAPI] page=5 rows=100 kept=38 total=223
[EMAPI] page=6 rows=100 kept=49 total=272
[EMAPI] page=7 rows=100 kept=48 total=320
[EMAPI] page=8 rows=100 kept=53 total=364
[EMAPI] page=9 rows=100 kept=53 total=416
[EMAPI] page=10 rows=100 kept=43 total=458
[EMAPI] page=11 rows=100 kept=56 total=513
[EMAPI] page=12 rows=100 kept=47 total=555
[EMAPI] page=13 rows=100 kept=54 total=607
[EMAPI] page=14 rows=100 kept=53 total=658
[EMAPI] page=15 rows=100 kept=47 total=704
[EMAPI] page=16 rows=100 kept=43 total=743
[EMAPI] page=17 rows=100 kept=25 total=767
[EMAPI] page=18 rows=100 kept=41 total=808
[EMAPI] page=19 rows=100 kept=59 total=864
[EMAPI] page=20 rows=100 kept=43 total=904
[EMAPI] page=21 rows=100 kept=39 total=938
[EMAPI] page=22 rows=100 kept=44 total=980
[EMAPI] page=23 rows=100 kept=40 total=1017
[EMAPI] page=24 rows=100 kept=41 total=1050
[EMAPI] page=25 rows=100 kept=43 total=1090
[SCAN] round=54 market=1090 picks=4 ts=2026-03-23T06:50:03.534Z
[EMAPI] page=1 rows=100 kept=44 total=44
[EMAPI] page=2 rows=100 kept=47 total=91
[EMAPI] page=3 rows=100 kept=42 total=133
[EMAPI] page=4 rows=100 kept=51 total=183
[EMAPI] page=5 rows=100 kept=40 total=223
[EMAPI] page=6 rows=100 kept=49 total=272
[EMAPI] page=7 rows=100 kept=45 total=317
[EMAPI] page=8 rows=100 kept=52 total=369
[EMAPI] page=9 rows=100 kept=51 total=418
[EMAPI] page=10 rows=100 kept=49 total=467
[EMAPI] page=11 rows=100 kept=56 total=522
[EMAPI] page=12 rows=100 kept=50 total=572
[EMAPI] page=13 rows=100 kept=46 total=616
[EMAPI] page=14 rows=100 kept=56 total=671
[EMAPI] page=15 rows=100 kept=45 total=713
[EMAPI] page=16 rows=100 kept=45 total=754
[EMAPI] page=17 rows=100 kept=34 total=785
[EMAPI] page=18 rows=100 kept=32 total=816
[EMAPI] page=19 rows=100 kept=50 total=862
[EMAPI] page=20 rows=100 kept=44 total=900
[EMAPI] page=21 rows=100 kept=43 total=941
[EMAPI] page=22 rows=100 kept=38 total=976
[EMAPI] page=23 rows=100 kept=42 total=1010
[EMAPI] page=24 rows=100 kept=43 total=1050
[EMAPI] page=25 rows=100 kept=42 total=1091
[SCAN] round=55 market=1091 picks=4 ts=2026-03-23T06:51:02.830Z
[EMAPI] page=1 rows=100 kept=44 total=44
[EMAPI] page=2 rows=100 kept=47 total=91
[EMAPI] page=3 rows=100 kept=42 total=133
[EMAPI] page=4 rows=100 kept=49 total=181
[EMAPI] page=5 rows=100 kept=42 total=223
[EMAPI] page=6 rows=100 kept=47 total=270
[EMAPI] page=7 rows=100 kept=44 total=314
[EMAPI] page=8 rows=100 kept=49 total=363
[EMAPI] page=9 rows=100 kept=53 total=416
[EMAPI] page=10 rows=100 kept=41 total=454
[EMAPI] page=11 rows=100 kept=50 total=504
[EMAPI] page=12 rows=100 kept=51 total=553
[EMAPI] page=13 rows=100 kept=51 total=602
[EMAPI] page=14 rows=100 kept=49 total=647
[EMAPI] page=15 rows=100 kept=47 total=692
[EMAPI] page=16 rows=100 kept=43 total=735
[EMAPI] page=17 rows=100 kept=38 total=771
[EMAPI] page=18 rows=100 kept=34 total=802
[EMAPI] page=19 rows=100 kept=48 total=847
[EMAPI] page=20 rows=100 kept=44 total=883
[EMAPI] page=21 rows=100 kept=45 total=927
[EMAPI] page=22 rows=100 kept=46 total=969
[EMAPI] page=23 rows=100 kept=43 total=1010
[EMAPI] page=24 rows=100 kept=42 total=1043
[EMAPI] page=25 rows=100 kept=41 total=1078
[SCAN] round=56 market=1078 picks=4 ts=2026-03-23T06:52:01.934Z
[EMAPI] page=1 rows=100 kept=44 total=44
[EMAPI] page=2 rows=100 kept=48 total=92
[EMAPI] page=3 rows=100 kept=43 total=134
[EMAPI] page=4 rows=100 kept=48 total=182
[EMAPI] page=5 rows=100 kept=45 total=226
[EMAPI] page=6 rows=100 kept=47 total=273
[EMAPI] page=7 rows=100 kept=50 total=320
[EMAPI] page=8 rows=100 kept=50 total=370
[EMAPI] page=9 rows=100 kept=50 total=420
[EMAPI] page=10 rows=100 kept=48 total=465
[EMAPI] page=11 rows=100 kept=51 total=515
[EMAPI] page=12 rows=100 kept=49 total=562
[EMAPI] page=13 rows=100 kept=49 total=610
[EMAPI] page=14 rows=100 kept=53 total=660
[EMAPI] page=15 rows=100 kept=46 total=705
[EMAPI] page=16 rows=100 kept=42 total=747
[EMAPI] page=17 rows=100 kept=39 total=785
[EMAPI] page=18 rows=100 kept=34 total=819
[EMAPI] page=19 rows=100 kept=40 total=857
[EMAPI] page=20 rows=100 kept=44 total=899
[EMAPI] page=21 rows=100 kept=46 total=941
[EMAPI] page=22 rows=100 kept=45 total=978
[EMAPI] page=23 rows=100 kept=45 total=1022
[EMAPI] page=24 rows=100 kept=41 total=1060
[EMAPI] page=25 rows=100 kept=50 total=1110
[SCAN] round=57 market=1110 picks=4 ts=2026-03-23T06:53:03.264Z
[EMAPI] page=1 rows=100 kept=43 total=43
[EMAPI] page=2 rows=100 kept=48 total=91
[EMAPI] page=3 rows=100 kept=41 total=131
[EMAPI] page=4 rows=100 kept=51 total=182
[EMAPI] page=5 rows=100 kept=39 total=221
[EMAPI] page=6 rows=100 kept=48 total=269
[EMAPI] page=7 rows=100 kept=51 total=319
[EMAPI] page=8 rows=100 kept=50 total=367
[EMAPI] page=9 rows=100 kept=54 total=420
[EMAPI] page=10 rows=100 kept=45 total=464
[EMAPI] page=11 rows=100 kept=53 total=516
[EMAPI] page=12 rows=100 kept=45 total=559
[EMAPI] page=13 rows=100 kept=59 total=617
[EMAPI] page=14 rows=100 kept=49 total=662
[EMAPI] page=15 rows=100 kept=42 total=703
[EMAPI] page=16 rows=100 kept=47 total=747
[EMAPI] page=17 rows=100 kept=48 total=795
[EMAPI] page=18 rows=100 kept=32 total=824
[EMAPI] page=19 rows=100 kept=33 total=856
[EMAPI] page=20 rows=100 kept=48 total=903
[EMAPI] page=21 rows=100 kept=36 total=937
[EMAPI] page=22 rows=100 kept=42 total=977
[EMAPI] page=23 rows=100 kept=46 total=1020
[EMAPI] page=24 rows=100 kept=44 total=1063
[EMAPI] page=25 rows=100 kept=51 total=1111
[SCAN] round=58 market=1111 picks=6 ts=2026-03-23T06:54:01.981Z
[EMAPI] page=1 rows=100 kept=43 total=43
[EMAPI] page=2 rows=100 kept=49 total=92
[EMAPI] page=3 rows=100 kept=41 total=133
[EMAPI] page=4 rows=100 kept=51 total=181
[EMAPI] page=5 rows=100 kept=41 total=220
[EMAPI] page=6 rows=100 kept=50 total=270
[EMAPI] page=7 rows=100 kept=48 total=318
[EMAPI] page=8 rows=100 kept=44 total=362
[EMAPI] page=9 rows=100 kept=52 total=411
[EMAPI] page=10 rows=100 kept=49 total=457
[EMAPI] page=11 rows=100 kept=54 total=511
[EMAPI] page=12 rows=100 kept=46 total=553
[EMAPI] page=13 rows=100 kept=54 total=604
[EMAPI] page=14 rows=100 kept=53 total=653
[EMAPI] page=15 rows=100 kept=51 total=700
[EMAPI] page=16 rows=100 kept=39 total=737
[EMAPI] page=17 rows=100 kept=42 total=778
[EMAPI] page=18 rows=100 kept=43 total=820
[EMAPI] page=19 rows=100 kept=37 total=853
[EMAPI] page=20 rows=100 kept=37 total=885
[EMAPI] page=21 rows=100 kept=36 total=917
[EMAPI] page=22 rows=100 kept=52 total=964
[EMAPI] page=23 rows=100 kept=42 total=999
[EMAPI] page=24 rows=100 kept=46 total=1040
[EMAPI] page=25 rows=100 kept=37 total=1074
[SCAN] round=59 market=1074 picks=6 ts=2026-03-23T06:55:01.907Z
[EMAPI] page=1 rows=100 kept=44 total=44
[EMAPI] page=2 rows=100 kept=44 total=88
[EMAPI] page=3 rows=100 kept=47 total=135
[EMAPI] page=4 rows=100 kept=44 total=179
[EMAPI] page=5 rows=100 kept=42 total=221
[EMAPI] page=6 rows=100 kept=48 total=269
[EMAPI] page=7 rows=100 kept=49 total=317
[EMAPI] page=8 rows=100 kept=46 total=361
[EMAPI] page=9 rows=100 kept=56 total=411
[EMAPI] page=10 rows=100 kept=50 total=460
[EMAPI] page=11 rows=100 kept=53 total=513
[EMAPI] page=12 rows=100 kept=50 total=562
[EMAPI] page=13 rows=100 kept=51 total=612
[EMAPI] page=14 rows=100 kept=55 total=659
[EMAPI] page=15 rows=100 kept=43 total=702
[EMAPI] page=16 rows=100 kept=47 total=748
[EMAPI] page=17 rows=100 kept=47 total=793
[EMAPI] page=18 rows=100 kept=40 total=831
[EMAPI] page=19 rows=100 kept=39 total=870
[EMAPI] page=20 rows=100 kept=32 total=895
[EMAPI] page=21 rows=100 kept=39 total=929
[EMAPI] page=22 rows=100 kept=36 total=961
[EMAPI] page=23 rows=100 kept=47 total=1006
[EMAPI] page=24 rows=100 kept=42 total=1041
[EMAPI] page=25 rows=100 kept=43 total=1081
[SCAN] round=60 market=1081 picks=6 ts=2026-03-23T06:56:03.153Z
[EMAPI] page=1 rows=100 kept=44 total=44
[EMAPI] page=2 rows=100 kept=48 total=92
[EMAPI] page=3 rows=100 kept=42 total=134
[EMAPI] page=4 rows=100 kept=42 total=176
[EMAPI] page=5 rows=100 kept=43 total=218
[EMAPI] page=6 rows=100 kept=47 total=264
[EMAPI] page=7 rows=100 kept=53 total=316
[EMAPI] page=8 rows=100 kept=50 total=360
[EMAPI] page=9 rows=100 kept=48 total=406
[EMAPI] page=10 rows=100 kept=48 total=454
[EMAPI] page=11 rows=100 kept=45 total=498
[EMAPI] page=12 rows=100 kept=53 total=548
[EMAPI] page=13 rows=100 kept=57 total=601
[EMAPI] page=14 rows=100 kept=50 total=650
[EMAPI] page=15 rows=100 kept=50 total=698
[EMAPI] page=16 rows=100 kept=50 total=747
[EMAPI] page=17 rows=100 kept=45 total=792
[EMAPI] page=18 rows=100 kept=48 total=838
[EMAPI] page=19 rows=100 kept=42 total=879
[EMAPI] page=20 rows=100 kept=37 total=915
[EMAPI] page=21 rows=100 kept=32 total=947
[EMAPI] page=22 rows=100 kept=39 total=986
[EMAPI] page=23 rows=100 kept=43 total=1029
[EMAPI] page=24 rows=100 kept=38 total=1067
[EMAPI] page=25 rows=100 kept=41 total=1108
[SCAN] round=61 market=1108 picks=7 ts=2026-03-23T06:57:02.777Z
[EMAPI] page=1 rows=100 kept=44 total=44
[EMAPI] page=2 rows=100 kept=47 total=91
[EMAPI] page=3 rows=100 kept=44 total=135
[EMAPI] page=4 rows=100 kept=42 total=177
[EMAPI] page=5 rows=100 kept=44 total=221
[EMAPI] page=6 rows=100 kept=48 total=269
[EMAPI] page=7 rows=100 kept=52 total=321
[EMAPI] page=8 rows=100 kept=48 total=369
[EMAPI] page=9 rows=100 kept=48 total=417
[EMAPI] page=10 rows=100 kept=48 total=465
[EMAPI] page=11 rows=100 kept=45 total=510
[EMAPI] page=12 rows=100 kept=53 total=563
[EMAPI] page=13 rows=100 kept=57 total=620
[EMAPI] page=14 rows=100 kept=49 total=669
[EMAPI] page=15 rows=100 kept=53 total=722
[EMAPI] page=16 rows=100 kept=48 total=770
[EMAPI] page=17 rows=100 kept=44 total=814
[EMAPI] page=18 rows=100 kept=46 total=860
[EMAPI] page=19 rows=100 kept=42 total=902
[EMAPI] page=20 rows=100 kept=37 total=939
[EMAPI] page=21 rows=100 kept=32 total=971
[EMAPI] page=22 rows=100 kept=39 total=1010
[EMAPI] page=23 rows=100 kept=43 total=1053
[EMAPI] page=24 rows=100 kept=37 total=1090
[EMAPI] page=25 rows=100 kept=42 total=1132
[SCAN] round=62 market=1132 picks=7 ts=2026-03-23T06:58:01.891Z
[EMAPI] page=1 rows=100 kept=44 total=44
[EMAPI] page=2 rows=100 kept=47 total=91
[EMAPI] page=3 rows=100 kept=44 total=135
[EMAPI] page=4 rows=100 kept=42 total=177
[EMAPI] page=5 rows=100 kept=44 total=221
[EMAPI] page=6 rows=100 kept=48 total=269
[EMAPI] page=7 rows=100 kept=52 total=321
[EMAPI] page=8 rows=100 kept=48 total=369
[EMAPI] page=9 rows=100 kept=48 total=417
[EMAPI] page=10 rows=100 kept=48 total=465
[EMAPI] page=11 rows=100 kept=45 total=510
[EMAPI] page=12 rows=100 kept=53 total=563
[EMAPI] page=13 rows=100 kept=57 total=620
[EMAPI] page=14 rows=100 kept=49 total=669
[EMAPI] page=15 rows=100 kept=53 total=722
[EMAPI] page=16 rows=100 kept=48 total=770
[EMAPI] page=17 rows=100 kept=44 total=814
[EMAPI] page=18 rows=100 kept=46 total=860
[EMAPI] page=19 rows=100 kept=42 total=902
[EMAPI] page=20 rows=100 kept=37 total=939
[EMAPI] page=21 rows=100 kept=32 total=971
[EMAPI] page=22 rows=100 kept=39 total=1010
[EMAPI] page=23 rows=100 kept=43 total=1053
[EMAPI] page=24 rows=100 kept=37 total=1090
[EMAPI] page=25 rows=100 kept=42 total=1132
[SCAN] round=63 market=1132 picks=7 ts=2026-03-23T06:59:01.968Z
[EMAPI] page=1 rows=100 kept=44 total=44
[EMAPI] page=2 rows=100 kept=47 total=91
[EMAPI] page=3 rows=100 kept=44 total=135
[EMAPI] page=4 rows=100 kept=42 total=177
[EMAPI] page=5 rows=100 kept=44 total=221
[EMAPI] page=6 rows=100 kept=48 total=269
[EMAPI] page=7 rows=100 kept=52 total=321
[EMAPI] page=8 rows=100 kept=48 total=369
[EMAPI] page=9 rows=100 kept=48 total=417
[EMAPI] page=10 rows=100 kept=48 total=464
[EMAPI] page=11 rows=100 kept=45 total=509
[EMAPI] page=12 rows=100 kept=53 total=561
[EMAPI] page=13 rows=100 kept=58 total=618
[EMAPI] page=14 rows=100 kept=49 total=667
[EMAPI] page=15 rows=100 kept=52 total=710
[EMAPI] page=16 rows=100 kept=53 total=760
[EMAPI] page=17 rows=100 kept=45 total=803
[EMAPI] page=18 rows=100 kept=52 total=848
[EMAPI] page=19 rows=100 kept=40 total=886
[EMAPI] page=20 rows=100 kept=38 total=921
[EMAPI] page=21 rows=100 kept=32 total=951
[EMAPI] page=22 rows=100 kept=34 total=978
[EMAPI] page=23 rows=100 kept=50 total=1027
[EMAPI] page=24 rows=100 kept=30 total=1057
[EMAPI] page=25 rows=100 kept=41 total=1090
[SCAN] round=64 market=1090 picks=7 ts=2026-03-23T07:00:03.197Z
[EMAPI] page=1 rows=100 kept=44 total=44
[EMAPI] page=2 rows=100 kept=49 total=93
[EMAPI] page=3 rows=100 kept=44 total=137
[EMAPI] page=4 rows=100 kept=43 total=180
[EMAPI] page=5 rows=100 kept=36 total=216
[EMAPI] page=6 rows=100 kept=51 total=267
[EMAPI] page=7 rows=100 kept=48 total=315
[EMAPI] page=8 rows=100 kept=45 total=360
[EMAPI] page=9 rows=100 kept=51 total=411
[EMAPI] page=10 rows=100 kept=48 total=459
[EMAPI] page=11 rows=100 kept=50 total=509
[EMAPI] page=12 rows=100 kept=51 total=560
[EMAPI] page=13 rows=100 kept=48 total=608
[EMAPI] page=14 rows=100 kept=53 total=661
[EMAPI] page=15 rows=100 kept=48 total=709
[EMAPI] page=16 rows=100 kept=49 total=758
[EMAPI] page=17 rows=100 kept=45 total=803
[EMAPI] page=18 rows=100 kept=50 total=853
[EMAPI] page=19 rows=100 kept=46 total=899
[EMAPI] page=20 rows=100 kept=41 total=940
[EMAPI] page=21 rows=100 kept=31 total=971
[EMAPI] page=22 rows=100 kept=36 total=1007
[EMAPI] page=23 rows=100 kept=47 total=1054
[EMAPI] page=24 rows=100 kept=33 total=1087
[EMAPI] page=25 rows=100 kept=40 total=1127
[SCAN] round=65 market=1127 picks=7 ts=2026-03-23T07:01:01.988Z
[EMAPI] page=1 rows=100 kept=44 total=44
[EMAPI] page=2 rows=100 kept=49 total=93
[EMAPI] page=3 rows=100 kept=44 total=137
[EMAPI] page=4 rows=100 kept=43 total=180
[EMAPI] page=5 rows=100 kept=36 total=216
[EMAPI] page=6 rows=100 kept=51 total=267
[EMAPI] page=7 rows=100 kept=48 total=315
[EMAPI] page=8 rows=100 kept=45 total=360
[EMAPI] page=9 rows=100 kept=51 total=411
[EMAPI] page=10 rows=100 kept=48 total=459
[EMAPI] page=11 rows=100 kept=50 total=509
[EMAPI] page=12 rows=100 kept=51 total=560
[EMAPI] page=13 rows=100 kept=48 total=608
[EMAPI] page=14 rows=100 kept=53 total=661
[EMAPI] page=15 rows=100 kept=48 total=709
[EMAPI] page=16 rows=100 kept=49 total=758
[EMAPI] page=17 rows=100 kept=45 total=803
[EMAPI] page=18 rows=100 kept=50 total=853
[EMAPI] page=19 rows=100 kept=46 total=899
[EMAPI] page=20 rows=100 kept=41 total=940
[EMAPI] page=21 rows=100 kept=31 total=971
[EMAPI] page=22 rows=100 kept=36 total=1007
[EMAPI] page=23 rows=100 kept=47 total=1054
[EMAPI] page=24 rows=100 kept=33 total=1087
[EMAPI] page=25 rows=100 kept=40 total=1127
[SCAN] round=66 market=1127 picks=7 ts=2026-03-23T07:02:02.137Z
[EMAPI] page=1 rows=100 kept=44 total=44
[EMAPI] page=2 rows=100 kept=49 total=93
[EMAPI] page=3 rows=100 kept=44 total=137
[EMAPI] page=4 rows=100 kept=43 total=180
[EMAPI] page=5 rows=100 kept=36 total=216
[EMAPI] page=6 rows=100 kept=51 total=267
[EMAPI] page=7 rows=100 kept=48 total=315
[EMAPI] page=8 rows=100 kept=45 total=360
[EMAPI] page=9 rows=100 kept=51 total=411
[EMAPI] page=10 rows=100 kept=48 total=459
[EMAPI] page=11 rows=100 kept=50 total=509
[EMAPI] page=12 rows=100 kept=51 total=560
[EMAPI] page=13 rows=100 kept=48 total=608
[EMAPI] page=14 rows=100 kept=53 total=661
[EMAPI] page=15 rows=100 kept=48 total=709
[EMAPI] page=16 rows=100 kept=49 total=758
[EMAPI] page=17 rows=100 kept=45 total=803
[EMAPI] page=18 rows=100 kept=50 total=853
[EMAPI] page=19 rows=100 kept=46 total=899
[EMAPI] page=20 rows=100 kept=41 total=940
[EMAPI] page=21 rows=100 kept=31 total=971
[EMAPI] page=22 rows=100 kept=36 total=1007
[EMAPI] page=23 rows=100 kept=47 total=1054
[EMAPI] page=24 rows=100 kept=33 total=1087
[EMAPI] page=25 rows=100 kept=40 total=1127
[SCAN] round=67 market=1127 picks=7 ts=2026-03-23T07:03:01.804Z
[EMAPI] page=1 rows=100 kept=44 total=44
[EMAPI] page=2 rows=100 kept=49 total=93
[EMAPI] page=3 rows=100 kept=44 total=137
[EMAPI] page=4 rows=100 kept=43 total=180
[EMAPI] page=5 rows=100 kept=36 total=216
[EMAPI] page=6 rows=100 kept=51 total=267
[EMAPI] page=7 rows=100 kept=48 total=315
[EMAPI] page=8 rows=100 kept=45 total=360
[EMAPI] page=9 rows=100 kept=51 total=411
[EMAPI] page=10 rows=100 kept=48 total=459
[EMAPI] page=11 rows=100 kept=50 total=509
[EMAPI] page=12 rows=100 kept=51 total=560
[EMAPI] page=13 rows=100 kept=48 total=608
[EMAPI] page=14 rows=100 kept=53 total=661
[EMAPI] page=15 rows=100 kept=48 total=709
[EMAPI] page=16 rows=100 kept=49 total=758
[EMAPI] page=17 rows=100 kept=45 total=803
[EMAPI] page=18 rows=100 kept=50 total=853
[EMAPI] page=19 rows=100 kept=46 total=899
[EMAPI] page=20 rows=100 kept=41 total=940
[EMAPI] page=21 rows=100 kept=31 total=971
[EMAPI] page=22 rows=100 kept=36 total=1007
[EMAPI] page=23 rows=100 kept=47 total=1054
[EMAPI] page=24 rows=100 kept=33 total=1087
[EMAPI] page=25 rows=100 kept=40 total=1127
[SCAN] round=68 market=1127 picks=7 ts=2026-03-23T07:04:02.336Z
[EMAPI] page=1 rows=100 kept=44 total=44
[EMAPI] page=2 rows=100 kept=49 total=93
[EMAPI] page=3 rows=100 kept=44 total=137
[EMAPI] page=4 rows=100 kept=43 total=180
[EMAPI] page=5 rows=100 kept=36 total=216
[EMAPI] page=6 rows=100 kept=51 total=267
[EMAPI] page=7 rows=100 kept=48 total=315
[EMAPI] page=8 rows=100 kept=45 total=360
[EMAPI] page=9 rows=100 kept=51 total=411
[EMAPI] page=10 rows=100 kept=48 total=459
[EMAPI] page=11 rows=100 kept=50 total=509
[EMAPI] page=12 rows=100 kept=51 total=560
[EMAPI] page=13 rows=100 kept=48 total=608
[EMAPI] page=14 rows=100 kept=53 total=661
[EMAPI] page=15 rows=100 kept=48 total=709
[EMAPI] page=16 rows=100 kept=49 total=758
[EMAPI] page=17 rows=100 kept=45 total=803
[EMAPI] page=18 rows=100 kept=50 total=853
[EMAPI] page=19 rows=100 kept=46 total=899
[EMAPI] page=20 rows=100 kept=41 total=940
[EMAPI] page=21 rows=100 kept=31 total=971
[EMAPI] page=22 rows=100 kept=36 total=1007
[EMAPI] page=23 rows=100 kept=47 total=1054
[EMAPI] page=24 rows=100 kept=33 total=1087
[EMAPI] page=25 rows=100 kept=40 total=1127
[SCAN] round=69 market=1127 picks=7 ts=2026-03-23T07:05:02.006Z
[EMAPI] page=1 rows=100 kept=44 total=44
[EMAPI] page=2 rows=100 kept=49 total=93
[EMAPI] page=3 rows=100 kept=44 total=137
[EMAPI] page=4 rows=100 kept=43 total=180
[EMAPI] page=5 rows=100 kept=36 total=216
[EMAPI] page=6 rows=100 kept=51 total=267
[EMAPI] page=7 rows=100 kept=48 total=315
[EMAPI] page=8 rows=100 kept=45 total=360
[EMAPI] page=9 rows=100 kept=51 total=411
[EMAPI] page=10 rows=100 kept=48 total=459
[EMAPI] page=11 rows=100 kept=50 total=509
[EMAPI] page=12 rows=100 kept=51 total=560
[EMAPI] page=13 rows=100 kept=48 total=608
[EMAPI] page=14 rows=100 kept=53 total=661
[EMAPI] page=15 rows=100 kept=48 total=709
[EMAPI] page=16 rows=100 kept=49 total=758
[EMAPI] page=17 rows=100 kept=45 total=803
[EMAPI] page=18 rows=100 kept=50 total=853
[EMAPI] page=19 rows=100 kept=46 total=899
[EMAPI] page=20 rows=100 kept=41 total=940
[EMAPI] page=21 rows=100 kept=31 total=971
[EMAPI] page=22 rows=100 kept=36 total=1007
[EMAPI] page=23 rows=100 kept=47 total=1054
[EMAPI] page=24 rows=100 kept=33 total=1087
[EMAPI] page=25 rows=100 kept=40 total=1127
[SCAN] round=70 market=1127 picks=7 ts=2026-03-23T07:06:02.144Z
[EMAPI] page=1 rows=100 kept=44 total=44
[EMAPI] page=2 rows=100 kept=49 total=93
[EMAPI] page=3 rows=100 kept=44 total=137
[EMAPI] page=4 rows=100 kept=43 total=180
[EMAPI] page=5 rows=100 kept=36 total=216
[EMAPI] page=6 rows=100 kept=51 total=267
[EMAPI] page=7 rows=100 kept=48 total=315
[EMAPI] page=8 rows=100 kept=45 total=360
[EMAPI] page=9 rows=100 kept=51 total=411
[EMAPI] page=10 rows=100 kept=48 total=459
[EMAPI] page=11 rows=100 kept=50 total=509
[EMAPI] page=12 rows=100 kept=51 total=560
[EMAPI] page=13 rows=100 kept=48 total=608
[EMAPI] page=14 rows=100 kept=53 total=661
[EMAPI] page=15 rows=100 kept=48 total=709
[EMAPI] page=16 rows=100 kept=49 total=758
[EMAPI] page=17 rows=100 kept=45 total=803
[EMAPI] page=18 rows=100 kept=50 total=853
[EMAPI] page=19 rows=100 kept=46 total=899
[EMAPI] page=20 rows=100 kept=41 total=940
[EMAPI] page=21 rows=100 kept=31 total=971
[EMAPI] page=22 rows=100 kept=36 total=1007
[EMAPI] page=23 rows=100 kept=47 total=1054
[EMAPI] page=24 rows=100 kept=33 total=1087
[EMAPI] page=25 rows=100 kept=40 total=1127
[SCAN] round=71 market=1127 picks=7 ts=2026-03-23T07:07:02.136Z
[EMAPI] page=1 rows=100 kept=44 total=44
[EMAPI] page=2 rows=100 kept=49 total=93
[EMAPI] page=3 rows=100 kept=44 total=137
[EMAPI] page=4 rows=100 kept=43 total=180
[EMAPI] page=5 rows=100 kept=36 total=216
[EMAPI] page=6 rows=100 kept=51 total=267
[EMAPI] page=7 rows=100 kept=48 total=315
[EMAPI] page=8 rows=100 kept=45 total=360
[EMAPI] page=9 rows=100 kept=51 total=411
[EMAPI] page=10 rows=100 kept=48 total=459
[EMAPI] page=11 rows=100 kept=50 total=509
[EMAPI] page=12 rows=100 kept=51 total=560
[EMAPI] page=13 rows=100 kept=48 total=608
[EMAPI] page=14 rows=100 kept=53 total=661
[EMAPI] page=15 rows=100 kept=48 total=709
[EMAPI] page=16 rows=100 kept=49 total=758
[EMAPI] page=17 rows=100 kept=45 total=803
[EMAPI] page=18 rows=100 kept=50 total=853
[EMAPI] page=19 rows=100 kept=46 total=899
[EMAPI] page=20 rows=100 kept=41 total=940
[EMAPI] page=21 rows=100 kept=31 total=971
[EMAPI] page=22 rows=100 kept=36 total=1007
[EMAPI] page=23 rows=100 kept=47 total=1054
[EMAPI] page=24 rows=100 kept=33 total=1087
[EMAPI] page=25 rows=100 kept=40 total=1127
[SCAN] round=72 market=1127 picks=7 ts=2026-03-23T07:08:01.833Z
[EMAPI] page=1 rows=100 kept=44 total=44
[EMAPI] page=2 rows=100 kept=49 total=93
[EMAPI] page=3 rows=100 kept=44 total=137
[EMAPI] page=4 rows=100 kept=43 total=180
[EMAPI] page=5 rows=100 kept=36 total=216
[EMAPI] page=6 rows=100 kept=51 total=267
[EMAPI] page=7 rows=100 kept=48 total=315
[EMAPI] page=8 rows=100 kept=45 total=360
[EMAPI] page=9 rows=100 kept=51 total=411
[EMAPI] page=10 rows=100 kept=48 total=459
[EMAPI] page=11 rows=100 kept=50 total=509
[EMAPI] page=12 rows=100 kept=51 total=560
[EMAPI] page=13 rows=100 kept=48 total=608
[EMAPI] page=14 rows=100 kept=53 total=661
[EMAPI] page=15 rows=100 kept=48 total=709
[EMAPI] page=16 rows=100 kept=49 total=758
[EMAPI] page=17 rows=100 kept=45 total=803
[EMAPI] page=18 rows=100 kept=50 total=853
[EMAPI] page=19 rows=100 kept=46 total=899
[EMAPI] page=20 rows=100 kept=41 total=940
[EMAPI] page=21 rows=100 kept=31 total=971
[EMAPI] page=22 rows=100 kept=36 total=1007
[EMAPI] page=23 rows=100 kept=47 total=1054
[EMAPI] page=24 rows=100 kept=33 total=1087
[EMAPI] page=25 rows=100 kept=40 total=1127
[SCAN] round=73 market=1127 picks=7 ts=2026-03-23T07:09:02.139Z
[EMAPI] page=1 rows=100 kept=44 total=44
[EMAPI] page=2 rows=100 kept=49 total=93
[EMAPI] page=3 rows=100 kept=44 total=137
[EMAPI] page=4 rows=100 kept=43 total=180
[EMAPI] page=5 rows=100 kept=36 total=216
[EMAPI] page=6 rows=100 kept=51 total=267
[EMAPI] page=7 rows=100 kept=48 total=315
[EMAPI] page=8 rows=100 kept=45 total=360
[EMAPI] page=9 rows=100 kept=51 total=411
[EMAPI] page=10 rows=100 kept=48 total=459
[EMAPI] page=11 rows=100 kept=50 total=509
[EMAPI] page=12 rows=100 kept=51 total=560
[EMAPI] page=13 rows=100 kept=48 total=608
[EMAPI] page=14 rows=100 kept=53 total=661
[EMAPI] page=15 rows=100 kept=48 total=709
[EMAPI] page=16 rows=100 kept=49 total=758
[EMAPI] page=17 rows=100 kept=45 total=803
[EMAPI] page=18 rows=100 kept=50 total=853
[EMAPI] page=19 rows=100 kept=46 total=899
[EMAPI] page=20 rows=100 kept=41 total=940
[EMAPI] page=21 rows=100 kept=31 total=971
[EMAPI] page=22 rows=100 kept=36 total=1007
[EMAPI] page=23 rows=100 kept=47 total=1054
[EMAPI] page=24 rows=100 kept=33 total=1087
[EMAPI] page=25 rows=100 kept=40 total=1127
[SCAN] round=74 market=1127 picks=7 ts=2026-03-23T07:10:02.019Z
[EMAPI] page=1 rows=100 kept=44 total=44
[EMAPI] page=2 rows=100 kept=49 total=93
[EMAPI] page=3 rows=100 kept=44 total=137
[EMAPI] page=4 rows=100 kept=43 total=180
[EMAPI] page=5 rows=100 kept=36 total=216
[EMAPI] page=6 rows=100 kept=51 total=267
[EMAPI] page=7 rows=100 kept=48 total=315
[EMAPI] page=8 rows=100 kept=45 total=360
[EMAPI] page=9 rows=100 kept=51 total=411
[EMAPI] page=10 rows=100 kept=48 total=459
[EMAPI] page=11 rows=100 kept=50 total=509
[EMAPI] page=12 rows=100 kept=51 total=560
[EMAPI] page=13 rows=100 kept=48 total=608
[EMAPI] page=14 rows=100 kept=53 total=661
[EMAPI] page=15 rows=100 kept=48 total=709
[EMAPI] page=16 rows=100 kept=49 total=758
[EMAPI] page=17 rows=100 kept=45 total=803
[EMAPI] page=18 rows=100 kept=50 total=853
[EMAPI] page=19 rows=100 kept=46 total=899
[EMAPI] page=20 rows=100 kept=41 total=940
[EMAPI] page=21 rows=100 kept=31 total=971
[EMAPI] page=22 rows=100 kept=36 total=1007
[EMAPI] page=23 rows=100 kept=47 total=1054
[EMAPI] page=24 rows=100 kept=33 total=1087
[EMAPI] page=25 rows=100 kept=40 total=1127
[SCAN] round=75 market=1127 picks=7 ts=2026-03-23T07:11:02.569Z
[EMAPI] page=1 rows=100 kept=44 total=44
[EMAPI] page=2 rows=100 kept=49 total=93
[EMAPI] page=3 rows=100 kept=44 total=137
[EMAPI] page=4 rows=100 kept=43 total=180
[EMAPI] page=5 rows=100 kept=36 total=216
[EMAPI] page=6 rows=100 kept=51 total=267
[EMAPI] page=7 rows=100 kept=48 total=315
[EMAPI] page=8 rows=100 kept=45 total=360
[EMAPI] page=9 rows=100 kept=51 total=411
[EMAPI] page=10 rows=100 kept=48 total=459
[EMAPI] page=11 rows=100 kept=50 total=509
[EMAPI] page=12 rows=100 kept=51 total=560
[EMAPI] page=13 rows=100 kept=48 total=608
[EMAPI] page=14 rows=100 kept=53 total=661
[EMAPI] page=15 rows=100 kept=48 total=709
[EMAPI] page=16 rows=100 kept=49 total=758
[EMAPI] page=17 rows=100 kept=45 total=803
[EMAPI] page=18 rows=100 kept=50 total=853
[EMAPI] page=19 rows=100 kept=46 total=899
[EMAPI] page=20 rows=100 kept=41 total=940
[EMAPI] page=21 rows=100 kept=31 total=971
[EMAPI] page=22 rows=100 kept=36 total=1007
[EMAPI] page=23 rows=100 kept=47 total=1054
[EMAPI] page=24 rows=100 kept=33 total=1087
[EMAPI] page=25 rows=100 kept=40 total=1127
[SCAN] round=76 market=1127 picks=7 ts=2026-03-23T07:12:01.995Z
[EMAPI] page=1 rows=100 kept=44 total=44
[EMAPI] page=2 rows=100 kept=49 total=93
[EMAPI] page=3 rows=100 kept=44 total=137
[EMAPI] page=4 rows=100 kept=43 total=180
[EMAPI] page=5 rows=100 kept=36 total=216
[EMAPI] page=6 rows=100 kept=51 total=267
[EMAPI] page=7 rows=100 kept=48 total=315
[EMAPI] page=8 rows=100 kept=45 total=360
[EMAPI] page=9 rows=100 kept=51 total=411
[EMAPI] page=10 rows=100 kept=48 total=459
[EMAPI] page=11 rows=100 kept=50 total=509
[EMAPI] page=12 rows=100 kept=51 total=560
[EMAPI] page=13 rows=100 kept=48 total=608
[EMAPI] page=14 rows=100 kept=53 total=661
[EMAPI] page=15 rows=100 kept=48 total=709
[EMAPI] page=16 rows=100 kept=49 total=758
[EMAPI] page=17 rows=100 kept=45 total=803
[EMAPI] page=18 rows=100 kept=50 total=853
[EMAPI] page=19 rows=100 kept=46 total=899
[EMAPI] page=20 rows=100 kept=41 total=940
[EMAPI] page=21 rows=100 kept=31 total=971
[EMAPI] page=22 rows=100 kept=36 total=1007
[EMAPI] page=23 rows=100 kept=47 total=1054
[EMAPI] page=24 rows=100 kept=33 total=1087
[EMAPI] page=25 rows=100 kept=40 total=1127
[SCAN] round=77 market=1127 picks=7 ts=2026-03-23T07:13:01.767Z
[EMAPI] page=1 rows=100 kept=44 total=44
[EMAPI] page=2 rows=100 kept=49 total=93
[EMAPI] page=3 rows=100 kept=44 total=137
[EMAPI] page=4 rows=100 kept=43 total=180
[EMAPI] page=5 rows=100 kept=36 total=216
[EMAPI] page=6 rows=100 kept=51 total=267
[EMAPI] page=7 rows=100 kept=48 total=315
[EMAPI] page=8 rows=100 kept=45 total=360
[EMAPI] page=9 rows=100 kept=51 total=411
[EMAPI] page=10 rows=100 kept=48 total=459
[EMAPI] page=11 rows=100 kept=50 total=509
[EMAPI] page=12 rows=100 kept=51 total=560
[EMAPI] page=13 rows=100 kept=48 total=608
[EMAPI] page=14 rows=100 kept=53 total=661
[EMAPI] page=15 rows=100 kept=48 total=709
[EMAPI] page=16 rows=100 kept=49 total=758
[EMAPI] page=17 rows=100 kept=45 total=803
[EMAPI] page=18 rows=100 kept=50 total=853
[EMAPI] page=19 rows=100 kept=46 total=899
[EMAPI] page=20 rows=100 kept=41 total=940
[EMAPI] page=21 rows=100 kept=31 total=971
[EMAPI] page=22 rows=100 kept=36 total=1007
[EMAPI] page=23 rows=100 kept=47 total=1054
[EMAPI] page=24 rows=100 kept=33 total=1087
[EMAPI] page=25 rows=100 kept=40 total=1127
[SCAN] round=78 market=1127 picks=7 ts=2026-03-23T07:14:01.909Z
[EMAPI] page=1 rows=100 kept=44 total=44
[EMAPI] page=2 rows=100 kept=49 total=93
[EMAPI] page=3 rows=100 kept=44 total=137
[EMAPI] page=4 rows=100 kept=43 total=180
[EMAPI] page=5 rows=100 kept=36 total=216
[EMAPI] page=6 rows=100 kept=51 total=267
[EMAPI] page=7 rows=100 kept=48 total=315
[EMAPI] page=8 rows=100 kept=45 total=360
[EMAPI] page=9 rows=100 kept=51 total=411
[EMAPI] page=10 rows=100 kept=48 total=459
[EMAPI] page=11 rows=100 kept=50 total=509
[EMAPI] page=12 rows=100 kept=51 total=560
[EMAPI] page=13 rows=100 kept=48 total=608
[EMAPI] page=14 rows=100 kept=53 total=661
[EMAPI] page=15 rows=100 kept=48 total=709
[EMAPI] page=16 rows=100 kept=49 total=758
[EMAPI] page=17 rows=100 kept=45 total=803
[EMAPI] page=18 rows=100 kept=50 total=853
[EMAPI] page=19 rows=100 kept=46 total=899
[EMAPI] page=20 rows=100 kept=41 total=940
[EMAPI] page=21 rows=100 kept=31 total=971
[EMAPI] page=22 rows=100 kept=36 total=1007
[EMAPI] page=23 rows=100 kept=47 total=1054
[EMAPI] page=24 rows=100 kept=33 total=1087
[EMAPI] page=25 rows=100 kept=40 total=1127
[SCAN] round=79 market=1127 picks=7 ts=2026-03-23T07:15:03.201Z
[EMAPI] page=1 rows=100 kept=44 total=44
[EMAPI] page=2 rows=100 kept=49 total=93
[EMAPI] page=3 rows=100 kept=44 total=137
[EMAPI] page=4 rows=100 kept=43 total=180
[EMAPI] page=5 rows=100 kept=36 total=216
[EMAPI] page=6 rows=100 kept=51 total=267
[EMAPI] page=7 rows=100 kept=48 total=315
[EMAPI] page=8 rows=100 kept=45 total=360
[EMAPI] page=9 rows=100 kept=51 total=411
[EMAPI] page=10 rows=100 kept=48 total=459
[EMAPI] page=11 rows=100 kept=50 total=509
[EMAPI] page=12 rows=100 kept=51 total=560
[EMAPI] page=13 rows=100 kept=48 total=608
[EMAPI] page=14 rows=100 kept=53 total=661
[EMAPI] page=15 rows=100 kept=48 total=709
[EMAPI] page=16 rows=100 kept=49 total=758
[EMAPI] page=17 rows=100 kept=45 total=803
[EMAPI] page=18 rows=100 kept=50 total=853
[EMAPI] page=19 rows=100 kept=46 total=899
[EMAPI] page=20 rows=100 kept=41 total=940
[EMAPI] page=21 rows=100 kept=31 total=971
[EMAPI] page=22 rows=100 kept=36 total=1007
[EMAPI] page=23 rows=100 kept=47 total=1054
[EMAPI] page=24 rows=100 kept=33 total=1087
[EMAPI] page=25 rows=100 kept=40 total=1127
[SCAN] round=80 market=1127 picks=7 ts=2026-03-23T07:16:03.343Z
[EMAPI] page=1 rows=100 kept=44 total=44
[EMAPI] page=2 rows=100 kept=49 total=93
[EMAPI] page=3 rows=100 kept=44 total=137
[EMAPI] page=4 rows=100 kept=43 total=180
[EMAPI] page=5 rows=100 kept=36 total=216
[EMAPI] page=6 rows=100 kept=51 total=267
[EMAPI] page=7 rows=100 kept=48 total=315
[EMAPI] page=8 rows=100 kept=45 total=360
[EMAPI] page=9 rows=100 kept=51 total=411
[EMAPI] page=10 rows=100 kept=48 total=459
[EMAPI] page=11 rows=100 kept=50 total=509
[EMAPI] page=12 rows=100 kept=51 total=560
[EMAPI] page=13 rows=100 kept=48 total=608
[EMAPI] page=14 rows=100 kept=53 total=661
[EMAPI] page=15 rows=100 kept=48 total=709
[EMAPI] page=16 rows=100 kept=49 total=758
[EMAPI] page=17 rows=100 kept=45 total=803
[EMAPI] page=18 rows=100 kept=50 total=853
[EMAPI] page=19 rows=100 kept=46 total=899
[EMAPI] page=20 rows=100 kept=41 total=940
[EMAPI] page=21 rows=100 kept=31 total=971
[EMAPI] page=22 rows=100 kept=36 total=1007
[EMAPI] page=23 rows=100 kept=47 total=1054
[EMAPI] page=24 rows=100 kept=33 total=1087
[EMAPI] page=25 rows=100 kept=40 total=1127
[SCAN] round=81 market=1127 picks=7 ts=2026-03-23T07:17:02.299Z
[EMAPI] page=1 rows=100 kept=44 total=44
[EMAPI] page=2 rows=100 kept=49 total=93
[EMAPI] page=3 rows=100 kept=44 total=137
[EMAPI] page=4 rows=100 kept=43 total=180
[EMAPI] page=5 rows=100 kept=36 total=216
[EMAPI] page=6 rows=100 kept=51 total=267
[EMAPI] page=7 rows=100 kept=48 total=315
[EMAPI] page=8 rows=100 kept=45 total=360
[EMAPI] page=9 rows=100 kept=51 total=411
[EMAPI] page=10 rows=100 kept=48 total=459
[EMAPI] page=11 rows=100 kept=50 total=509
[EMAPI] page=12 rows=100 kept=51 total=560
[EMAPI] page=13 rows=100 kept=48 total=608
[EMAPI] page=14 rows=100 kept=53 total=661
[EMAPI] page=15 rows=100 kept=48 total=709
[EMAPI] page=16 rows=100 kept=49 total=758
[EMAPI] page=17 rows=100 kept=45 total=803
[EMAPI] page=18 rows=100 kept=50 total=853
[EMAPI] page=19 rows=100 kept=46 total=899
[EMAPI] page=20 rows=100 kept=41 total=940
[EMAPI] page=21 rows=100 kept=31 total=971
[EMAPI] page=22 rows=100 kept=36 total=1007
[EMAPI] page=23 rows=100 kept=47 total=1054
[EMAPI] page=24 rows=100 kept=33 total=1087
[EMAPI] page=25 rows=100 kept=40 total=1127
[SCAN] round=82 market=1127 picks=7 ts=2026-03-23T07:18:02.819Z
[EMAPI] page=1 rows=100 kept=44 total=44
[EMAPI] page=2 rows=100 kept=49 total=93
[EMAPI] page=3 rows=100 kept=44 total=137
[EMAPI] page=4 rows=100 kept=43 total=180
[EMAPI] page=5 rows=100 kept=36 total=216
[EMAPI] page=6 rows=100 kept=51 total=267
[EMAPI] page=7 rows=100 kept=48 total=315
[EMAPI] page=8 rows=100 kept=45 total=360
[EMAPI] page=9 rows=100 kept=51 total=411
[EMAPI] page=10 rows=100 kept=48 total=459
[EMAPI] page=11 rows=100 kept=50 total=509
[EMAPI] page=12 rows=100 kept=51 total=560
[EMAPI] page=13 rows=100 kept=48 total=608
[EMAPI] page=14 rows=100 kept=53 total=661
[EMAPI] page=15 rows=100 kept=48 total=709
[EMAPI] page=16 rows=100 kept=49 total=758
[EMAPI] page=17 rows=100 kept=45 total=803
[EMAPI] page=18 rows=100 kept=50 total=853
[EMAPI] page=19 rows=100 kept=46 total=899
[EMAPI] page=20 rows=100 kept=41 total=940
[EMAPI] page=21 rows=100 kept=31 total=971
[EMAPI] page=22 rows=100 kept=36 total=1007
[EMAPI] page=23 rows=100 kept=47 total=1054
[EMAPI] page=24 rows=100 kept=33 total=1087
[EMAPI] page=25 rows=100 kept=40 total=1127
[SCAN] round=83 market=1127 picks=7 ts=2026-03-23T07:19:02.298Z
[EMAPI] page=1 rows=100 kept=44 total=44
[EMAPI] page=2 rows=100 kept=49 total=93
[EMAPI] page=3 rows=100 kept=44 total=137
[EMAPI] page=4 rows=100 kept=43 total=180
[EMAPI] page=5 rows=100 kept=36 total=216
[EMAPI] page=6 rows=100 kept=51 total=267
[EMAPI] page=7 rows=100 kept=48 total=315
[EMAPI] page=8 rows=100 kept=45 total=360
[EMAPI] page=9 rows=100 kept=51 total=411
[EMAPI] page=10 rows=100 kept=48 total=459
[EMAPI] page=11 rows=100 kept=50 total=509
[EMAPI] page=12 rows=100 kept=51 total=560
[EMAPI] page=13 rows=100 kept=48 total=608
[EMAPI] page=14 rows=100 kept=53 total=661
[EMAPI] page=15 rows=100 kept=48 total=709
[EMAPI] page=16 rows=100 kept=49 total=758
[EMAPI] page=17 rows=100 kept=45 total=803
[EMAPI] page=18 rows=100 kept=50 total=853
[EMAPI] page=19 rows=100 kept=46 total=899
[EMAPI] page=20 rows=100 kept=41 total=940
[EMAPI] page=21 rows=100 kept=31 total=971
[EMAPI] page=22 rows=100 kept=36 total=1007
[EMAPI] page=23 rows=100 kept=47 total=1054
[EMAPI] page=24 rows=100 kept=33 total=1087
[EMAPI] page=25 rows=100 kept=40 total=1127
[SCAN] round=84 market=1127 picks=7 ts=2026-03-23T07:20:02.108Z
[EMAPI] page=1 rows=100 kept=44 total=44
[EMAPI] page=2 rows=100 kept=49 total=93
[EMAPI] page=3 rows=100 kept=44 total=137
[EMAPI] page=4 rows=100 kept=43 total=180
[EMAPI] page=5 rows=100 kept=36 total=216
[EMAPI] page=6 rows=100 kept=51 total=267
[EMAPI] page=7 rows=100 kept=48 total=315
[EMAPI] page=8 rows=100 kept=45 total=360
[EMAPI] page=9 rows=100 kept=51 total=411
[EMAPI] page=10 rows=100 kept=48 total=459
[EMAPI] page=11 rows=100 kept=50 total=509
[EMAPI] page=12 rows=100 kept=51 total=560
[EMAPI] page=13 rows=100 kept=48 total=608
[EMAPI] page=14 rows=100 kept=53 total=661
[EMAPI] page=15 rows=100 kept=48 total=709
[EMAPI] page=16 rows=100 kept=49 total=758
[EMAPI] page=17 rows=100 kept=45 total=803
[EMAPI] page=18 rows=100 kept=50 total=853
[EMAPI] page=19 rows=100 kept=46 total=899
[EMAPI] page=20 rows=100 kept=41 total=940
[EMAPI] page=21 rows=100 kept=31 total=971
[EMAPI] page=22 rows=100 kept=36 total=1007
[EMAPI] page=23 rows=100 kept=47 total=1054
[EMAPI] page=24 rows=100 kept=33 total=1087
[EMAPI] page=25 rows=100 kept=40 total=1127
[SCAN] round=85 market=1127 picks=7 ts=2026-03-23T07:21:02.361Z
[EMAPI] page=1 rows=100 kept=44 total=44
[EMAPI] page=2 rows=100 kept=49 total=93
[EMAPI] page=3 rows=100 kept=44 total=137
[EMAPI] page=4 rows=100 kept=43 total=180
[EMAPI] page=5 rows=100 kept=36 total=216
[EMAPI] page=6 rows=100 kept=51 total=267
[EMAPI] page=7 rows=100 kept=48 total=315
[EMAPI] page=8 rows=100 kept=45 total=360
[EMAPI] page=9 rows=100 kept=51 total=411
[EMAPI] page=10 rows=100 kept=48 total=459
[EMAPI] page=11 rows=100 kept=50 total=509
[EMAPI] page=12 rows=100 kept=51 total=560
[EMAPI] page=13 rows=100 kept=48 total=608
[EMAPI] page=14 rows=100 kept=53 total=661
[EMAPI] page=15 rows=100 kept=48 total=709
[EMAPI] page=16 rows=100 kept=49 total=758
[EMAPI] page=17 rows=100 kept=45 total=803
[EMAPI] page=18 rows=100 kept=50 total=853
[EMAPI] page=19 rows=100 kept=46 total=899
[EMAPI] page=20 rows=100 kept=41 total=940
[EMAPI] page=21 rows=100 kept=31 total=971
[EMAPI] page=22 rows=100 kept=36 total=1007
[EMAPI] page=23 rows=100 kept=47 total=1054
[EMAPI] page=24 rows=100 kept=33 total=1087
[EMAPI] page=25 rows=100 kept=40 total=1127
[SCAN] round=86 market=1127 picks=7 ts=2026-03-23T07:22:03.246Z
[EMAPI] page=1 rows=100 kept=44 total=44
[EMAPI] page=2 rows=100 kept=49 total=93
[EMAPI] page=3 rows=100 kept=44 total=137
[EMAPI] page=4 rows=100 kept=43 total=180
[EMAPI] page=5 rows=100 kept=36 total=216
[EMAPI] page=6 rows=100 kept=51 total=267
[EMAPI] page=7 rows=100 kept=48 total=315
[EMAPI] page=8 rows=100 kept=45 total=360
[EMAPI] page=9 rows=100 kept=51 total=411
[EMAPI] page=10 rows=100 kept=48 total=459
[EMAPI] page=11 rows=100 kept=50 total=509
[EMAPI] page=12 rows=100 kept=51 total=560
[EMAPI] page=13 rows=100 kept=48 total=608
[EMAPI] page=14 rows=100 kept=53 total=661
[EMAPI] page=15 rows=100 kept=48 total=709
[EMAPI] page=16 rows=100 kept=49 total=758
[EMAPI] page=17 rows=100 kept=45 total=803
[EMAPI] page=18 rows=100 kept=50 total=853
[EMAPI] page=19 rows=100 kept=46 total=899
[EMAPI] page=20 rows=100 kept=41 total=940
[EMAPI] page=21 rows=100 kept=31 total=971
[EMAPI] page=22 rows=100 kept=36 total=1007
[EMAPI] page=23 rows=100 kept=47 total=1054
[EMAPI] page=24 rows=100 kept=33 total=1087
[EMAPI] page=25 rows=100 kept=40 total=1127
[SCAN] round=87 market=1127 picks=7 ts=2026-03-23T07:23:02.157Z
[EMAPI] page=1 rows=100 kept=44 total=44
[EMAPI] page=2 rows=100 kept=49 total=93
[EMAPI] page=3 rows=100 kept=44 total=137
[EMAPI] page=4 rows=100 kept=43 total=180
[EMAPI] page=5 rows=100 kept=36 total=216
[EMAPI] page=6 rows=100 kept=51 total=267
[EMAPI] page=7 rows=100 kept=48 total=315
[EMAPI] page=8 rows=100 kept=45 total=360
[EMAPI] page=9 rows=100 kept=51 total=411
[EMAPI] page=10 rows=100 kept=48 total=459
[EMAPI] page=11 rows=100 kept=50 total=509
[EMAPI] page=12 rows=100 kept=51 total=560
[EMAPI] page=13 rows=100 kept=48 total=608
[EMAPI] page=14 rows=100 kept=53 total=661
[EMAPI] page=15 rows=100 kept=48 total=709
[EMAPI] page=16 rows=100 kept=49 total=758
[EMAPI] page=17 rows=100 kept=45 total=803
[EMAPI] page=18 rows=100 kept=50 total=853
[EMAPI] page=19 rows=100 kept=46 total=899
[EMAPI] page=20 rows=100 kept=41 total=940
[EMAPI] page=21 rows=100 kept=31 total=971
[EMAPI] page=22 rows=100 kept=36 total=1007
[EMAPI] page=23 rows=100 kept=47 total=1054
[EMAPI] page=24 rows=100 kept=33 total=1087
[EMAPI] page=25 rows=100 kept=40 total=1127
[SCAN] round=88 market=1127 picks=7 ts=2026-03-23T07:24:02.401Z
[EMAPI] page=1 rows=100 kept=44 total=44
[EMAPI] page=2 rows=100 kept=49 total=93
[EMAPI] page=3 rows=100 kept=44 total=137
[EMAPI] page=4 rows=100 kept=43 total=180
[EMAPI] page=5 rows=100 kept=36 total=216
[EMAPI] page=6 rows=100 kept=51 total=267
[EMAPI] page=7 rows=100 kept=48 total=315
[EMAPI] page=8 rows=100 kept=45 total=360
[EMAPI] page=9 rows=100 kept=51 total=411
[EMAPI] page=10 rows=100 kept=48 total=459
[EMAPI] page=11 rows=100 kept=50 total=509
[EMAPI] page=12 rows=100 kept=51 total=560
[EMAPI] page=13 rows=100 kept=48 total=608
[EMAPI] page=14 rows=100 kept=53 total=661
[EMAPI] page=15 rows=100 kept=48 total=709
[EMAPI] page=16 rows=100 kept=49 total=758
[EMAPI] page=17 rows=100 kept=45 total=803
[EMAPI] page=18 rows=100 kept=50 total=853
[EMAPI] page=19 rows=100 kept=46 total=899
[EMAPI] page=20 rows=100 kept=41 total=940
[EMAPI] page=21 rows=100 kept=31 total=971
[EMAPI] page=22 rows=100 kept=36 total=1007
[EMAPI] page=23 rows=100 kept=47 total=1054
[EMAPI] page=24 rows=100 kept=33 total=1087
[EMAPI] page=25 rows=100 kept=40 total=1127
[SCAN] round=89 market=1127 picks=7 ts=2026-03-23T07:25:02.162Z
[EMAPI] page=1 rows=100 kept=44 total=44
[EMAPI] page=2 rows=100 kept=49 total=93
[EMAPI] page=3 rows=100 kept=44 total=137
[EMAPI] page=4 rows=100 kept=43 total=180
[EMAPI] page=5 rows=100 kept=36 total=216
[EMAPI] page=6 rows=100 kept=51 total=267
[EMAPI] page=7 rows=100 kept=48 total=315
[EMAPI] page=8 rows=100 kept=45 total=360
[EMAPI] page=9 rows=100 kept=51 total=411
[EMAPI] page=10 rows=100 kept=48 total=459
[EMAPI] page=11 rows=100 kept=50 total=509
[EMAPI] page=12 rows=100 kept=51 total=560
[EMAPI] page=13 rows=100 kept=48 total=608
[EMAPI] page=14 rows=100 kept=53 total=661
[EMAPI] page=15 rows=100 kept=48 total=709
[EMAPI] page=16 rows=100 kept=49 total=758
[EMAPI] page=17 rows=100 kept=45 total=803
[EMAPI] page=18 rows=100 kept=50 total=853
[EMAPI] page=19 rows=100 kept=46 total=899
[EMAPI] page=20 rows=100 kept=41 total=940
[EMAPI] page=21 rows=100 kept=31 total=971
[EMAPI] page=22 rows=100 kept=36 total=1007
[EMAPI] page=23 rows=100 kept=47 total=1054
[EMAPI] page=24 rows=100 kept=33 total=1087
[EMAPI] page=25 rows=100 kept=40 total=1127
[SCAN] round=90 market=1127 picks=7 ts=2026-03-23T07:26:02.456Z
[EMAPI] page=1 rows=100 kept=44 total=44
[EMAPI] page=2 rows=100 kept=49 total=93
[EMAPI] page=3 rows=100 kept=44 total=137
[EMAPI] page=4 rows=100 kept=43 total=180
[EMAPI] page=5 rows=100 kept=36 total=216
[EMAPI] page=6 rows=100 kept=51 total=267
[EMAPI] page=7 rows=100 kept=48 total=315
[EMAPI] page=8 rows=100 kept=45 total=360
[EMAPI] page=9 rows=100 kept=51 total=411
[EMAPI] page=10 rows=100 kept=48 total=459
[EMAPI] page=11 rows=100 kept=50 total=509
[EMAPI] page=12 rows=100 kept=51 total=560
[EMAPI] page=13 rows=100 kept=48 total=608
[EMAPI] page=14 rows=100 kept=53 total=661
[EMAPI] page=15 rows=100 kept=48 total=709
[EMAPI] page=16 rows=100 kept=49 total=758
[EMAPI] page=17 rows=100 kept=45 total=803
[EMAPI] page=18 rows=100 kept=50 total=853
[EMAPI] page=19 rows=100 kept=46 total=899
[EMAPI] page=20 rows=100 kept=41 total=940
[EMAPI] page=21 rows=100 kept=31 total=971
[EMAPI] page=22 rows=100 kept=36 total=1007
[EMAPI] page=23 rows=100 kept=47 total=1054
[EMAPI] page=24 rows=100 kept=33 total=1087
[EMAPI] page=25 rows=100 kept=40 total=1127
[SCAN] round=91 market=1127 picks=7 ts=2026-03-23T07:27:02.382Z
[EMAPI] page=1 rows=100 kept=44 total=44
[EMAPI] page=2 rows=100 kept=49 total=93
[EMAPI] page=3 rows=100 kept=44 total=137
[EMAPI] page=4 rows=100 kept=43 total=180
[EMAPI] page=5 rows=100 kept=36 total=216
[EMAPI] page=6 rows=100 kept=51 total=267
[EMAPI] page=7 rows=100 kept=48 total=315
[EMAPI] page=8 rows=100 kept=45 total=360
[EMAPI] page=9 rows=100 kept=51 total=411
[EMAPI] page=10 rows=100 kept=48 total=459
[EMAPI] page=11 rows=100 kept=50 total=509
[EMAPI] page=12 rows=100 kept=51 total=560
[EMAPI] page=13 rows=100 kept=48 total=608
[EMAPI] page=14 rows=100 kept=53 total=661
[EMAPI] page=15 rows=100 kept=48 total=709
[EMAPI] page=16 rows=100 kept=49 total=758
[EMAPI] page=17 rows=100 kept=45 total=803
[EMAPI] page=18 rows=100 kept=50 total=853
[EMAPI] page=19 rows=100 kept=46 total=899
[EMAPI] page=20 rows=100 kept=41 total=940
[EMAPI] page=21 rows=100 kept=31 total=971
[EMAPI] page=22 rows=100 kept=36 total=1007
[EMAPI] page=23 rows=100 kept=47 total=1054
[EMAPI] page=24 rows=100 kept=33 total=1087
[EMAPI] page=25 rows=100 kept=40 total=1127
[SCAN] round=92 market=1127 picks=7 ts=2026-03-23T07:28:02.547Z
[EMAPI] page=1 rows=100 kept=44 total=44
[EMAPI] page=2 rows=100 kept=49 total=93
[EMAPI] page=3 rows=100 kept=44 total=137
[EMAPI] page=4 rows=100 kept=43 total=180
[EMAPI] page=5 rows=100 kept=36 total=216
[EMAPI] page=6 rows=100 kept=51 total=267
[EMAPI] page=7 rows=100 kept=48 total=315
[EMAPI] page=8 rows=100 kept=45 total=360
[EMAPI] page=9 rows=100 kept=51 total=411
[EMAPI] page=10 rows=100 kept=48 total=459
[EMAPI] page=11 rows=100 kept=50 total=509
[EMAPI] page=12 rows=100 kept=51 total=560
[EMAPI] page=13 rows=100 kept=48 total=608
[EMAPI] page=14 rows=100 kept=53 total=661
[EMAPI] page=15 rows=100 kept=48 total=709
[EMAPI] page=16 rows=100 kept=49 total=758
[EMAPI] page=17 rows=100 kept=45 total=803
[EMAPI] page=18 rows=100 kept=50 total=853
[EMAPI] page=19 rows=100 kept=46 total=899
[EMAPI] page=20 rows=100 kept=41 total=940
[EMAPI] page=21 rows=100 kept=31 total=971
[EMAPI] page=22 rows=100 kept=36 total=1007
[EMAPI] page=23 rows=100 kept=47 total=1054
[EMAPI] page=24 rows=100 kept=33 total=1087
[EMAPI] page=25 rows=100 kept=40 total=1127
[SCAN] round=93 market=1127 picks=7 ts=2026-03-23T07:29:02.168Z
[EMAPI] page=1 rows=100 kept=44 total=44
[EMAPI] page=2 rows=100 kept=49 total=93
[EMAPI] page=3 rows=100 kept=44 total=137
[EMAPI] page=4 rows=100 kept=43 total=180
[EMAPI] page=5 rows=100 kept=36 total=216
[EMAPI] page=6 rows=100 kept=51 total=267
[EMAPI] page=7 rows=100 kept=48 total=315
[EMAPI] page=8 rows=100 kept=45 total=360
[EMAPI] page=9 rows=100 kept=51 total=411
[EMAPI] page=10 rows=100 kept=48 total=459
[EMAPI] page=11 rows=100 kept=50 total=509
[EMAPI] page=12 rows=100 kept=51 total=560
[EMAPI] page=13 rows=100 kept=48 total=608
[EMAPI] page=14 rows=100 kept=53 total=661
[EMAPI] page=15 rows=100 kept=48 total=709
[EMAPI] page=16 rows=100 kept=49 total=758
[EMAPI] page=17 rows=100 kept=45 total=803
[EMAPI] page=18 rows=100 kept=50 total=853
[EMAPI] page=19 rows=100 kept=46 total=899
[EMAPI] page=20 rows=100 kept=41 total=940
[EMAPI] page=21 rows=100 kept=31 total=971
[EMAPI] page=22 rows=100 kept=36 total=1007
[EMAPI] page=23 rows=100 kept=47 total=1054
[EMAPI] page=24 rows=100 kept=33 total=1087
[EMAPI] page=25 rows=100 kept=40 total=1127
[SCAN] round=94 market=1127 picks=7 ts=2026-03-23T07:30:03.935Z
[EMAPI] page=1 rows=100 kept=44 total=44
[EMAPI] page=2 rows=100 kept=49 total=93
[EMAPI] page=3 rows=100 kept=44 total=137
[EMAPI] page=4 rows=100 kept=43 total=180
[EMAPI] page=5 rows=100 kept=36 total=216
[EMAPI] page=6 rows=100 kept=51 total=267
[EMAPI] page=7 rows=100 kept=48 total=315
[EMAPI] page=8 rows=100 kept=45 total=360
[EMAPI] page=9 rows=100 kept=51 total=411
[EMAPI] page=10 rows=100 kept=48 total=459
[EMAPI] page=11 rows=100 kept=50 total=509
[EMAPI] page=12 rows=100 kept=51 total=560
[EMAPI] page=13 rows=100 kept=48 total=608
[EMAPI] page=14 rows=100 kept=53 total=661
[EMAPI] page=15 rows=100 kept=48 total=709
[EMAPI] page=16 rows=100 kept=49 total=758
[EMAPI] page=17 rows=100 kept=45 total=803
[EMAPI] page=18 rows=100 kept=50 total=853
[EMAPI] page=19 rows=100 kept=46 total=899
[EMAPI] page=20 rows=100 kept=41 total=940
[EMAPI] page=21 rows=100 kept=31 total=971
[EMAPI] page=22 rows=100 kept=36 total=1007
[EMAPI] page=23 rows=100 kept=47 total=1054
[EMAPI] page=24 rows=100 kept=33 total=1087
[EMAPI] page=25 rows=100 kept=40 total=1127
[SCAN] round=95 market=1127 picks=7 ts=2026-03-23T07:31:02.646Z
[EMAPI] page=1 rows=100 kept=44 total=44
[EMAPI] page=2 rows=100 kept=49 total=93
[EMAPI] page=3 rows=100 kept=44 total=137
[EMAPI] page=4 rows=100 kept=43 total=180
[EMAPI] page=5 rows=100 kept=36 total=216
[EMAPI] page=6 rows=100 kept=51 total=267
[EMAPI] page=7 rows=100 kept=48 total=315
[EMAPI] page=8 rows=100 kept=45 total=360
[EMAPI] page=9 rows=100 kept=51 total=411
[EMAPI] page=10 rows=100 kept=48 total=459
[EMAPI] page=11 rows=100 kept=50 total=509
[EMAPI] page=12 rows=100 kept=51 total=560
[EMAPI] page=13 rows=100 kept=48 total=608
[EMAPI] page=14 rows=100 kept=53 total=661
[EMAPI] page=15 rows=100 kept=48 total=709
[EMAPI] page=16 rows=100 kept=49 total=758
[EMAPI] page=17 rows=100 kept=45 total=803
[EMAPI] page=18 rows=100 kept=50 total=853
[EMAPI] page=19 rows=100 kept=46 total=899
[EMAPI] page=20 rows=100 kept=41 total=940
[EMAPI] page=21 rows=100 kept=31 total=971
[EMAPI] page=22 rows=100 kept=36 total=1007
[EMAPI] page=23 rows=100 kept=47 total=1054
[EMAPI] page=24 rows=100 kept=33 total=1087
[EMAPI] page=25 rows=100 kept=40 total=1127
[SCAN] round=96 market=1127 picks=7 ts=2026-03-23T07:32:03.353Z
[EMAPI] page=1 rows=100 kept=44 total=44
[EMAPI] page=2 rows=100 kept=49 total=93
[EMAPI] page=3 rows=100 kept=44 total=137
[EMAPI] page=4 rows=100 kept=43 total=180
[EMAPI] page=5 rows=100 kept=36 total=216
[EMAPI] page=6 rows=100 kept=51 total=267
[EMAPI] page=7 rows=100 kept=48 total=315
[EMAPI] page=8 rows=100 kept=45 total=360
[EMAPI] page=9 rows=100 kept=51 total=411
[EMAPI] page=10 rows=100 kept=48 total=459
[EMAPI] page=11 rows=100 kept=50 total=509
[EMAPI] page=12 rows=100 kept=51 total=560
[EMAPI] page=13 rows=100 kept=48 total=608
[EMAPI] page=14 rows=100 kept=53 total=661
[EMAPI] page=15 rows=100 kept=48 total=709
[EMAPI] page=16 rows=100 kept=49 total=758
[EMAPI] page=17 rows=100 kept=45 total=803
[EMAPI] page=18 rows=100 kept=50 total=853
[EMAPI] page=19 rows=100 kept=46 total=899
[EMAPI] page=20 rows=100 kept=41 total=940
[EMAPI] page=21 rows=100 kept=31 total=971
[EMAPI] page=22 rows=100 kept=36 total=1007
[EMAPI] page=23 rows=100 kept=47 total=1054
[EMAPI] page=24 rows=100 kept=33 total=1087
[EMAPI] page=25 rows=100 kept=40 total=1127
[SCAN] round=97 market=1127 picks=7 ts=2026-03-23T07:33:02.918Z
[EMAPI] page=1 rows=100 kept=44 total=44
[EMAPI] page=2 rows=100 kept=49 total=93
[EMAPI] page=3 rows=100 kept=44 total=137
[EMAPI] page=4 rows=100 kept=43 total=180
[EMAPI] page=5 rows=100 kept=36 total=216
[EMAPI] page=6 rows=100 kept=51 total=267
[EMAPI] page=7 rows=100 kept=48 total=315
[EMAPI] page=8 rows=100 kept=45 total=360
[EMAPI] page=9 rows=100 kept=51 total=411
[EMAPI] page=10 rows=100 kept=48 total=459
[EMAPI] page=11 rows=100 kept=50 total=509
[EMAPI] page=12 rows=100 kept=51 total=560
[EMAPI] page=13 rows=100 kept=48 total=608
[EMAPI] page=14 rows=100 kept=53 total=661
[EMAPI] page=15 rows=100 kept=48 total=709
[EMAPI] page=16 rows=100 kept=49 total=758
[EMAPI] page=17 rows=100 kept=45 total=803
[EMAPI] page=18 rows=100 kept=50 total=853
[EMAPI] page=19 rows=100 kept=46 total=899
[EMAPI] page=20 rows=100 kept=41 total=940
[EMAPI] page=21 rows=100 kept=31 total=971
[EMAPI] page=22 rows=100 kept=36 total=1007
[EMAPI] page=23 rows=100 kept=47 total=1054
[EMAPI] page=24 rows=100 kept=33 total=1087
[EMAPI] page=25 rows=100 kept=40 total=1127
[SCAN] round=98 market=1127 picks=7 ts=2026-03-23T07:34:02.428Z
[EMAPI] page=1 rows=100 kept=44 total=44
[EMAPI] page=2 rows=100 kept=49 total=93
[EMAPI] page=3 rows=100 kept=44 total=137
[EMAPI] page=4 rows=100 kept=43 total=180
[EMAPI] page=5 rows=100 kept=36 total=216
[EMAPI] page=6 rows=100 kept=51 total=267
[EMAPI] page=7 rows=100 kept=48 total=315
[EMAPI] page=8 rows=100 kept=45 total=360
[EMAPI] page=9 rows=100 kept=51 total=411
[EMAPI] page=10 rows=100 kept=48 total=459
[EMAPI] page=11 rows=100 kept=50 total=509
[EMAPI] page=12 rows=100 kept=51 total=560
[EMAPI] page=13 rows=100 kept=48 total=608
[EMAPI] page=14 rows=100 kept=53 total=661
[EMAPI] page=15 rows=100 kept=48 total=709
[EMAPI] page=16 rows=100 kept=49 total=758
[EMAPI] page=17 rows=100 kept=45 total=803
[EMAPI] page=18 rows=100 kept=50 total=853
[EMAPI] page=19 rows=100 kept=46 total=899
[EMAPI] page=20 rows=100 kept=41 total=940
[EMAPI] page=21 rows=100 kept=31 total=971
[EMAPI] page=22 rows=100 kept=36 total=1007
[EMAPI] page=23 rows=100 kept=47 total=1054
[EMAPI] page=24 rows=100 kept=33 total=1087
[EMAPI] page=25 rows=100 kept=40 total=1127
[SCAN] round=99 market=1127 picks=7 ts=2026-03-23T07:35:03.983Z
[EMAPI] page=1 rows=100 kept=44 total=44
[EMAPI] page=2 rows=100 kept=49 total=93
[EMAPI] page=3 rows=100 kept=44 total=137
[EMAPI] page=4 rows=100 kept=43 total=180
[EMAPI] page=5 rows=100 kept=36 total=216
[EMAPI] page=6 rows=100 kept=51 total=267
[EMAPI] page=7 rows=100 kept=48 total=315
[EMAPI] page=8 rows=100 kept=45 total=360
[EMAPI] page=9 rows=100 kept=51 total=411
[EMAPI] page=10 rows=100 kept=48 total=459
[EMAPI] page=11 rows=100 kept=50 total=509
[EMAPI] page=12 rows=100 kept=51 total=560
[EMAPI] page=13 rows=100 kept=48 total=608
[EMAPI] page=14 rows=100 kept=53 total=661
[EMAPI] page=15 rows=100 kept=48 total=709
[EMAPI] page=16 rows=100 kept=49 total=758
[EMAPI] page=17 rows=100 kept=45 total=803
[EMAPI] page=18 rows=100 kept=50 total=853
[EMAPI] page=19 rows=100 kept=46 total=899
[EMAPI] page=20 rows=100 kept=41 total=940
[EMAPI] page=21 rows=100 kept=31 total=971
[EMAPI] page=22 rows=100 kept=36 total=1007
[EMAPI] page=23 rows=100 kept=47 total=1054
[EMAPI] page=24 rows=100 kept=33 total=1087
[EMAPI] page=25 rows=100 kept=40 total=1127
[SCAN] round=100 market=1127 picks=7 ts=2026-03-23T07:36:03.778Z
[EMAPI] page=1 rows=100 kept=44 total=44
[EMAPI] page=2 rows=100 kept=49 total=93
[EMAPI] page=3 rows=100 kept=44 total=137
[EMAPI] page=4 rows=100 kept=43 total=180
[EMAPI] page=5 rows=100 kept=36 total=216
[EMAPI] page=6 rows=100 kept=51 total=267
[EMAPI] page=7 rows=100 kept=48 total=315
[EMAPI] page=8 rows=100 kept=45 total=360
[EMAPI] page=9 rows=100 kept=51 total=411
[EMAPI] page=10 rows=100 kept=48 total=459
[EMAPI] page=11 rows=100 kept=50 total=509
[EMAPI] page=12 rows=100 kept=51 total=560
[EMAPI] page=13 rows=100 kept=48 total=608
[EMAPI] page=14 rows=100 kept=53 total=661
[EMAPI] page=15 rows=100 kept=48 total=709
[EMAPI] page=16 rows=100 kept=49 total=758
[EMAPI] page=17 rows=100 kept=45 total=803
[EMAPI] page=18 rows=100 kept=50 total=853
[EMAPI] page=19 rows=100 kept=46 total=899
[EMAPI] page=20 rows=100 kept=41 total=940
[EMAPI] page=21 rows=100 kept=31 total=971
[EMAPI] page=22 rows=100 kept=36 total=1007
[EMAPI] page=23 rows=100 kept=47 total=1054
[EMAPI] page=24 rows=100 kept=33 total=1087
[EMAPI] page=25 rows=100 kept=40 total=1127
[SCAN] round=101 market=1127 picks=7 ts=2026-03-23T07:37:03.429Z
[EMAPI] page=1 rows=100 kept=44 total=44
[EMAPI] page=2 rows=100 kept=49 total=93
[EMAPI] page=3 rows=100 kept=44 total=137
[EMAPI] page=4 rows=100 kept=43 total=180
[EMAPI] page=5 rows=100 kept=36 total=216
[EMAPI] page=6 rows=100 kept=51 total=267
[EMAPI] page=7 rows=100 kept=48 total=315
[EMAPI] page=8 rows=100 kept=45 total=360
[EMAPI] page=9 rows=100 kept=51 total=411
[EMAPI] page=10 rows=100 kept=48 total=459
[EMAPI] page=11 rows=100 kept=50 total=509
[EMAPI] page=12 rows=100 kept=51 total=560
[EMAPI] page=13 rows=100 kept=48 total=608
[EMAPI] page=14 rows=100 kept=53 total=661
[EMAPI] page=15 rows=100 kept=48 total=709
[EMAPI] page=16 rows=100 kept=49 total=758
[EMAPI] page=17 rows=100 kept=45 total=803
[EMAPI] page=18 rows=100 kept=50 total=853
[EMAPI] page=19 rows=100 kept=46 total=899
[EMAPI] page=20 rows=100 kept=41 total=940
[EMAPI] page=21 rows=100 kept=31 total=971
[EMAPI] page=22 rows=100 kept=36 total=1007
[EMAPI] page=23 rows=100 kept=47 total=1054
[EMAPI] page=24 rows=100 kept=33 total=1087
[EMAPI] page=25 rows=100 kept=40 total=1127
[SCAN] round=102 market=1127 picks=7 ts=2026-03-23T07:38:03.223Z
[EMAPI] page=1 rows=100 kept=44 total=44
[EMAPI] page=2 rows=100 kept=49 total=93
[EMAPI] page=3 rows=100 kept=44 total=137
[EMAPI] page=4 rows=100 kept=43 total=180
[EMAPI] page=5 rows=100 kept=36 total=216
[EMAPI] page=6 rows=100 kept=51 total=267
[EMAPI] page=7 rows=100 kept=48 total=315
[EMAPI] page=8 rows=100 kept=45 total=360
[EMAPI] page=9 rows=100 kept=51 total=411
[EMAPI] page=10 rows=100 kept=48 total=459
[EMAPI] page=11 rows=100 kept=50 total=509
[EMAPI] page=12 rows=100 kept=51 total=560
[EMAPI] page=13 rows=100 kept=48 total=608
[EMAPI] page=14 rows=100 kept=53 total=661
[EMAPI] page=15 rows=100 kept=48 total=709
[EMAPI] page=16 rows=100 kept=49 total=758
[EMAPI] page=17 rows=100 kept=45 total=803
[EMAPI] page=18 rows=100 kept=50 total=853
[EMAPI] page=19 rows=100 kept=46 total=899
[EMAPI] page=20 rows=100 kept=41 total=940
[EMAPI] page=21 rows=100 kept=31 total=971
[EMAPI] page=22 rows=100 kept=36 total=1007
[EMAPI] page=23 rows=100 kept=47 total=1054
[EMAPI] page=24 rows=100 kept=33 total=1087
[EMAPI] page=25 rows=100 kept=40 total=1127
[SCAN] round=103 market=1127 picks=7 ts=2026-03-23T07:39:02.491Z
[EMAPI] page=1 rows=100 kept=44 total=44
[EMAPI] page=2 rows=100 kept=49 total=93
[EMAPI] page=3 rows=100 kept=44 total=137
[EMAPI] page=4 rows=100 kept=43 total=180
[EMAPI] page=5 rows=100 kept=36 total=216
[EMAPI] page=6 rows=100 kept=51 total=267
[EMAPI] page=7 rows=100 kept=48 total=315
[EMAPI] page=8 rows=100 kept=45 total=360
[EMAPI] page=9 rows=100 kept=51 total=411
[EMAPI] page=10 rows=100 kept=48 total=459
[EMAPI] page=11 rows=100 kept=50 total=509
[EMAPI] page=12 rows=100 kept=51 total=560
[EMAPI] page=13 rows=100 kept=48 total=608
[EMAPI] page=14 rows=100 kept=53 total=661
[EMAPI] page=15 rows=100 kept=48 total=709
[EMAPI] page=16 rows=100 kept=49 total=758
[EMAPI] page=17 rows=100 kept=45 total=803
[EMAPI] page=18 rows=100 kept=50 total=853
[EMAPI] page=19 rows=100 kept=46 total=899
[EMAPI] page=20 rows=100 kept=41 total=940
[EMAPI] page=21 rows=100 kept=31 total=971
[EMAPI] page=22 rows=100 kept=36 total=1007
[EMAPI] page=23 rows=100 kept=47 total=1054
[EMAPI] page=24 rows=100 kept=33 total=1087
[EMAPI] page=25 rows=100 kept=40 total=1127
[SCAN] round=104 market=1127 picks=7 ts=2026-03-23T07:40:05.255Z
[EMAPI] page=1 rows=100 kept=44 total=44
[EMAPI] page=2 rows=100 kept=49 total=93
[EMAPI] page=3 rows=100 kept=44 total=137
[EMAPI] page=4 rows=100 kept=43 total=180
[EMAPI] page=5 rows=100 kept=36 total=216
[EMAPI] page=6 rows=100 kept=51 total=267
[EMAPI] page=7 rows=100 kept=48 total=315
[EMAPI] page=8 rows=100 kept=45 total=360
[EMAPI] page=9 rows=100 kept=51 total=411
[EMAPI] page=10 rows=100 kept=48 total=459
[EMAPI] page=11 rows=100 kept=50 total=509
[EMAPI] page=12 rows=100 kept=51 total=560
[EMAPI] page=13 rows=100 kept=48 total=608
[EMAPI] page=14 rows=100 kept=53 total=661
[EMAPI] page=15 rows=100 kept=48 total=709
[EMAPI] page=16 rows=100 kept=49 total=758
[EMAPI] page=17 rows=100 kept=45 total=803
[EMAPI] page=18 rows=100 kept=50 total=853
[EMAPI] page=19 rows=100 kept=46 total=899
[EMAPI] page=20 rows=100 kept=41 total=940
[EMAPI] page=21 rows=100 kept=31 total=971
[EMAPI] page=22 rows=100 kept=36 total=1007
[EMAPI] page=23 rows=100 kept=47 total=1054
[EMAPI] page=24 rows=100 kept=33 total=1087
[EMAPI] page=25 rows=100 kept=40 total=1127
[SCAN] round=105 market=1127 picks=7 ts=2026-03-23T07:41:02.404Z
[EMAPI] page=1 rows=100 kept=44 total=44
[EMAPI] page=2 rows=100 kept=49 total=93
[EMAPI] page=3 rows=100 kept=44 total=137
[EMAPI] page=4 rows=100 kept=43 total=180
[EMAPI] page=5 rows=100 kept=36 total=216
[EMAPI] page=6 rows=100 kept=51 total=267
[EMAPI] page=7 rows=100 kept=48 total=315
[EMAPI] page=8 rows=100 kept=45 total=360
[EMAPI] page=9 rows=100 kept=51 total=411
[EMAPI] page=10 rows=100 kept=48 total=459
[EMAPI] page=11 rows=100 kept=50 total=509
[EMAPI] page=12 rows=100 kept=51 total=560
[EMAPI] page=13 rows=100 kept=48 total=608
[EMAPI] page=14 rows=100 kept=53 total=661
[EMAPI] page=15 rows=100 kept=48 total=709
[EMAPI] page=16 rows=100 kept=49 total=758
[EMAPI] page=17 rows=100 kept=45 total=803
[EMAPI] page=18 rows=100 kept=50 total=853
[EMAPI] page=19 rows=100 kept=46 total=899
[EMAPI] page=20 rows=100 kept=41 total=940
[EMAPI] page=21 rows=100 kept=31 total=971
[EMAPI] page=22 rows=100 kept=36 total=1007
[EMAPI] page=23 rows=100 kept=47 total=1054
[EMAPI] page=24 rows=100 kept=33 total=1087
[EMAPI] page=25 rows=100 kept=40 total=1127
[SCAN] round=106 market=1127 picks=7 ts=2026-03-23T07:42:02.562Z
[EMAPI] page=1 rows=100 kept=44 total=44
[EMAPI] page=2 rows=100 kept=49 total=93
[EMAPI] page=3 rows=100 kept=44 total=137
[EMAPI] page=4 rows=100 kept=43 total=180
[EMAPI] page=5 rows=100 kept=36 total=216
[EMAPI] page=6 rows=100 kept=51 total=267
[EMAPI] page=7 rows=100 kept=48 total=315
[EMAPI] page=8 rows=100 kept=45 total=360
[EMAPI] page=9 rows=100 kept=51 total=411
[EMAPI] page=10 rows=100 kept=48 total=459
[EMAPI] page=11 rows=100 kept=50 total=509
[EMAPI] page=12 rows=100 kept=51 total=560
[EMAPI] page=13 rows=100 kept=48 total=608
[EMAPI] page=14 rows=100 kept=53 total=661
[EMAPI] page=15 rows=100 kept=48 total=709
[EMAPI] page=16 rows=100 kept=49 total=758
[EMAPI] page=17 rows=100 kept=45 total=803
[EMAPI] page=18 rows=100 kept=50 total=853
[EMAPI] page=19 rows=100 kept=46 total=899
[EMAPI] page=20 rows=100 kept=41 total=940
[EMAPI] page=21 rows=100 kept=31 total=971
[SCAN] interval error page.evaluate: TypeError: Failed to fetch
    at eval (eval at evaluate (:290:30), <anonymous>:2:28)
    at UtilityScript.evaluate (<anonymous>:292:16)
    at UtilityScript.<anonymous> (<anonymous>:1:44)
[EMAPI] page=1 rows=100 kept=44 total=44
[EMAPI] page=2 rows=100 kept=49 total=93
[EMAPI] page=3 rows=100 kept=44 total=137
[EMAPI] page=4 rows=100 kept=43 total=180
[EMAPI] page=5 rows=100 kept=36 total=216
[EMAPI] page=6 rows=100 kept=51 total=267
[EMAPI] page=7 rows=100 kept=48 total=315
[EMAPI] page=8 rows=100 kept=45 total=360
[EMAPI] page=9 rows=100 kept=51 total=411
[EMAPI] page=10 rows=100 kept=48 total=459
[EMAPI] page=11 rows=100 kept=50 total=509
[EMAPI] page=12 rows=100 kept=51 total=560
[EMAPI] page=13 rows=100 kept=48 total=608
[EMAPI] page=14 rows=100 kept=53 total=661
[EMAPI] page=15 rows=100 kept=48 total=709
[EMAPI] page=16 rows=100 kept=49 total=758
[EMAPI] page=17 rows=100 kept=45 total=803
[EMAPI] page=18 rows=100 kept=50 total=853
[EMAPI] page=19 rows=100 kept=46 total=899
[EMAPI] page=20 rows=100 kept=41 total=940
[EMAPI] page=21 rows=100 kept=31 total=971
[EMAPI] page=22 rows=100 kept=36 total=1007
[EMAPI] page=23 rows=100 kept=47 total=1054
[EMAPI] page=24 rows=100 kept=33 total=1087
[EMAPI] page=25 rows=100 kept=40 total=1127
[SCAN] round=107 market=1127 picks=7 ts=2026-03-23T08:00:00.989Z
[EMAPI] page=1 rows=100 kept=44 total=44
[EMAPI] page=2 rows=100 kept=49 total=93
[EMAPI] page=3 rows=100 kept=44 total=137
[EMAPI] page=4 rows=100 kept=43 total=180
[EMAPI] page=5 rows=100 kept=36 total=216
[EMAPI] page=6 rows=100 kept=51 total=267
[EMAPI] page=7 rows=100 kept=48 total=315
[EMAPI] page=8 rows=100 kept=45 total=360
[EMAPI] page=9 rows=100 kept=51 total=411
[EMAPI] page=10 rows=100 kept=48 total=459
[EMAPI] page=11 rows=100 kept=50 total=509
[EMAPI] page=12 rows=100 kept=51 total=560
[EMAPI] page=13 rows=100 kept=48 total=608
[EMAPI] page=14 rows=100 kept=53 total=661
[EMAPI] page=15 rows=100 kept=48 total=709
[EMAPI] page=16 rows=100 kept=49 total=758
[EMAPI] page=17 rows=100 kept=45 total=803
[EMAPI] page=18 rows=100 kept=50 total=853
[EMAPI] page=19 rows=100 kept=46 total=899
[EMAPI] page=20 rows=100 kept=41 total=940
[EMAPI] page=21 rows=100 kept=31 total=971
[EMAPI] page=22 rows=100 kept=36 total=1007
[EMAPI] page=23 rows=100 kept=47 total=1054
[EMAPI] page=24 rows=100 kept=33 total=1087
[EMAPI] page=25 rows=100 kept=40 total=1127
[SCAN] round=108 market=1127 picks=7 ts=2026-03-23T08:16:18.423Z
[EMAPI] page=1 rows=100 kept=44 total=44
[EMAPI] page=2 rows=100 kept=49 total=93
[EMAPI] page=3 rows=100 kept=44 total=137
[EMAPI] page=4 rows=100 kept=43 total=180
[EMAPI] page=5 rows=100 kept=36 total=216
[EMAPI] page=6 rows=100 kept=51 total=267
[EMAPI] page=7 rows=100 kept=48 total=315
[EMAPI] page=8 rows=100 kept=45 total=360
[EMAPI] page=9 rows=100 kept=51 total=411
[EMAPI] page=10 rows=100 kept=48 total=459
[EMAPI] page=11 rows=100 kept=50 total=509
[EMAPI] page=12 rows=100 kept=51 total=560
[EMAPI] page=13 rows=100 kept=48 total=608
[EMAPI] page=14 rows=100 kept=53 total=661
[EMAPI] page=15 rows=100 kept=48 total=709
[EMAPI] page=16 rows=100 kept=49 total=758
[EMAPI] page=17 rows=100 kept=45 total=803
[EMAPI] page=18 rows=100 kept=50 total=853
[EMAPI] page=19 rows=100 kept=46 total=899
[EMAPI] page=20 rows=100 kept=41 total=940
[EMAPI] page=21 rows=100 kept=31 total=971
[EMAPI] page=22 rows=100 kept=36 total=1007
[EMAPI] page=23 rows=100 kept=47 total=1054
[EMAPI] page=24 rows=100 kept=33 total=1087
[EMAPI] page=25 rows=100 kept=40 total=1127
[SCAN] round=109 market=1127 picks=7 ts=2026-03-23T08:17:19.204Z
[EMAPI] page=1 rows=100 kept=44 total=44
[EMAPI] page=2 rows=100 kept=49 total=93
[EMAPI] page=3 rows=100 kept=44 total=137
[EMAPI] page=4 rows=100 kept=43 total=180
[EMAPI] page=5 rows=100 kept=36 total=216
[EMAPI] page=6 rows=100 kept=51 total=267
[EMAPI] page=7 rows=100 kept=48 total=315
[EMAPI] page=8 rows=100 kept=45 total=360
[EMAPI] page=9 rows=100 kept=51 total=411
[EMAPI] page=10 rows=100 kept=48 total=459
[EMAPI] page=11 rows=100 kept=50 total=509
[EMAPI] page=12 rows=100 kept=51 total=560
[EMAPI] page=13 rows=100 kept=48 total=608
[EMAPI] page=14 rows=100 kept=53 total=661
[EMAPI] page=15 rows=100 kept=48 total=709
[EMAPI] page=16 rows=100 kept=49 total=758
[EMAPI] page=17 rows=100 kept=45 total=803
[EMAPI] page=18 rows=100 kept=50 total=853
[EMAPI] page=19 rows=100 kept=46 total=899
[EMAPI] page=20 rows=100 kept=41 total=940
[EMAPI] page=21 rows=100 kept=31 total=971
[EMAPI] page=22 rows=100 kept=36 total=1007
[EMAPI] page=23 rows=100 kept=47 total=1054
[EMAPI] page=24 rows=100 kept=33 total=1087
[EMAPI] page=25 rows=100 kept=40 total=1127
[SCAN] round=110 market=1127 picks=7 ts=2026-03-23T08:18:47.996Z
[EMAPI] page=1 rows=100 kept=44 total=44
[EMAPI] page=2 rows=100 kept=49 total=93
[EMAPI] page=3 rows=100 kept=44 total=137
[EMAPI] page=4 rows=100 kept=43 total=180
[EMAPI] page=5 rows=100 kept=36 total=216
[EMAPI] page=6 rows=100 kept=51 total=267
[EMAPI] page=7 rows=100 kept=48 total=315
[EMAPI] page=8 rows=100 kept=45 total=360
[EMAPI] page=9 rows=100 kept=51 total=411
[EMAPI] page=10 rows=100 kept=48 total=459
[EMAPI] page=11 rows=100 kept=50 total=509
[EMAPI] page=12 rows=100 kept=51 total=560
[EMAPI] page=13 rows=100 kept=48 total=608
[EMAPI] page=14 rows=100 kept=53 total=661
[EMAPI] page=15 rows=100 kept=48 total=709
[EMAPI] page=16 rows=100 kept=49 total=758
[EMAPI] page=17 rows=100 kept=45 total=803
[EMAPI] page=18 rows=100 kept=50 total=853
[EMAPI] page=19 rows=100 kept=46 total=899
[EMAPI] page=20 rows=100 kept=41 total=940
[EMAPI] page=21 rows=100 kept=31 total=971
[EMAPI] page=22 rows=100 kept=36 total=1007
[EMAPI] page=23 rows=100 kept=47 total=1054
[EMAPI] page=24 rows=100 kept=33 total=1087
[EMAPI] page=25 rows=100 kept=40 total=1127
[SCAN] round=111 market=1127 picks=7 ts=2026-03-23T08:19:36.824Z
[EMAPI] page=1 rows=100 kept=44 total=44
[EMAPI] page=2 rows=100 kept=49 total=93
[EMAPI] page=3 rows=100 kept=44 total=137
[EMAPI] page=4 rows=100 kept=43 total=180
[EMAPI] page=5 rows=100 kept=36 total=216
[EMAPI] page=6 rows=100 kept=51 total=267
[EMAPI] page=7 rows=100 kept=48 total=315
[EMAPI] page=8 rows=100 kept=45 total=360
[EMAPI] page=9 rows=100 kept=51 total=411
[EMAPI] page=10 rows=100 kept=48 total=459
[EMAPI] page=11 rows=100 kept=50 total=509
[EMAPI] page=12 rows=100 kept=51 total=560
[EMAPI] page=13 rows=100 kept=48 total=608
[EMAPI] page=14 rows=100 kept=53 total=661
[EMAPI] page=15 rows=100 kept=48 total=709
[EMAPI] page=16 rows=100 kept=49 total=758
[EMAPI] page=17 rows=100 kept=45 total=803
[EMAPI] page=18 rows=100 kept=50 total=853
[EMAPI] page=19 rows=100 kept=46 total=899
[EMAPI] page=20 rows=100 kept=41 total=940
[EMAPI] page=21 rows=100 kept=31 total=971
[EMAPI] page=22 rows=100 kept=36 total=1007
[EMAPI] page=23 rows=100 kept=47 total=1054
[EMAPI] page=24 rows=100 kept=33 total=1087
[EMAPI] page=25 rows=100 kept=40 total=1127
[SCAN] round=112 market=1127 picks=7 ts=2026-03-23T08:20:38.314Z
[EMAPI] page=1 rows=100 kept=44 total=44
[EMAPI] page=2 rows=100 kept=49 total=93
[EMAPI] page=3 rows=100 kept=44 total=137
[EMAPI] page=4 rows=100 kept=43 total=180
[EMAPI] page=5 rows=100 kept=36 total=216
[EMAPI] page=6 rows=100 kept=51 total=267
[EMAPI] page=7 rows=100 kept=48 total=315
[EMAPI] page=8 rows=100 kept=45 total=360
[EMAPI] page=9 rows=100 kept=51 total=411
[EMAPI] page=10 rows=100 kept=48 total=459
[EMAPI] page=11 rows=100 kept=50 total=509
[EMAPI] page=12 rows=100 kept=51 total=560
[EMAPI] page=13 rows=100 kept=48 total=608
[EMAPI] page=14 rows=100 kept=53 total=661
[EMAPI] page=15 rows=100 kept=48 total=709
[EMAPI] page=16 rows=100 kept=49 total=758
[EMAPI] page=17 rows=100 kept=45 total=803
[EMAPI] page=18 rows=100 kept=50 total=853
[EMAPI] page=19 rows=100 kept=46 total=899
[EMAPI] page=20 rows=100 kept=41 total=940
[EMAPI] page=21 rows=100 kept=31 total=971
[EMAPI] page=22 rows=100 kept=36 total=1007
[EMAPI] page=23 rows=100 kept=47 total=1054
[EMAPI] page=24 rows=100 kept=33 total=1087
[EMAPI] page=25 rows=100 kept=40 total=1127
[SCAN] round=113 market=1127 picks=7 ts=2026-03-23T08:21:36.487Z
[EMAPI] page=1 rows=100 kept=44 total=44
[EMAPI] page=2 rows=100 kept=49 total=93
[EMAPI] page=3 rows=100 kept=44 total=137
[EMAPI] page=4 rows=100 kept=43 total=180
[EMAPI] page=5 rows=100 kept=36 total=216
[EMAPI] page=6 rows=100 kept=51 total=267
[EMAPI] page=7 rows=100 kept=48 total=315
[EMAPI] page=8 rows=100 kept=45 total=360
[EMAPI] page=9 rows=100 kept=51 total=411
[EMAPI] page=10 rows=100 kept=48 total=459
[EMAPI] page=11 rows=100 kept=50 total=509
[EMAPI] page=12 rows=100 kept=51 total=560
[EMAPI] page=13 rows=100 kept=48 total=608
[EMAPI] page=14 rows=100 kept=53 total=661
[EMAPI] page=15 rows=100 kept=48 total=709
[EMAPI] page=16 rows=100 kept=49 total=758
[EMAPI] page=17 rows=100 kept=45 total=803
[EMAPI] page=18 rows=100 kept=50 total=853
[EMAPI] page=19 rows=100 kept=46 total=899
[EMAPI] page=20 rows=100 kept=41 total=940
[EMAPI] page=21 rows=100 kept=31 total=971
[EMAPI] page=22 rows=100 kept=36 total=1007
[EMAPI] page=23 rows=100 kept=47 total=1054
[EMAPI] page=24 rows=100 kept=33 total=1087
[EMAPI] page=25 rows=100 kept=40 total=1127
[SCAN] round=114 market=1127 picks=7 ts=2026-03-23T08:22:38.447Z
[EMAPI] page=1 rows=100 kept=44 total=44
[EMAPI] page=2 rows=100 kept=49 total=93
[EMAPI] page=3 rows=100 kept=44 total=137
[EMAPI] page=4 rows=100 kept=43 total=180
[EMAPI] page=5 rows=100 kept=36 total=216
[EMAPI] page=6 rows=100 kept=51 total=267
[EMAPI] page=7 rows=100 kept=48 total=315
[EMAPI] page=8 rows=100 kept=45 total=360
[EMAPI] page=9 rows=100 kept=51 total=411
[EMAPI] page=10 rows=100 kept=48 total=459
[EMAPI] page=11 rows=100 kept=50 total=509
[EMAPI] page=12 rows=100 kept=51 total=560
[EMAPI] page=13 rows=100 kept=48 total=608
[EMAPI] page=14 rows=100 kept=53 total=661
[EMAPI] page=15 rows=100 kept=48 total=709
[EMAPI] page=16 rows=100 kept=49 total=758
[EMAPI] page=17 rows=100 kept=45 total=803
[EMAPI] page=18 rows=100 kept=50 total=853
[EMAPI] page=19 rows=100 kept=46 total=899
[EMAPI] page=20 rows=100 kept=41 total=940
[EMAPI] page=21 rows=100 kept=31 total=971
[EMAPI] page=22 rows=100 kept=36 total=1007
[EMAPI] page=23 rows=100 kept=47 total=1054
[EMAPI] page=24 rows=100 kept=33 total=1087
[EMAPI] page=25 rows=100 kept=40 total=1127
[SCAN] round=115 market=1127 picks=7 ts=2026-03-23T08:23:38.416Z
[EMAPI] page=1 rows=100 kept=44 total=44
[EMAPI] page=2 rows=100 kept=49 total=93
[EMAPI] page=3 rows=100 kept=44 total=137
[EMAPI] page=4 rows=100 kept=43 total=180
[EMAPI] page=5 rows=100 kept=36 total=216
[EMAPI] page=6 rows=100 kept=51 total=267
[EMAPI] page=7 rows=100 kept=48 total=315
[EMAPI] page=8 rows=100 kept=45 total=360
[EMAPI] page=9 rows=100 kept=51 total=411
[EMAPI] page=10 rows=100 kept=48 total=459
[EMAPI] page=11 rows=100 kept=50 total=509
[EMAPI] page=12 rows=100 kept=51 total=560
[EMAPI] page=13 rows=100 kept=48 total=608
[EMAPI] page=14 rows=100 kept=53 total=661
[EMAPI] page=15 rows=100 kept=48 total=709
[EMAPI] page=16 rows=100 kept=49 total=758
[EMAPI] page=17 rows=100 kept=45 total=803
[EMAPI] page=18 rows=100 kept=50 total=853
[EMAPI] page=19 rows=100 kept=46 total=899
[EMAPI] page=20 rows=100 kept=41 total=940
[EMAPI] page=21 rows=100 kept=31 total=971
[EMAPI] page=22 rows=100 kept=36 total=1007
[EMAPI] page=23 rows=100 kept=47 total=1054
[EMAPI] page=24 rows=100 kept=33 total=1087
[EMAPI] page=25 rows=100 kept=40 total=1127
[SCAN] round=116 market=1127 picks=7 ts=2026-03-23T08:24:37.295Z
[EMAPI] page=1 rows=100 kept=44 total=44
[EMAPI] page=2 rows=100 kept=49 total=93
[EMAPI] page=3 rows=100 kept=44 total=137
[EMAPI] page=4 rows=100 kept=43 total=180
[EMAPI] page=5 rows=100 kept=36 total=216
[EMAPI] page=6 rows=100 kept=51 total=267
[EMAPI] page=7 rows=100 kept=48 total=315
[EMAPI] page=8 rows=100 kept=45 total=360
[EMAPI] page=9 rows=100 kept=51 total=411
[EMAPI] page=10 rows=100 kept=48 total=459
[EMAPI] page=11 rows=100 kept=50 total=509
[EMAPI] page=12 rows=100 kept=51 total=560
[EMAPI] page=13 rows=100 kept=48 total=608
[EMAPI] page=14 rows=100 kept=53 total=661
[EMAPI] page=15 rows=100 kept=48 total=709
[EMAPI] page=16 rows=100 kept=49 total=758
[EMAPI] page=17 rows=100 kept=45 total=803
[EMAPI] page=18 rows=100 kept=50 total=853
[EMAPI] page=19 rows=100 kept=46 total=899
[EMAPI] page=20 rows=100 kept=41 total=940
[EMAPI] page=21 rows=100 kept=31 total=971
[EMAPI] page=22 rows=100 kept=36 total=1007
[EMAPI] page=23 rows=100 kept=47 total=1054
[EMAPI] page=24 rows=100 kept=33 total=1087
[EMAPI] page=25 rows=100 kept=40 total=1127
[SCAN] round=117 market=1127 picks=7 ts=2026-03-23T08:25:36.271Z
[EMAPI] page=1 rows=100 kept=44 total=44
[EMAPI] page=2 rows=100 kept=49 total=93
[EMAPI] page=3 rows=100 kept=44 total=137
[EMAPI] page=4 rows=100 kept=43 total=180
[EMAPI] page=5 rows=100 kept=36 total=216
[EMAPI] page=6 rows=100 kept=51 total=267
[EMAPI] page=7 rows=100 kept=48 total=315
[EMAPI] page=8 rows=100 kept=45 total=360
[EMAPI] page=9 rows=100 kept=51 total=411
[EMAPI] page=10 rows=100 kept=48 total=459
[EMAPI] page=11 rows=100 kept=50 total=509
[EMAPI] page=12 rows=100 kept=51 total=560
[EMAPI] page=13 rows=100 kept=48 total=608
[EMAPI] page=14 rows=100 kept=53 total=661
[EMAPI] page=15 rows=100 kept=48 total=709
[EMAPI] page=16 rows=100 kept=49 total=758
[EMAPI] page=17 rows=100 kept=45 total=803
[EMAPI] page=18 rows=100 kept=50 total=853
[EMAPI] page=19 rows=100 kept=46 total=899
[EMAPI] page=20 rows=100 kept=41 total=940
[EMAPI] page=21 rows=100 kept=31 total=971
[EMAPI] page=22 rows=100 kept=36 total=1007
[EMAPI] page=23 rows=100 kept=47 total=1054
[EMAPI] page=24 rows=100 kept=33 total=1087
[EMAPI] page=25 rows=100 kept=40 total=1127
[SCAN] round=118 market=1127 picks=7 ts=2026-03-23T08:26:36.720Z
[EMAPI] page=1 rows=100 kept=44 total=44
[EMAPI] page=2 rows=100 kept=49 total=93
[EMAPI] page=3 rows=100 kept=44 total=137
[EMAPI] page=4 rows=100 kept=43 total=180
[EMAPI] page=5 rows=100 kept=36 total=216
[EMAPI] page=6 rows=100 kept=51 total=267
[EMAPI] page=7 rows=100 kept=48 total=315
[EMAPI] page=8 rows=100 kept=45 total=360
[EMAPI] page=9 rows=100 kept=51 total=411
[EMAPI] page=10 rows=100 kept=48 total=459
[EMAPI] page=11 rows=100 kept=50 total=509
[EMAPI] page=12 rows=100 kept=51 total=560
[EMAPI] page=13 rows=100 kept=48 total=608
[EMAPI] page=14 rows=100 kept=53 total=661
[EMAPI] page=15 rows=100 kept=48 total=709
[EMAPI] page=16 rows=100 kept=49 total=758
[EMAPI] page=17 rows=100 kept=45 total=803
[EMAPI] page=18 rows=100 kept=50 total=853
[EMAPI] page=19 rows=100 kept=46 total=899
[EMAPI] page=20 rows=100 kept=41 total=940
[EMAPI] page=21 rows=100 kept=31 total=971
[EMAPI] page=22 rows=100 kept=36 total=1007
[EMAPI] page=23 rows=100 kept=47 total=1054
[EMAPI] page=24 rows=100 kept=33 total=1087
[EMAPI] page=25 rows=100 kept=40 total=1127
[SCAN] round=119 market=1127 picks=7 ts=2026-03-23T08:27:37.327Z
[EMAPI] page=1 rows=100 kept=44 total=44
[EMAPI] page=2 rows=100 kept=49 total=93
[EMAPI] page=3 rows=100 kept=44 total=137
[EMAPI] page=4 rows=100 kept=43 total=180
[EMAPI] page=5 rows=100 kept=36 total=216
[EMAPI] page=6 rows=100 kept=51 total=267
[EMAPI] page=7 rows=100 kept=48 total=315
[EMAPI] page=8 rows=100 kept=45 total=360
[EMAPI] page=9 rows=100 kept=51 total=411
[EMAPI] page=10 rows=100 kept=48 total=459
[EMAPI] page=11 rows=100 kept=50 total=509
[EMAPI] page=12 rows=100 kept=51 total=560
[EMAPI] page=13 rows=100 kept=48 total=608
[EMAPI] page=14 rows=100 kept=53 total=661
[EMAPI] page=15 rows=100 kept=48 total=709
[EMAPI] page=16 rows=100 kept=49 total=758
[EMAPI] page=17 rows=100 kept=45 total=803
[EMAPI] page=18 rows=100 kept=50 total=853
[EMAPI] page=19 rows=100 kept=46 total=899
[EMAPI] page=20 rows=100 kept=41 total=940
[EMAPI] page=21 rows=100 kept=31 total=971
[EMAPI] page=22 rows=100 kept=36 total=1007
[EMAPI] page=23 rows=100 kept=47 total=1054
[EMAPI] page=24 rows=100 kept=33 total=1087
[EMAPI] page=25 rows=100 kept=40 total=1127
[SCAN] round=120 market=1127 picks=7 ts=2026-03-23T08:28:36.580Z
[EMAPI] page=1 rows=100 kept=44 total=44
[EMAPI] page=2 rows=100 kept=49 total=93
[EMAPI] page=3 rows=100 kept=44 total=137
[EMAPI] page=4 rows=100 kept=43 total=180
[EMAPI] page=5 rows=100 kept=36 total=216
[EMAPI] page=6 rows=100 kept=51 total=267
[EMAPI] page=7 rows=100 kept=48 total=315
[EMAPI] page=8 rows=100 kept=45 total=360
[EMAPI] page=9 rows=100 kept=51 total=411
[EMAPI] page=10 rows=100 kept=48 total=459
[EMAPI] page=11 rows=100 kept=50 total=509
[EMAPI] page=12 rows=100 kept=51 total=560
[EMAPI] page=13 rows=100 kept=48 total=608
[EMAPI] page=14 rows=100 kept=53 total=661
[EMAPI] page=15 rows=100 kept=48 total=709
[EMAPI] page=16 rows=100 kept=49 total=758
[EMAPI] page=17 rows=100 kept=45 total=803
[EMAPI] page=18 rows=100 kept=50 total=853
[EMAPI] page=19 rows=100 kept=46 total=899
[EMAPI] page=20 rows=100 kept=41 total=940
[EMAPI] page=21 rows=100 kept=31 total=971
[EMAPI] page=22 rows=100 kept=36 total=1007
[EMAPI] page=23 rows=100 kept=47 total=1054
[EMAPI] page=24 rows=100 kept=33 total=1087
[EMAPI] page=25 rows=100 kept=40 total=1127
[SCAN] round=121 market=1127 picks=7 ts=2026-03-23T08:29:37.248Z
[EMAPI] page=1 rows=100 kept=44 total=44
[EMAPI] page=2 rows=100 kept=49 total=93
[EMAPI] page=3 rows=100 kept=44 total=137
[EMAPI] page=4 rows=100 kept=43 total=180
[EMAPI] page=5 rows=100 kept=36 total=216
[EMAPI] page=6 rows=100 kept=51 total=267
[EMAPI] page=7 rows=100 kept=48 total=315
[EMAPI] page=8 rows=100 kept=45 total=360
[EMAPI] page=9 rows=100 kept=51 total=411
[EMAPI] page=10 rows=100 kept=48 total=459
[EMAPI] page=11 rows=100 kept=50 total=509
[EMAPI] page=12 rows=100 kept=51 total=560
[EMAPI] page=13 rows=100 kept=48 total=608
[EMAPI] page=14 rows=100 kept=53 total=661
[EMAPI] page=15 rows=100 kept=48 total=709
[EMAPI] page=16 rows=100 kept=49 total=758
[EMAPI] page=17 rows=100 kept=45 total=803
[EMAPI] page=18 rows=100 kept=50 total=853
[EMAPI] page=19 rows=100 kept=46 total=899
[EMAPI] page=20 rows=100 kept=41 total=940
[EMAPI] page=21 rows=100 kept=31 total=971
[EMAPI] page=22 rows=100 kept=36 total=1007
[EMAPI] page=23 rows=100 kept=47 total=1054
[EMAPI] page=24 rows=100 kept=33 total=1087
[EMAPI] page=25 rows=100 kept=40 total=1127
[SCAN] round=122 market=1127 picks=7 ts=2026-03-23T08:30:38.485Z
[EMAPI] page=1 rows=100 kept=44 total=44
[EMAPI] page=2 rows=100 kept=49 total=93
[EMAPI] page=3 rows=100 kept=44 total=137
[EMAPI] page=4 rows=100 kept=43 total=180
[EMAPI] page=5 rows=100 kept=36 total=216
[EMAPI] page=6 rows=100 kept=51 total=267
[EMAPI] page=7 rows=100 kept=48 total=315
[EMAPI] page=8 rows=100 kept=45 total=360
[EMAPI] page=9 rows=100 kept=51 total=411
[EMAPI] page=10 rows=100 kept=48 total=459
[EMAPI] page=11 rows=100 kept=50 total=509
[EMAPI] page=12 rows=100 kept=51 total=560
[EMAPI] page=13 rows=100 kept=48 total=608
[EMAPI] page=14 rows=100 kept=53 total=661
[EMAPI] page=15 rows=100 kept=48 total=709
[EMAPI] page=16 rows=100 kept=49 total=758
[EMAPI] page=17 rows=100 kept=45 total=803
[EMAPI] page=18 rows=100 kept=50 total=853
[EMAPI] page=19 rows=100 kept=46 total=899
[EMAPI] page=20 rows=100 kept=41 total=940
[EMAPI] page=21 rows=100 kept=31 total=971
[EMAPI] page=22 rows=100 kept=36 total=1007
[EMAPI] page=23 rows=100 kept=47 total=1054
[EMAPI] page=24 rows=100 kept=33 total=1087
[EMAPI] page=25 rows=100 kept=40 total=1127
[SCAN] round=123 market=1127 picks=7 ts=2026-03-23T08:31:38.575Z
[EMAPI] page=1 rows=100 kept=44 total=44
[EMAPI] page=2 rows=100 kept=49 total=93
[EMAPI] page=3 rows=100 kept=44 total=137
[EMAPI] page=4 rows=100 kept=43 total=180
[EMAPI] page=5 rows=100 kept=36 total=216
[EMAPI] page=6 rows=100 kept=51 total=267
[EMAPI] page=7 rows=100 kept=48 total=315
[EMAPI] page=8 rows=100 kept=45 total=360
[EMAPI] page=9 rows=100 kept=51 total=411
[EMAPI] page=10 rows=100 kept=48 total=459
[EMAPI] page=11 rows=100 kept=50 total=509
[EMAPI] page=12 rows=100 kept=51 total=560
[EMAPI] page=13 rows=100 kept=48 total=608
[EMAPI] page=14 rows=100 kept=53 total=661
[EMAPI] page=15 rows=100 kept=48 total=709
[EMAPI] page=16 rows=100 kept=49 total=758
[EMAPI] page=17 rows=100 kept=45 total=803
[EMAPI] page=18 rows=100 kept=50 total=853
[EMAPI] page=19 rows=100 kept=46 total=899
[EMAPI] page=20 rows=100 kept=41 total=940
[EMAPI] page=21 rows=100 kept=31 total=971
[EMAPI] page=22 rows=100 kept=36 total=1007
[EMAPI] page=23 rows=100 kept=47 total=1054
[EMAPI] page=24 rows=100 kept=33 total=1087
[EMAPI] page=25 rows=100 kept=40 total=1127
[SCAN] round=124 market=1127 picks=7 ts=2026-03-23T08:32:36.601Z
[EMAPI] page=1 rows=100 kept=44 total=44
[EMAPI] page=2 rows=100 kept=49 total=93
[EMAPI] page=3 rows=100 kept=44 total=137
[EMAPI] page=4 rows=100 kept=43 total=180
[EMAPI] page=5 rows=100 kept=36 total=216
[EMAPI] page=6 rows=100 kept=51 total=267
[EMAPI] page=7 rows=100 kept=48 total=315
[EMAPI] page=8 rows=100 kept=45 total=360
[EMAPI] page=9 rows=100 kept=51 total=411
[EMAPI] page=10 rows=100 kept=48 total=459
[EMAPI] page=11 rows=100 kept=50 total=509
[EMAPI] page=12 rows=100 kept=51 total=560
[EMAPI] page=13 rows=100 kept=48 total=608
[EMAPI] page=14 rows=100 kept=53 total=661
[EMAPI] page=15 rows=100 kept=48 total=709
[EMAPI] page=16 rows=100 kept=49 total=758
[EMAPI] page=17 rows=100 kept=45 total=803
[EMAPI] page=18 rows=100 kept=50 total=853
[EMAPI] page=19 rows=100 kept=46 total=899
[EMAPI] page=20 rows=100 kept=41 total=940
[EMAPI] page=21 rows=100 kept=31 total=971
[EMAPI] page=22 rows=100 kept=36 total=1007
[EMAPI] page=23 rows=100 kept=47 total=1054
[EMAPI] page=24 rows=100 kept=33 total=1087
[EMAPI] page=25 rows=100 kept=40 total=1127
[SCAN] round=125 market=1127 picks=7 ts=2026-03-23T08:33:36.546Z
[EMAPI] page=1 rows=100 kept=44 total=44
[EMAPI] page=2 rows=100 kept=49 total=93
[EMAPI] page=3 rows=100 kept=44 total=137
[EMAPI] page=4 rows=100 kept=43 total=180
[EMAPI] page=5 rows=100 kept=36 total=216
[EMAPI] page=6 rows=100 kept=51 total=267
[EMAPI] page=7 rows=100 kept=48 total=315
[EMAPI] page=8 rows=100 kept=45 total=360
[EMAPI] page=9 rows=100 kept=51 total=411
[EMAPI] page=10 rows=100 kept=48 total=459
[EMAPI] page=11 rows=100 kept=50 total=509
[EMAPI] page=12 rows=100 kept=51 total=560
[EMAPI] page=13 rows=100 kept=48 total=608
[EMAPI] page=14 rows=100 kept=53 total=661
[EMAPI] page=15 rows=100 kept=48 total=709
[EMAPI] page=16 rows=100 kept=49 total=758
[EMAPI] page=17 rows=100 kept=45 total=803
[EMAPI] page=18 rows=100 kept=50 total=853
[EMAPI] page=19 rows=100 kept=46 total=899
[EMAPI] page=20 rows=100 kept=41 total=940
[EMAPI] page=21 rows=100 kept=31 total=971
[EMAPI] page=22 rows=100 kept=36 total=1007
[EMAPI] page=23 rows=100 kept=47 total=1054
[EMAPI] page=24 rows=100 kept=33 total=1087
[EMAPI] page=25 rows=100 kept=40 total=1127
[SCAN] round=126 market=1127 picks=7 ts=2026-03-23T08:34:37.310Z
[EMAPI] page=1 rows=100 kept=44 total=44
[EMAPI] page=2 rows=100 kept=49 total=93
[EMAPI] page=3 rows=100 kept=44 total=137
[EMAPI] page=4 rows=100 kept=43 total=180
[EMAPI] page=5 rows=100 kept=36 total=216
[EMAPI] page=6 rows=100 kept=51 total=267
[EMAPI] page=7 rows=100 kept=48 total=315
[EMAPI] page=8 rows=100 kept=45 total=360
[EMAPI] page=9 rows=100 kept=51 total=411
[EMAPI] page=10 rows=100 kept=48 total=459
[EMAPI] page=11 rows=100 kept=50 total=509
[EMAPI] page=12 rows=100 kept=51 total=560
[EMAPI] page=13 rows=100 kept=48 total=608
[EMAPI] page=14 rows=100 kept=53 total=661
[EMAPI] page=15 rows=100 kept=48 total=709
[EMAPI] page=16 rows=100 kept=49 total=758
[EMAPI] page=17 rows=100 kept=45 total=803
[EMAPI] page=18 rows=100 kept=50 total=853
[EMAPI] page=19 rows=100 kept=46 total=899
[EMAPI] page=20 rows=100 kept=41 total=940
[EMAPI] page=21 rows=100 kept=31 total=971
[EMAPI] page=22 rows=100 kept=36 total=1007
[EMAPI] page=23 rows=100 kept=47 total=1054
[EMAPI] page=24 rows=100 kept=33 total=1087
[EMAPI] page=25 rows=100 kept=40 total=1127
[SCAN] round=127 market=1127 picks=7 ts=2026-03-23T08:35:37.892Z
[EMAPI] page=1 rows=100 kept=44 total=44
[EMAPI] page=2 rows=100 kept=49 total=93
[EMAPI] page=3 rows=100 kept=44 total=137
[EMAPI] page=4 rows=100 kept=43 total=180
[EMAPI] page=5 rows=100 kept=36 total=216
[EMAPI] page=6 rows=100 kept=51 total=267
[EMAPI] page=7 rows=100 kept=48 total=315
[EMAPI] page=8 rows=100 kept=45 total=360
[EMAPI] page=9 rows=100 kept=51 total=411
[EMAPI] page=10 rows=100 kept=48 total=459
[EMAPI] page=11 rows=100 kept=50 total=509
[EMAPI] page=12 rows=100 kept=51 total=560
[EMAPI] page=13 rows=100 kept=48 total=608
[EMAPI] page=14 rows=100 kept=53 total=661
[EMAPI] page=15 rows=100 kept=48 total=709
[EMAPI] page=16 rows=100 kept=49 total=758
[EMAPI] page=17 rows=100 kept=45 total=803
[EMAPI] page=18 rows=100 kept=50 total=853
[EMAPI] page=19 rows=100 kept=46 total=899
[EMAPI] page=20 rows=100 kept=41 total=940
[EMAPI] page=21 rows=100 kept=31 total=971
[EMAPI] page=22 rows=100 kept=36 total=1007
[EMAPI] page=23 rows=100 kept=47 total=1054
[EMAPI] page=24 rows=100 kept=33 total=1087
[EMAPI] page=25 rows=100 kept=40 total=1127
[SCAN] round=128 market=1127 picks=7 ts=2026-03-23T08:36:36.694Z
[EMAPI] page=1 rows=100 kept=44 total=44
[EMAPI] page=2 rows=100 kept=49 total=93
[EMAPI] page=3 rows=100 kept=44 total=137
[EMAPI] page=4 rows=100 kept=43 total=180
[EMAPI] page=5 rows=100 kept=36 total=216
[EMAPI] page=6 rows=100 kept=51 total=267
[EMAPI] page=7 rows=100 kept=48 total=315
[EMAPI] page=8 rows=100 kept=45 total=360
[EMAPI] page=9 rows=100 kept=51 total=411
[EMAPI] page=10 rows=100 kept=48 total=459
[EMAPI] page=11 rows=100 kept=50 total=509
[EMAPI] page=12 rows=100 kept=51 total=560
[EMAPI] page=13 rows=100 kept=48 total=608
[EMAPI] page=14 rows=100 kept=53 total=661
[EMAPI] page=15 rows=100 kept=48 total=709
[EMAPI] page=16 rows=100 kept=49 total=758
[EMAPI] page=17 rows=100 kept=45 total=803
[EMAPI] page=18 rows=100 kept=50 total=853
[EMAPI] page=19 rows=100 kept=46 total=899
[EMAPI] page=20 rows=100 kept=41 total=940
[EMAPI] page=21 rows=100 kept=31 total=971
[EMAPI] page=22 rows=100 kept=36 total=1007
[EMAPI] page=23 rows=100 kept=47 total=1054
[EMAPI] page=24 rows=100 kept=33 total=1087
[EMAPI] page=25 rows=100 kept=40 total=1127
[SCAN] round=129 market=1127 picks=7 ts=2026-03-23T08:37:37.635Z
[EMAPI] page=1 rows=100 kept=44 total=44
[EMAPI] page=2 rows=100 kept=49 total=93
[EMAPI] page=3 rows=100 kept=44 total=137
[EMAPI] page=4 rows=100 kept=43 total=180
[EMAPI] page=5 rows=100 kept=36 total=216
[EMAPI] page=6 rows=100 kept=51 total=267
[EMAPI] page=7 rows=100 kept=48 total=315
[EMAPI] page=8 rows=100 kept=45 total=360
[EMAPI] page=9 rows=100 kept=51 total=411
[EMAPI] page=10 rows=100 kept=48 total=459
[EMAPI] page=11 rows=100 kept=50 total=509
[EMAPI] page=12 rows=100 kept=51 total=560
[EMAPI] page=13 rows=100 kept=48 total=608
[EMAPI] page=14 rows=100 kept=53 total=661
[EMAPI] page=15 rows=100 kept=48 total=709
[EMAPI] page=16 rows=100 kept=49 total=758
[EMAPI] page=17 rows=100 kept=45 total=803
[EMAPI] page=18 rows=100 kept=50 total=853
[EMAPI] page=19 rows=100 kept=46 total=899
[EMAPI] page=20 rows=100 kept=41 total=940
[EMAPI] page=21 rows=100 kept=31 total=971
[EMAPI] page=22 rows=100 kept=36 total=1007
[EMAPI] page=23 rows=100 kept=47 total=1054
[EMAPI] page=24 rows=100 kept=33 total=1087
[EMAPI] page=25 rows=100 kept=40 total=1127
[SCAN] round=130 market=1127 picks=7 ts=2026-03-23T08:38:36.335Z
[EMAPI] page=1 rows=100 kept=44 total=44
[EMAPI] page=2 rows=100 kept=49 total=93
[EMAPI] page=3 rows=100 kept=44 total=137
[EMAPI] page=4 rows=100 kept=43 total=180
[EMAPI] page=5 rows=100 kept=36 total=216
[EMAPI] page=6 rows=100 kept=51 total=267
[EMAPI] page=7 rows=100 kept=48 total=315
[EMAPI] page=8 rows=100 kept=45 total=360
[EMAPI] page=9 rows=100 kept=51 total=411
[EMAPI] page=10 rows=100 kept=48 total=459
[EMAPI] page=11 rows=100 kept=50 total=509
[EMAPI] page=12 rows=100 kept=51 total=560
[EMAPI] page=13 rows=100 kept=48 total=608
[EMAPI] page=14 rows=100 kept=53 total=661
[EMAPI] page=15 rows=100 kept=48 total=709
[EMAPI] page=16 rows=100 kept=49 total=758
[EMAPI] page=17 rows=100 kept=45 total=803
[EMAPI] page=18 rows=100 kept=50 total=853
[EMAPI] page=19 rows=100 kept=46 total=899
[EMAPI] page=20 rows=100 kept=41 total=940
[EMAPI] page=21 rows=100 kept=31 total=971
[EMAPI] page=22 rows=100 kept=36 total=1007
[EMAPI] page=23 rows=100 kept=47 total=1054
[EMAPI] page=24 rows=100 kept=33 total=1087
[EMAPI] page=25 rows=100 kept=40 total=1127
[SCAN] round=131 market=1127 picks=7 ts=2026-03-23T08:39:37.413Z
[EMAPI] page=1 rows=100 kept=44 total=44
[EMAPI] page=2 rows=100 kept=49 total=93
[EMAPI] page=3 rows=100 kept=44 total=137
[EMAPI] page=4 rows=100 kept=43 total=180
[EMAPI] page=5 rows=100 kept=36 total=216
[EMAPI] page=6 rows=100 kept=51 total=267
[EMAPI] page=7 rows=100 kept=48 total=315
[EMAPI] page=8 rows=100 kept=45 total=360
[EMAPI] page=9 rows=100 kept=51 total=411
[EMAPI] page=10 rows=100 kept=48 total=459
[EMAPI] page=11 rows=100 kept=50 total=509
[EMAPI] page=12 rows=100 kept=51 total=560
[EMAPI] page=13 rows=100 kept=48 total=608
[EMAPI] page=14 rows=100 kept=53 total=661
[EMAPI] page=15 rows=100 kept=48 total=709
[EMAPI] page=16 rows=100 kept=49 total=758
[EMAPI] page=17 rows=100 kept=45 total=803
[EMAPI] page=18 rows=100 kept=50 total=853
[EMAPI] page=19 rows=100 kept=46 total=899
[EMAPI] page=20 rows=100 kept=41 total=940
[EMAPI] page=21 rows=100 kept=31 total=971
[EMAPI] page=22 rows=100 kept=36 total=1007
[EMAPI] page=23 rows=100 kept=47 total=1054
[EMAPI] page=24 rows=100 kept=33 total=1087
[EMAPI] page=25 rows=100 kept=40 total=1127
[SCAN] round=132 market=1127 picks=7 ts=2026-03-23T08:40:38.670Z
[EMAPI] page=1 rows=100 kept=44 total=44
[EMAPI] page=2 rows=100 kept=49 total=93
[EMAPI] page=3 rows=100 kept=44 total=137
[EMAPI] page=4 rows=100 kept=43 total=180
[EMAPI] page=5 rows=100 kept=36 total=216
[EMAPI] page=6 rows=100 kept=51 total=267
[EMAPI] page=7 rows=100 kept=48 total=315
[EMAPI] page=8 rows=100 kept=45 total=360
[EMAPI] page=9 rows=100 kept=51 total=411
[EMAPI] page=10 rows=100 kept=48 total=459
[EMAPI] page=11 rows=100 kept=50 total=509
[EMAPI] page=12 rows=100 kept=51 total=560
[EMAPI] page=13 rows=100 kept=48 total=608
[EMAPI] page=14 rows=100 kept=53 total=661
[EMAPI] page=15 rows=100 kept=48 total=709
[EMAPI] page=16 rows=100 kept=49 total=758
[EMAPI] page=17 rows=100 kept=45 total=803
[EMAPI] page=18 rows=100 kept=50 total=853
[EMAPI] page=19 rows=100 kept=46 total=899
[EMAPI] page=20 rows=100 kept=41 total=940
[EMAPI] page=21 rows=100 kept=31 total=971
[EMAPI] page=22 rows=100 kept=36 total=1007
[EMAPI] page=23 rows=100 kept=47 total=1054
[EMAPI] page=24 rows=100 kept=33 total=1087
[EMAPI] page=25 rows=100 kept=40 total=1127
[SCAN] round=133 market=1127 picks=7 ts=2026-03-23T08:41:38.378Z
[EMAPI] page=1 rows=100 kept=44 total=44
[EMAPI] page=2 rows=100 kept=49 total=93
[EMAPI] page=3 rows=100 kept=44 total=137
[EMAPI] page=4 rows=100 kept=43 total=180
[EMAPI] page=5 rows=100 kept=36 total=216
[EMAPI] page=6 rows=100 kept=51 total=267
[EMAPI] page=7 rows=100 kept=48 total=315
[EMAPI] page=8 rows=100 kept=45 total=360
[EMAPI] page=9 rows=100 kept=51 total=411
[EMAPI] page=10 rows=100 kept=48 total=459
[EMAPI] page=11 rows=100 kept=50 total=509
[EMAPI] page=12 rows=100 kept=51 total=560
[EMAPI] page=13 rows=100 kept=48 total=608
[EMAPI] page=14 rows=100 kept=53 total=661
[EMAPI] page=15 rows=100 kept=48 total=709
[EMAPI] page=16 rows=100 kept=49 total=758
[EMAPI] page=17 rows=100 kept=45 total=803
[EMAPI] page=18 rows=100 kept=50 total=853
[EMAPI] page=19 rows=100 kept=46 total=899
[EMAPI] page=20 rows=100 kept=41 total=940
[EMAPI] page=21 rows=100 kept=31 total=971
[EMAPI] page=22 rows=100 kept=36 total=1007
[EMAPI] page=23 rows=100 kept=47 total=1054
[EMAPI] page=24 rows=100 kept=33 total=1087
[EMAPI] page=25 rows=100 kept=40 total=1127
[SCAN] round=134 market=1127 picks=7 ts=2026-03-23T08:42:37.046Z
[EMAPI] page=1 rows=100 kept=44 total=44
[EMAPI] page=2 rows=100 kept=49 total=93
[EMAPI] page=3 rows=100 kept=44 total=137
[EMAPI] page=4 rows=100 kept=43 total=180
[EMAPI] page=5 rows=100 kept=36 total=216
[EMAPI] page=6 rows=100 kept=51 total=267
[EMAPI] page=7 rows=100 kept=48 total=315
[EMAPI] page=8 rows=100 kept=45 total=360
[EMAPI] page=9 rows=100 kept=51 total=411
[EMAPI] page=10 rows=100 kept=48 total=459
[EMAPI] page=11 rows=100 kept=50 total=509
[EMAPI] page=12 rows=100 kept=51 total=560
[EMAPI] page=13 rows=100 kept=48 total=608
[EMAPI] page=14 rows=100 kept=53 total=661
[EMAPI] page=15 rows=100 kept=48 total=709
[EMAPI] page=16 rows=100 kept=49 total=758
[EMAPI] page=17 rows=100 kept=45 total=803
[EMAPI] page=18 rows=100 kept=50 total=853
[EMAPI] page=19 rows=100 kept=46 total=899
[EMAPI] page=20 rows=100 kept=41 total=940
[EMAPI] page=21 rows=100 kept=31 total=971
[EMAPI] page=22 rows=100 kept=36 total=1007
[EMAPI] page=23 rows=100 kept=47 total=1054
[EMAPI] page=24 rows=100 kept=33 total=1087
[EMAPI] page=25 rows=100 kept=40 total=1127
[SCAN] round=135 market=1127 picks=7 ts=2026-03-23T08:43:36.906Z
[EMAPI] page=1 rows=100 kept=44 total=44
[EMAPI] page=2 rows=100 kept=49 total=93
[EMAPI] page=3 rows=100 kept=44 total=137
[EMAPI] page=4 rows=100 kept=43 total=180
[EMAPI] page=5 rows=100 kept=36 total=216
[EMAPI] page=6 rows=100 kept=51 total=267
[EMAPI] page=7 rows=100 kept=48 total=315
[EMAPI] page=8 rows=100 kept=45 total=360
[EMAPI] page=9 rows=100 kept=51 total=411
[EMAPI] page=10 rows=100 kept=48 total=459
[EMAPI] page=11 rows=100 kept=50 total=509
[EMAPI] page=12 rows=100 kept=51 total=560
[EMAPI] page=13 rows=100 kept=48 total=608
[EMAPI] page=14 rows=100 kept=53 total=661
[EMAPI] page=15 rows=100 kept=48 total=709
[EMAPI] page=16 rows=100 kept=49 total=758
[EMAPI] page=17 rows=100 kept=45 total=803
[EMAPI] page=18 rows=100 kept=50 total=853
[EMAPI] page=19 rows=100 kept=46 total=899
[EMAPI] page=20 rows=100 kept=41 total=940
[EMAPI] page=21 rows=100 kept=31 total=971
[EMAPI] page=22 rows=100 kept=36 total=1007
[EMAPI] page=23 rows=100 kept=47 total=1054
[EMAPI] page=24 rows=100 kept=33 total=1087
[EMAPI] page=25 rows=100 kept=40 total=1127
[SCAN] round=136 market=1127 picks=7 ts=2026-03-23T08:44:37.570Z
[EMAPI] page=1 rows=100 kept=44 total=44
[EMAPI] page=2 rows=100 kept=49 total=93
[EMAPI] page=3 rows=100 kept=44 total=137
[EMAPI] page=4 rows=100 kept=43 total=180
[EMAPI] page=5 rows=100 kept=36 total=216
[EMAPI] page=6 rows=100 kept=51 total=267
[EMAPI] page=7 rows=100 kept=48 total=315
[EMAPI] page=8 rows=100 kept=45 total=360
[EMAPI] page=9 rows=100 kept=51 total=411
[EMAPI] page=10 rows=100 kept=48 total=459
[EMAPI] page=11 rows=100 kept=50 total=509
[EMAPI] page=12 rows=100 kept=51 total=560
[EMAPI] page=13 rows=100 kept=48 total=608
[EMAPI] page=14 rows=100 kept=53 total=661
[EMAPI] page=15 rows=100 kept=48 total=709
[EMAPI] page=16 rows=100 kept=49 total=758
[EMAPI] page=17 rows=100 kept=45 total=803
[EMAPI] page=18 rows=100 kept=50 total=853
[EMAPI] page=19 rows=100 kept=46 total=899
[EMAPI] page=20 rows=100 kept=41 total=940
[EMAPI] page=21 rows=100 kept=31 total=971
[EMAPI] page=22 rows=100 kept=36 total=1007
[EMAPI] page=23 rows=100 kept=47 total=1054
[EMAPI] page=24 rows=100 kept=33 total=1087
[EMAPI] page=25 rows=100 kept=40 total=1127
[SCAN] round=137 market=1127 picks=7 ts=2026-03-23T08:45:36.813Z
[EMAPI] page=1 rows=100 kept=44 total=44
[EMAPI] page=2 rows=100 kept=49 total=93
[EMAPI] page=3 rows=100 kept=44 total=137
[EMAPI] page=4 rows=100 kept=43 total=180
[EMAPI] page=5 rows=100 kept=36 total=216
[EMAPI] page=6 rows=100 kept=51 total=267
[EMAPI] page=7 rows=100 kept=48 total=315
[EMAPI] page=8 rows=100 kept=45 total=360
[EMAPI] page=9 rows=100 kept=51 total=411
[EMAPI] page=10 rows=100 kept=48 total=459
[EMAPI] page=11 rows=100 kept=50 total=509
[EMAPI] page=12 rows=100 kept=51 total=560
[EMAPI] page=13 rows=100 kept=48 total=608
[EMAPI] page=14 rows=100 kept=53 total=661
[EMAPI] page=15 rows=100 kept=48 total=709
[EMAPI] page=16 rows=100 kept=49 total=758
[EMAPI] page=17 rows=100 kept=45 total=803
[EMAPI] page=18 rows=100 kept=50 total=853
[EMAPI] page=19 rows=100 kept=46 total=899
[EMAPI] page=20 rows=100 kept=41 total=940
[EMAPI] page=21 rows=100 kept=31 total=971
[EMAPI] page=22 rows=100 kept=36 total=1007
[EMAPI] page=23 rows=100 kept=47 total=1054
[EMAPI] page=24 rows=100 kept=33 total=1087
[EMAPI] page=25 rows=100 kept=40 total=1127
[SCAN] round=138 market=1127 picks=7 ts=2026-03-23T08:46:37.436Z
[EMAPI] page=1 rows=100 kept=44 total=44
[EMAPI] page=2 rows=100 kept=49 total=93
[EMAPI] page=3 rows=100 kept=44 total=137
[EMAPI] page=4 rows=100 kept=43 total=180
[EMAPI] page=5 rows=100 kept=36 total=216
[EMAPI] page=6 rows=100 kept=51 total=267
[EMAPI] page=7 rows=100 kept=48 total=315
[EMAPI] page=8 rows=100 kept=45 total=360
[EMAPI] page=9 rows=100 kept=51 total=411
[EMAPI] page=10 rows=100 kept=48 total=459
[EMAPI] page=11 rows=100 kept=50 total=509
[EMAPI] page=12 rows=100 kept=51 total=560
[EMAPI] page=13 rows=100 kept=48 total=608
[EMAPI] page=14 rows=100 kept=53 total=661
[EMAPI] page=15 rows=100 kept=48 total=709
[EMAPI] page=16 rows=100 kept=49 total=758
[EMAPI] page=17 rows=100 kept=45 total=803
[EMAPI] page=18 rows=100 kept=50 total=853
[EMAPI] page=19 rows=100 kept=46 total=899
[EMAPI] page=20 rows=100 kept=41 total=940
[EMAPI] page=21 rows=100 kept=31 total=971
[EMAPI] page=22 rows=100 kept=36 total=1007
[EMAPI] page=23 rows=100 kept=47 total=1054
[EMAPI] page=24 rows=100 kept=33 total=1087
[EMAPI] page=25 rows=100 kept=40 total=1127
[SCAN] round=139 market=1127 picks=7 ts=2026-03-23T08:47:36.628Z
[EMAPI] page=1 rows=100 kept=44 total=44
[EMAPI] page=2 rows=100 kept=49 total=93
[EMAPI] page=3 rows=100 kept=44 total=137
[EMAPI] page=4 rows=100 kept=43 total=180
[EMAPI] page=5 rows=100 kept=36 total=216
[EMAPI] page=6 rows=100 kept=51 total=267
[EMAPI] page=7 rows=100 kept=48 total=315
[EMAPI] page=8 rows=100 kept=45 total=360
[EMAPI] page=9 rows=100 kept=51 total=411
[EMAPI] page=10 rows=100 kept=48 total=459
[EMAPI] page=11 rows=100 kept=50 total=509
[EMAPI] page=12 rows=100 kept=51 total=560
[EMAPI] page=13 rows=100 kept=48 total=608
[EMAPI] page=14 rows=100 kept=53 total=661
[EMAPI] page=15 rows=100 kept=48 total=709
[EMAPI] page=16 rows=100 kept=49 total=758
[EMAPI] page=17 rows=100 kept=45 total=803
[EMAPI] page=18 rows=100 kept=50 total=853
[EMAPI] page=19 rows=100 kept=46 total=899
[EMAPI] page=20 rows=100 kept=41 total=940
[EMAPI] page=21 rows=100 kept=31 total=971
[EMAPI] page=22 rows=100 kept=36 total=1007
[EMAPI] page=23 rows=100 kept=47 total=1054
[EMAPI] page=24 rows=100 kept=33 total=1087
[EMAPI] page=25 rows=100 kept=40 total=1127
[SCAN] round=140 market=1127 picks=7 ts=2026-03-23T08:48:38.018Z
[EMAPI] page=1 rows=100 kept=44 total=44
[EMAPI] page=2 rows=100 kept=49 total=93
[EMAPI] page=3 rows=100 kept=44 total=137
[EMAPI] page=4 rows=100 kept=43 total=180
[EMAPI] page=5 rows=100 kept=36 total=216
[EMAPI] page=6 rows=100 kept=51 total=267
[EMAPI] page=7 rows=100 kept=48 total=315
[EMAPI] page=8 rows=100 kept=45 total=360
[EMAPI] page=9 rows=100 kept=51 total=411
[EMAPI] page=10 rows=100 kept=48 total=459
[EMAPI] page=11 rows=100 kept=50 total=509
[EMAPI] page=12 rows=100 kept=51 total=560
[EMAPI] page=13 rows=100 kept=48 total=608
[EMAPI] page=14 rows=100 kept=53 total=661
[EMAPI] page=15 rows=100 kept=48 total=709
[EMAPI] page=16 rows=100 kept=49 total=758
[EMAPI] page=17 rows=100 kept=45 total=803
[EMAPI] page=18 rows=100 kept=50 total=853
[EMAPI] page=19 rows=100 kept=46 total=899
[EMAPI] page=20 rows=100 kept=41 total=940
[EMAPI] page=21 rows=100 kept=31 total=971
[EMAPI] page=22 rows=100 kept=36 total=1007
[EMAPI] page=23 rows=100 kept=47 total=1054
[EMAPI] page=24 rows=100 kept=33 total=1087
[EMAPI] page=25 rows=100 kept=40 total=1127
[SCAN] round=141 market=1127 picks=7 ts=2026-03-23T08:49:36.673Z
[EMAPI] page=1 rows=100 kept=44 total=44
[EMAPI] page=2 rows=100 kept=49 total=93
[EMAPI] page=3 rows=100 kept=44 total=137
[EMAPI] page=4 rows=100 kept=43 total=180
[EMAPI] page=5 rows=100 kept=36 total=216
[EMAPI] page=6 rows=100 kept=51 total=267
[EMAPI] page=7 rows=100 kept=48 total=315
[EMAPI] page=8 rows=100 kept=45 total=360
[EMAPI] page=9 rows=100 kept=51 total=411
[EMAPI] page=10 rows=100 kept=48 total=459
[EMAPI] page=11 rows=100 kept=50 total=509
[EMAPI] page=12 rows=100 kept=51 total=560
[EMAPI] page=13 rows=100 kept=48 total=608
[EMAPI] page=14 rows=100 kept=53 total=661
[EMAPI] page=15 rows=100 kept=48 total=709
[EMAPI] page=16 rows=100 kept=49 total=758
[EMAPI] page=17 rows=100 kept=45 total=803
[EMAPI] page=18 rows=100 kept=50 total=853
[EMAPI] page=19 rows=100 kept=46 total=899
[EMAPI] page=20 rows=100 kept=41 total=940
[EMAPI] page=21 rows=100 kept=31 total=971
[EMAPI] page=22 rows=100 kept=36 total=1007
[EMAPI] page=23 rows=100 kept=47 total=1054
[EMAPI] page=24 rows=100 kept=33 total=1087
[EMAPI] page=25 rows=100 kept=40 total=1127
[SCAN] round=142 market=1127 picks=7 ts=2026-03-23T08:50:36.888Z
[EMAPI] page=1 rows=100 kept=44 total=44
[EMAPI] page=2 rows=100 kept=49 total=93
[EMAPI] page=3 rows=100 kept=44 total=137
[EMAPI] page=4 rows=100 kept=43 total=180
[EMAPI] page=5 rows=100 kept=36 total=216
[EMAPI] page=6 rows=100 kept=51 total=267
[EMAPI] page=7 rows=100 kept=48 total=315
[EMAPI] page=8 rows=100 kept=45 total=360
[EMAPI] page=9 rows=100 kept=51 total=411
[EMAPI] page=10 rows=100 kept=48 total=459
[EMAPI] page=11 rows=100 kept=50 total=509
[EMAPI] page=12 rows=100 kept=51 total=560
[EMAPI] page=13 rows=100 kept=48 total=608
[EMAPI] page=14 rows=100 kept=53 total=661
[EMAPI] page=15 rows=100 kept=48 total=709
[EMAPI] page=16 rows=100 kept=49 total=758
[EMAPI] page=17 rows=100 kept=45 total=803
[EMAPI] page=18 rows=100 kept=50 total=853
[EMAPI] page=19 rows=100 kept=46 total=899
[EMAPI] page=20 rows=100 kept=41 total=940
[EMAPI] page=21 rows=100 kept=31 total=971
[EMAPI] page=22 rows=100 kept=36 total=1007
[EMAPI] page=23 rows=100 kept=47 total=1054
[EMAPI] page=24 rows=100 kept=33 total=1087
[EMAPI] page=25 rows=100 kept=40 total=1127
[SCAN] round=143 market=1127 picks=7 ts=2026-03-23T08:51:36.797Z
[EMAPI] page=1 rows=100 kept=44 total=44
[EMAPI] page=2 rows=100 kept=49 total=93
[EMAPI] page=3 rows=100 kept=44 total=137
[EMAPI] page=4 rows=100 kept=43 total=180
[EMAPI] page=5 rows=100 kept=36 total=216
[EMAPI] page=6 rows=100 kept=51 total=267
[EMAPI] page=7 rows=100 kept=48 total=315
[EMAPI] page=8 rows=100 kept=45 total=360
[EMAPI] page=9 rows=100 kept=51 total=411
[EMAPI] page=10 rows=100 kept=48 total=459
[EMAPI] page=11 rows=100 kept=50 total=509
[EMAPI] page=12 rows=100 kept=51 total=560
[EMAPI] page=13 rows=100 kept=48 total=608
[EMAPI] page=14 rows=100 kept=53 total=661
[EMAPI] page=15 rows=100 kept=48 total=709
[EMAPI] page=16 rows=100 kept=49 total=758
[EMAPI] page=17 rows=100 kept=45 total=803
[EMAPI] page=18 rows=100 kept=50 total=853
[EMAPI] page=19 rows=100 kept=46 total=899
[EMAPI] page=20 rows=100 kept=41 total=940
[EMAPI] page=21 rows=100 kept=31 total=971
[EMAPI] page=22 rows=100 kept=36 total=1007
[EMAPI] page=23 rows=100 kept=47 total=1054
[EMAPI] page=24 rows=100 kept=33 total=1087
[EMAPI] page=25 rows=100 kept=40 total=1127
[SCAN] round=144 market=1127 picks=7 ts=2026-03-23T08:52:36.484Z
[EMAPI] page=1 rows=100 kept=44 total=44
[EMAPI] page=2 rows=100 kept=49 total=93
[EMAPI] page=3 rows=100 kept=44 total=137
[EMAPI] page=4 rows=100 kept=43 total=180
[EMAPI] page=5 rows=100 kept=36 total=216
[EMAPI] page=6 rows=100 kept=51 total=267
[EMAPI] page=7 rows=100 kept=48 total=315
[EMAPI] page=8 rows=100 kept=45 total=360
[EMAPI] page=9 rows=100 kept=51 total=411
[EMAPI] page=10 rows=100 kept=48 total=459
[EMAPI] page=11 rows=100 kept=50 total=509
[EMAPI] page=12 rows=100 kept=51 total=560
[EMAPI] page=13 rows=100 kept=48 total=608
[EMAPI] page=14 rows=100 kept=53 total=661
[EMAPI] page=15 rows=100 kept=48 total=709
[EMAPI] page=16 rows=100 kept=49 total=758
[EMAPI] page=17 rows=100 kept=45 total=803
[EMAPI] page=18 rows=100 kept=50 total=853
[EMAPI] page=19 rows=100 kept=46 total=899
[EMAPI] page=20 rows=100 kept=41 total=940
[EMAPI] page=21 rows=100 kept=31 total=971
[EMAPI] page=22 rows=100 kept=36 total=1007
[EMAPI] page=23 rows=100 kept=47 total=1054
[EMAPI] page=24 rows=100 kept=33 total=1087
[EMAPI] page=25 rows=100 kept=40 total=1127
[SCAN] round=145 market=1127 picks=7 ts=2026-03-23T08:53:36.802Z
[EMAPI] page=1 rows=100 kept=44 total=44
[EMAPI] page=2 rows=100 kept=49 total=93
[EMAPI] page=3 rows=100 kept=44 total=137
[EMAPI] page=4 rows=100 kept=43 total=180
[EMAPI] page=5 rows=100 kept=36 total=216
[EMAPI] page=6 rows=100 kept=51 total=267
[EMAPI] page=7 rows=100 kept=48 total=315
[EMAPI] page=8 rows=100 kept=45 total=360
[EMAPI] page=9 rows=100 kept=51 total=411
[EMAPI] page=10 rows=100 kept=48 total=459
[EMAPI] page=11 rows=100 kept=50 total=509
[EMAPI] page=12 rows=100 kept=51 total=560
[EMAPI] page=13 rows=100 kept=48 total=608
[EMAPI] page=14 rows=100 kept=53 total=661
[EMAPI] page=15 rows=100 kept=48 total=709
[EMAPI] page=16 rows=100 kept=49 total=758
[EMAPI] page=17 rows=100 kept=45 total=803
[EMAPI] page=18 rows=100 kept=50 total=853
[EMAPI] page=19 rows=100 kept=46 total=899
[EMAPI] page=20 rows=100 kept=41 total=940
[EMAPI] page=21 rows=100 kept=31 total=971
[EMAPI] page=22 rows=100 kept=36 total=1007
[EMAPI] page=23 rows=100 kept=47 total=1054
[EMAPI] page=24 rows=100 kept=33 total=1087
[EMAPI] page=25 rows=100 kept=40 total=1127
[SCAN] round=146 market=1127 picks=7 ts=2026-03-23T08:54:36.330Z
[EMAPI] page=1 rows=100 kept=44 total=44
[EMAPI] page=2 rows=100 kept=49 total=93
[EMAPI] page=3 rows=100 kept=44 total=137
[EMAPI] page=4 rows=100 kept=43 total=180
[EMAPI] page=5 rows=100 kept=36 total=216
[EMAPI] page=6 rows=100 kept=51 total=267
[EMAPI] page=7 rows=100 kept=48 total=315
[EMAPI] page=8 rows=100 kept=45 total=360
[EMAPI] page=9 rows=100 kept=51 total=411
[EMAPI] page=10 rows=100 kept=48 total=459
[EMAPI] page=11 rows=100 kept=50 total=509
[EMAPI] page=12 rows=100 kept=51 total=560
[EMAPI] page=13 rows=100 kept=48 total=608
[EMAPI] page=14 rows=100 kept=53 total=661
[EMAPI] page=15 rows=100 kept=48 total=709
[EMAPI] page=16 rows=100 kept=49 total=758
[EMAPI] page=17 rows=100 kept=45 total=803
[EMAPI] page=18 rows=100 kept=50 total=853
[EMAPI] page=19 rows=100 kept=46 total=899
[EMAPI] page=20 rows=100 kept=41 total=940
[EMAPI] page=21 rows=100 kept=31 total=971
[EMAPI] page=22 rows=100 kept=36 total=1007
[EMAPI] page=23 rows=100 kept=47 total=1054
[EMAPI] page=24 rows=100 kept=33 total=1087
[EMAPI] page=25 rows=100 kept=40 total=1127
[SCAN] round=147 market=1127 picks=7 ts=2026-03-23T08:55:36.697Z
[EMAPI] page=1 rows=100 kept=44 total=44
[EMAPI] page=2 rows=100 kept=49 total=93
[EMAPI] page=3 rows=100 kept=44 total=137
[EMAPI] page=4 rows=100 kept=43 total=180
[EMAPI] page=5 rows=100 kept=36 total=216
[EMAPI] page=6 rows=100 kept=51 total=267
[EMAPI] page=7 rows=100 kept=48 total=315
[EMAPI] page=8 rows=100 kept=45 total=360
[EMAPI] page=9 rows=100 kept=51 total=411
[EMAPI] page=10 rows=100 kept=48 total=459
[EMAPI] page=11 rows=100 kept=50 total=509
[EMAPI] page=12 rows=100 kept=51 total=560
[EMAPI] page=13 rows=100 kept=48 total=608
[EMAPI] page=14 rows=100 kept=53 total=661
[EMAPI] page=15 rows=100 kept=48 total=709
[EMAPI] page=16 rows=100 kept=49 total=758
[EMAPI] page=17 rows=100 kept=45 total=803
[EMAPI] page=18 rows=100 kept=50 total=853
[EMAPI] page=19 rows=100 kept=46 total=899
[EMAPI] page=20 rows=100 kept=41 total=940
[EMAPI] page=21 rows=100 kept=31 total=971
[EMAPI] page=22 rows=100 kept=36 total=1007
[EMAPI] page=23 rows=100 kept=47 total=1054
[EMAPI] page=24 rows=100 kept=33 total=1087
[EMAPI] page=25 rows=100 kept=40 total=1127
[SCAN] round=148 market=1127 picks=7 ts=2026-03-23T08:56:36.486Z
[EMAPI] page=1 rows=100 kept=44 total=44
[EMAPI] page=2 rows=100 kept=49 total=93
[EMAPI] page=3 rows=100 kept=44 total=137
[EMAPI] page=4 rows=100 kept=43 total=180
[EMAPI] page=5 rows=100 kept=36 total=216
[EMAPI] page=6 rows=100 kept=51 total=267
[EMAPI] page=7 rows=100 kept=48 total=315
[EMAPI] page=8 rows=100 kept=45 total=360
[EMAPI] page=9 rows=100 kept=51 total=411
[EMAPI] page=10 rows=100 kept=48 total=459
[EMAPI] page=11 rows=100 kept=50 total=509
[EMAPI] page=12 rows=100 kept=51 total=560
[EMAPI] page=13 rows=100 kept=48 total=608
[EMAPI] page=14 rows=100 kept=53 total=661
[EMAPI] page=15 rows=100 kept=48 total=709
[EMAPI] page=16 rows=100 kept=49 total=758
[EMAPI] page=17 rows=100 kept=45 total=803
[EMAPI] page=18 rows=100 kept=50 total=853
[EMAPI] page=19 rows=100 kept=46 total=899
[EMAPI] page=20 rows=100 kept=41 total=940
[EMAPI] page=21 rows=100 kept=31 total=971
[EMAPI] page=22 rows=100 kept=36 total=1007
[EMAPI] page=23 rows=100 kept=47 total=1054
[EMAPI] page=24 rows=100 kept=33 total=1087
[EMAPI] page=25 rows=100 kept=40 total=1127
[SCAN] round=149 market=1127 picks=7 ts=2026-03-23T08:57:37.536Z
[EMAPI] page=1 rows=100 kept=44 total=44
[EMAPI] page=2 rows=100 kept=49 total=93
[EMAPI] page=3 rows=100 kept=44 total=137
[EMAPI] page=4 rows=100 kept=43 total=180
[EMAPI] page=5 rows=100 kept=36 total=216
[EMAPI] page=6 rows=100 kept=51 total=267
[EMAPI] page=7 rows=100 kept=48 total=315
[EMAPI] page=8 rows=100 kept=45 total=360
[EMAPI] page=9 rows=100 kept=51 total=411
[EMAPI] page=10 rows=100 kept=48 total=459
[EMAPI] page=11 rows=100 kept=50 total=509
[EMAPI] page=12 rows=100 kept=51 total=560
[EMAPI] page=13 rows=100 kept=48 total=608
[EMAPI] page=14 rows=100 kept=53 total=661
[EMAPI] page=15 rows=100 kept=48 total=709
[EMAPI] page=16 rows=100 kept=49 total=758
[EMAPI] page=17 rows=100 kept=45 total=803
[EMAPI] page=18 rows=100 kept=50 total=853
[EMAPI] page=19 rows=100 kept=46 total=899
[EMAPI] page=20 rows=100 kept=41 total=940
[EMAPI] page=21 rows=100 kept=31 total=971
[EMAPI] page=22 rows=100 kept=36 total=1007
[EMAPI] page=23 rows=100 kept=47 total=1054
[EMAPI] page=24 rows=100 kept=33 total=1087
[EMAPI] page=25 rows=100 kept=40 total=1127
[SCAN] round=150 market=1127 picks=7 ts=2026-03-23T08:58:37.217Z
[EMAPI] page=1 rows=100 kept=44 total=44
[EMAPI] page=2 rows=100 kept=49 total=93
[EMAPI] page=3 rows=100 kept=44 total=137
[EMAPI] page=4 rows=100 kept=43 total=180
[EMAPI] page=5 rows=100 kept=36 total=216
[EMAPI] page=6 rows=100 kept=51 total=267
[EMAPI] page=7 rows=100 kept=48 total=315
[EMAPI] page=8 rows=100 kept=45 total=360
[EMAPI] page=9 rows=100 kept=51 total=411
[EMAPI] page=10 rows=100 kept=48 total=459
[EMAPI] page=11 rows=100 kept=50 total=509
[EMAPI] page=12 rows=100 kept=51 total=560
[EMAPI] page=13 rows=100 kept=48 total=608
[EMAPI] page=14 rows=100 kept=53 total=661
[EMAPI] page=15 rows=100 kept=48 total=709
[EMAPI] page=16 rows=100 kept=49 total=758
[EMAPI] page=17 rows=100 kept=45 total=803
[EMAPI] page=18 rows=100 kept=50 total=853
[EMAPI] page=19 rows=100 kept=46 total=899
[EMAPI] page=20 rows=100 kept=41 total=940
[EMAPI] page=21 rows=100 kept=31 total=971
[EMAPI] page=22 rows=100 kept=36 total=1007
[EMAPI] page=23 rows=100 kept=47 total=1054
[EMAPI] page=24 rows=100 kept=33 total=1087
[EMAPI] page=25 rows=100 kept=40 total=1127
[SCAN] round=151 market=1127 picks=7 ts=2026-03-23T08:59:37.691Z
[EMAPI] page=1 rows=100 kept=44 total=44
[EMAPI] page=2 rows=100 kept=49 total=93
[EMAPI] page=3 rows=100 kept=44 total=137
[EMAPI] page=4 rows=100 kept=43 total=180
[EMAPI] page=5 rows=100 kept=36 total=216
[EMAPI] page=6 rows=100 kept=51 total=267
[EMAPI] page=7 rows=100 kept=48 total=315
[EMAPI] page=8 rows=100 kept=45 total=360
[EMAPI] page=9 rows=100 kept=51 total=411
[EMAPI] page=10 rows=100 kept=48 total=459
[EMAPI] page=11 rows=100 kept=50 total=509
[EMAPI] page=12 rows=100 kept=51 total=560
[EMAPI] page=13 rows=100 kept=48 total=608
[EMAPI] page=14 rows=100 kept=53 total=661
[EMAPI] page=15 rows=100 kept=48 total=709
[EMAPI] page=16 rows=100 kept=49 total=758
[EMAPI] page=17 rows=100 kept=45 total=803
[EMAPI] page=18 rows=100 kept=50 total=853
[EMAPI] page=19 rows=100 kept=46 total=899
[EMAPI] page=20 rows=100 kept=41 total=940
[EMAPI] page=21 rows=100 kept=31 total=971
[EMAPI] page=22 rows=100 kept=36 total=1007
[EMAPI] page=23 rows=100 kept=47 total=1054
[EMAPI] page=24 rows=100 kept=33 total=1087
[EMAPI] page=25 rows=100 kept=40 total=1127
[SCAN] round=152 market=1127 picks=7 ts=2026-03-23T09:00:37.332Z
[EMAPI] page=1 rows=100 kept=44 total=44
[EMAPI] page=2 rows=100 kept=49 total=93
[EMAPI] page=3 rows=100 kept=44 total=137
[EMAPI] page=4 rows=100 kept=43 total=180
[EMAPI] page=5 rows=100 kept=36 total=216
[EMAPI] page=6 rows=100 kept=51 total=267
[EMAPI] page=7 rows=100 kept=48 total=315
[EMAPI] page=8 rows=100 kept=45 total=360
[EMAPI] page=9 rows=100 kept=51 total=411
[EMAPI] page=10 rows=100 kept=48 total=459
[EMAPI] page=11 rows=100 kept=50 total=509
[EMAPI] page=12 rows=100 kept=51 total=560
[EMAPI] page=13 rows=100 kept=48 total=608
[EMAPI] page=14 rows=100 kept=53 total=661
[EMAPI] page=15 rows=100 kept=48 total=709
[EMAPI] page=16 rows=100 kept=49 total=758
[EMAPI] page=17 rows=100 kept=45 total=803
[EMAPI] page=18 rows=100 kept=50 total=853
[EMAPI] page=19 rows=100 kept=46 total=899
[EMAPI] page=20 rows=100 kept=41 total=940
[EMAPI] page=21 rows=100 kept=31 total=971
[EMAPI] page=22 rows=100 kept=36 total=1007
[EMAPI] page=23 rows=100 kept=47 total=1054
[EMAPI] page=24 rows=100 kept=33 total=1087
[EMAPI] page=25 rows=100 kept=40 total=1127
[SCAN] round=153 market=1127 picks=7 ts=2026-03-23T09:01:39.676Z
[EMAPI] page=1 rows=100 kept=44 total=44
[EMAPI] page=2 rows=100 kept=49 total=93
[EMAPI] page=3 rows=100 kept=44 total=137
[EMAPI] page=4 rows=100 kept=43 total=180
[EMAPI] page=5 rows=100 kept=36 total=216
[EMAPI] page=6 rows=100 kept=51 total=267
[EMAPI] page=7 rows=100 kept=48 total=315
[EMAPI] page=8 rows=100 kept=45 total=360
[EMAPI] page=9 rows=100 kept=51 total=411
[EMAPI] page=10 rows=100 kept=48 total=459
[EMAPI] page=11 rows=100 kept=50 total=509
[EMAPI] page=12 rows=100 kept=51 total=560
[EMAPI] page=13 rows=100 kept=48 total=608
[EMAPI] page=14 rows=100 kept=53 total=661
[EMAPI] page=15 rows=100 kept=48 total=709
[EMAPI] page=16 rows=100 kept=49 total=758
[EMAPI] page=17 rows=100 kept=45 total=803
[EMAPI] page=18 rows=100 kept=50 total=853
[EMAPI] page=19 rows=100 kept=46 total=899
[EMAPI] page=20 rows=100 kept=41 total=940
[EMAPI] page=21 rows=100 kept=31 total=971
[EMAPI] page=22 rows=100 kept=36 total=1007
[EMAPI] page=23 rows=100 kept=47 total=1054
[EMAPI] page=24 rows=100 kept=33 total=1087
[EMAPI] page=25 rows=100 kept=40 total=1127
[SCAN] round=154 market=1127 picks=7 ts=2026-03-23T09:02:36.971Z
[EMAPI] page=1 rows=100 kept=44 total=44
[EMAPI] page=2 rows=100 kept=49 total=93
[EMAPI] page=3 rows=100 kept=44 total=137
[EMAPI] page=4 rows=100 kept=43 total=180
[EMAPI] page=5 rows=100 kept=36 total=216
[EMAPI] page=6 rows=100 kept=51 total=267
[EMAPI] page=7 rows=100 kept=48 total=315
[EMAPI] page=8 rows=100 kept=45 total=360
[EMAPI] page=9 rows=100 kept=51 total=411
[EMAPI] page=10 rows=100 kept=48 total=459
[EMAPI] page=11 rows=100 kept=50 total=509
[EMAPI] page=12 rows=100 kept=51 total=560
[EMAPI] page=13 rows=100 kept=48 total=608
[EMAPI] page=14 rows=100 kept=53 total=661
[EMAPI] page=15 rows=100 kept=48 total=709
[EMAPI] page=16 rows=100 kept=49 total=758
[EMAPI] page=17 rows=100 kept=45 total=803
[EMAPI] page=18 rows=100 kept=50 total=853
[EMAPI] page=19 rows=100 kept=46 total=899
[EMAPI] page=20 rows=100 kept=41 total=940
[EMAPI] page=21 rows=100 kept=31 total=971
[EMAPI] page=22 rows=100 kept=36 total=1007
[EMAPI] page=23 rows=100 kept=47 total=1054
[EMAPI] page=24 rows=100 kept=33 total=1087
[EMAPI] page=25 rows=100 kept=40 total=1127
[SCAN] round=155 market=1127 picks=7 ts=2026-03-23T09:03:36.500Z
[EMAPI] page=1 rows=100 kept=44 total=44
[EMAPI] page=2 rows=100 kept=49 total=93
[EMAPI] page=3 rows=100 kept=44 total=137
[EMAPI] page=4 rows=100 kept=43 total=180
[EMAPI] page=5 rows=100 kept=36 total=216
[EMAPI] page=6 rows=100 kept=51 total=267
[EMAPI] page=7 rows=100 kept=48 total=315
[EMAPI] page=8 rows=100 kept=45 total=360
[EMAPI] page=9 rows=100 kept=51 total=411
[EMAPI] page=10 rows=100 kept=48 total=459
[EMAPI] page=11 rows=100 kept=50 total=509
[EMAPI] page=12 rows=100 kept=51 total=560
[EMAPI] page=13 rows=100 kept=48 total=608
[EMAPI] page=14 rows=100 kept=53 total=661
[EMAPI] page=15 rows=100 kept=48 total=709
[EMAPI] page=16 rows=100 kept=49 total=758
[EMAPI] page=17 rows=100 kept=45 total=803
[EMAPI] page=18 rows=100 kept=50 total=853
[EMAPI] page=19 rows=100 kept=46 total=899
[EMAPI] page=20 rows=100 kept=41 total=940
[EMAPI] page=21 rows=100 kept=31 total=971
[EMAPI] page=22 rows=100 kept=36 total=1007
[EMAPI] page=23 rows=100 kept=47 total=1054
[EMAPI] page=24 rows=100 kept=33 total=1087
[EMAPI] page=25 rows=100 kept=40 total=1127
[SCAN] round=156 market=1127 picks=7 ts=2026-03-23T09:04:37.949Z
[EMAPI] page=1 rows=100 kept=44 total=44
[EMAPI] page=2 rows=100 kept=49 total=93
[EMAPI] page=3 rows=100 kept=44 total=137
[EMAPI] page=4 rows=100 kept=43 total=180
[EMAPI] page=5 rows=100 kept=36 total=216
[EMAPI] page=6 rows=100 kept=51 total=267
[EMAPI] page=7 rows=100 kept=48 total=315
[EMAPI] page=8 rows=100 kept=45 total=360
[EMAPI] page=9 rows=100 kept=51 total=411
[EMAPI] page=10 rows=100 kept=48 total=459
[EMAPI] page=11 rows=100 kept=50 total=509
[EMAPI] page=12 rows=100 kept=51 total=560
[EMAPI] page=13 rows=100 kept=48 total=608
[EMAPI] page=14 rows=100 kept=53 total=661
[EMAPI] page=15 rows=100 kept=48 total=709
[EMAPI] page=16 rows=100 kept=49 total=758
[EMAPI] page=17 rows=100 kept=45 total=803
[EMAPI] page=18 rows=100 kept=50 total=853
[EMAPI] page=19 rows=100 kept=46 total=899
[EMAPI] page=20 rows=100 kept=41 total=940
[EMAPI] page=21 rows=100 kept=31 total=971
[EMAPI] page=22 rows=100 kept=36 total=1007
[EMAPI] page=23 rows=100 kept=47 total=1054
[EMAPI] page=24 rows=100 kept=33 total=1087
[EMAPI] page=25 rows=100 kept=40 total=1127
[SCAN] round=157 market=1127 picks=7 ts=2026-03-23T09:05:38.458Z
[EMAPI] page=1 rows=100 kept=44 total=44
[EMAPI] page=2 rows=100 kept=49 total=93
[EMAPI] page=3 rows=100 kept=44 total=137
[EMAPI] page=4 rows=100 kept=43 total=180
[EMAPI] page=5 rows=100 kept=36 total=216
[EMAPI] page=6 rows=100 kept=51 total=267
[EMAPI] page=7 rows=100 kept=48 total=315
[EMAPI] page=8 rows=100 kept=45 total=360
[EMAPI] page=9 rows=100 kept=51 total=411
[EMAPI] page=10 rows=100 kept=48 total=459
[EMAPI] page=11 rows=100 kept=50 total=509
[EMAPI] page=12 rows=100 kept=51 total=560
[EMAPI] page=13 rows=100 kept=48 total=608
[EMAPI] page=14 rows=100 kept=53 total=661
[EMAPI] page=15 rows=100 kept=48 total=709
[EMAPI] page=16 rows=100 kept=49 total=758
[EMAPI] page=17 rows=100 kept=45 total=803
[EMAPI] page=18 rows=100 kept=50 total=853
[EMAPI] page=19 rows=100 kept=46 total=899
[EMAPI] page=20 rows=100 kept=41 total=940
[EMAPI] page=21 rows=100 kept=31 total=971
[EMAPI] page=22 rows=100 kept=36 total=1007
[EMAPI] page=23 rows=100 kept=47 total=1054
[EMAPI] page=24 rows=100 kept=33 total=1087
[EMAPI] page=25 rows=100 kept=40 total=1127
[SCAN] round=158 market=1127 picks=7 ts=2026-03-23T09:06:36.731Z
[EMAPI] page=1 rows=100 kept=44 total=44
[EMAPI] page=2 rows=100 kept=49 total=93
[EMAPI] page=3 rows=100 kept=44 total=137
[EMAPI] page=4 rows=100 kept=43 total=180
[EMAPI] page=5 rows=100 kept=36 total=216
[EMAPI] page=6 rows=100 kept=51 total=267
[EMAPI] page=7 rows=100 kept=48 total=315
[EMAPI] page=8 rows=100 kept=45 total=360
[EMAPI] page=9 rows=100 kept=51 total=411
[EMAPI] page=10 rows=100 kept=48 total=459
[EMAPI] page=11 rows=100 kept=50 total=509
[EMAPI] page=12 rows=100 kept=51 total=560
[EMAPI] page=13 rows=100 kept=48 total=608
[EMAPI] page=14 rows=100 kept=53 total=661
[EMAPI] page=15 rows=100 kept=48 total=709
[EMAPI] page=16 rows=100 kept=49 total=758
[EMAPI] page=17 rows=100 kept=45 total=803
[EMAPI] page=18 rows=100 kept=50 total=853
[EMAPI] page=19 rows=100 kept=46 total=899
[EMAPI] page=20 rows=100 kept=41 total=940
[EMAPI] page=21 rows=100 kept=31 total=971
[EMAPI] page=22 rows=100 kept=36 total=1007
[EMAPI] page=23 rows=100 kept=47 total=1054
[EMAPI] page=24 rows=100 kept=33 total=1087
[EMAPI] page=25 rows=100 kept=40 total=1127
[SCAN] round=159 market=1127 picks=7 ts=2026-03-23T09:07:36.793Z
[EMAPI] page=1 rows=100 kept=44 total=44
[EMAPI] page=2 rows=100 kept=49 total=93
[EMAPI] page=3 rows=100 kept=44 total=137
[EMAPI] page=4 rows=100 kept=43 total=180
[EMAPI] page=5 rows=100 kept=36 total=216
[EMAPI] page=6 rows=100 kept=51 total=267
[EMAPI] page=7 rows=100 kept=48 total=315
[EMAPI] page=8 rows=100 kept=45 total=360
[EMAPI] page=9 rows=100 kept=51 total=411
[EMAPI] page=10 rows=100 kept=48 total=459
[EMAPI] page=11 rows=100 kept=50 total=509
[EMAPI] page=12 rows=100 kept=51 total=560
[EMAPI] page=13 rows=100 kept=48 total=608
[EMAPI] page=14 rows=100 kept=53 total=661
[EMAPI] page=15 rows=100 kept=48 total=709
[EMAPI] page=16 rows=100 kept=49 total=758
[EMAPI] page=17 rows=100 kept=45 total=803
[EMAPI] page=18 rows=100 kept=50 total=853
[EMAPI] page=19 rows=100 kept=46 total=899
[EMAPI] page=20 rows=100 kept=41 total=940
[EMAPI] page=21 rows=100 kept=31 total=971
[EMAPI] page=22 rows=100 kept=36 total=1007
[EMAPI] page=23 rows=100 kept=47 total=1054
[EMAPI] page=24 rows=100 kept=33 total=1087
[EMAPI] page=25 rows=100 kept=40 total=1127
[SCAN] round=160 market=1127 picks=7 ts=2026-03-23T09:08:36.733Z
[EMAPI] page=1 rows=100 kept=44 total=44
[EMAPI] page=2 rows=100 kept=49 total=93
[EMAPI] page=3 rows=100 kept=44 total=137
[EMAPI] page=4 rows=100 kept=43 total=180
[EMAPI] page=5 rows=100 kept=36 total=216
[EMAPI] page=6 rows=100 kept=51 total=267
[EMAPI] page=7 rows=100 kept=48 total=315
[EMAPI] page=8 rows=100 kept=45 total=360
[EMAPI] page=9 rows=100 kept=51 total=411
[EMAPI] page=10 rows=100 kept=48 total=459
[EMAPI] page=11 rows=100 kept=50 total=509
[EMAPI] page=12 rows=100 kept=51 total=560
[EMAPI] page=13 rows=100 kept=48 total=608
[EMAPI] page=14 rows=100 kept=53 total=661
[EMAPI] page=15 rows=100 kept=48 total=709
[EMAPI] page=16 rows=100 kept=49 total=758
[EMAPI] page=17 rows=100 kept=45 total=803
[EMAPI] page=18 rows=100 kept=50 total=853
[EMAPI] page=19 rows=100 kept=46 total=899
[EMAPI] page=20 rows=100 kept=41 total=940
[EMAPI] page=21 rows=100 kept=31 total=971
[EMAPI] page=22 rows=100 kept=36 total=1007
[EMAPI] page=23 rows=100 kept=47 total=1054
[EMAPI] page=24 rows=100 kept=33 total=1087
[EMAPI] page=25 rows=100 kept=40 total=1127
[SCAN] round=161 market=1127 picks=7 ts=2026-03-23T09:09:37.211Z
[EMAPI] page=1 rows=100 kept=44 total=44
[EMAPI] page=2 rows=100 kept=49 total=93
[EMAPI] page=3 rows=100 kept=44 total=137
[EMAPI] page=4 rows=100 kept=43 total=180
[EMAPI] page=5 rows=100 kept=36 total=216
[EMAPI] page=6 rows=100 kept=51 total=267
[EMAPI] page=7 rows=100 kept=48 total=315
[EMAPI] page=8 rows=100 kept=45 total=360
[EMAPI] page=9 rows=100 kept=51 total=411
[EMAPI] page=10 rows=100 kept=48 total=459
[EMAPI] page=11 rows=100 kept=50 total=509
[EMAPI] page=12 rows=100 kept=51 total=560
[EMAPI] page=13 rows=100 kept=48 total=608
[EMAPI] page=14 rows=100 kept=53 total=661
[EMAPI] page=15 rows=100 kept=48 total=709
[EMAPI] page=16 rows=100 kept=49 total=758
[EMAPI] page=17 rows=100 kept=45 total=803
[EMAPI] page=18 rows=100 kept=50 total=853
[EMAPI] page=19 rows=100 kept=46 total=899
[EMAPI] page=20 rows=100 kept=41 total=940
[EMAPI] page=21 rows=100 kept=31 total=971
[EMAPI] page=22 rows=100 kept=36 total=1007
[EMAPI] page=23 rows=100 kept=47 total=1054
[EMAPI] page=24 rows=100 kept=33 total=1087
[EMAPI] page=25 rows=100 kept=40 total=1127
[SCAN] round=162 market=1127 picks=7 ts=2026-03-23T09:10:37.569Z
[EMAPI] page=1 rows=100 kept=44 total=44
[EMAPI] page=2 rows=100 kept=49 total=93
[EMAPI] page=3 rows=100 kept=44 total=137
[EMAPI] page=4 rows=100 kept=43 total=180
[EMAPI] page=5 rows=100 kept=36 total=216
[EMAPI] page=6 rows=100 kept=51 total=267
[EMAPI] page=7 rows=100 kept=48 total=315
[EMAPI] page=8 rows=100 kept=45 total=360
[EMAPI] page=9 rows=100 kept=51 total=411
[EMAPI] page=10 rows=100 kept=48 total=459
[EMAPI] page=11 rows=100 kept=50 total=509
[EMAPI] page=12 rows=100 kept=51 total=560
[EMAPI] page=13 rows=100 kept=48 total=608
[EMAPI] page=14 rows=100 kept=53 total=661
[EMAPI] page=15 rows=100 kept=48 total=709
[EMAPI] page=16 rows=100 kept=49 total=758
[EMAPI] page=17 rows=100 kept=45 total=803
[EMAPI] page=18 rows=100 kept=50 total=853
[EMAPI] page=19 rows=100 kept=46 total=899
[EMAPI] page=20 rows=100 kept=41 total=940
[EMAPI] page=21 rows=100 kept=31 total=971
[EMAPI] page=22 rows=100 kept=36 total=1007
[EMAPI] page=23 rows=100 kept=47 total=1054
[EMAPI] page=24 rows=100 kept=33 total=1087
[EMAPI] page=25 rows=100 kept=40 total=1127
[SCAN] round=163 market=1127 picks=7 ts=2026-03-23T09:11:36.578Z
[EMAPI] page=1 rows=100 kept=44 total=44
[EMAPI] page=2 rows=100 kept=49 total=93
[EMAPI] page=3 rows=100 kept=44 total=137
[EMAPI] page=4 rows=100 kept=43 total=180
[EMAPI] page=5 rows=100 kept=36 total=216
[EMAPI] page=6 rows=100 kept=51 total=267
[EMAPI] page=7 rows=100 kept=48 total=315
[EMAPI] page=8 rows=100 kept=45 total=360
[EMAPI] page=9 rows=100 kept=51 total=411
[EMAPI] page=10 rows=100 kept=48 total=459
[EMAPI] page=11 rows=100 kept=50 total=509
[EMAPI] page=12 rows=100 kept=51 total=560
[EMAPI] page=13 rows=100 kept=48 total=608
[EMAPI] page=14 rows=100 kept=53 total=661
[EMAPI] page=15 rows=100 kept=48 total=709
[EMAPI] page=16 rows=100 kept=49 total=758
[EMAPI] page=17 rows=100 kept=45 total=803
[EMAPI] page=18 rows=100 kept=50 total=853
[EMAPI] page=19 rows=100 kept=46 total=899
[EMAPI] page=20 rows=100 kept=41 total=940
[EMAPI] page=21 rows=100 kept=31 total=971
[EMAPI] page=22 rows=100 kept=36 total=1007
[EMAPI] page=23 rows=100 kept=47 total=1054
[EMAPI] page=24 rows=100 kept=33 total=1087
[EMAPI] page=25 rows=100 kept=40 total=1127
[SCAN] round=164 market=1127 picks=7 ts=2026-03-23T09:12:36.647Z
[EMAPI] page=1 rows=100 kept=44 total=44
[EMAPI] page=2 rows=100 kept=49 total=93
[EMAPI] page=3 rows=100 kept=44 total=137
[EMAPI] page=4 rows=100 kept=43 total=180
[EMAPI] page=5 rows=100 kept=36 total=216
[EMAPI] page=6 rows=100 kept=51 total=267
[EMAPI] page=7 rows=100 kept=48 total=315
[EMAPI] page=8 rows=100 kept=45 total=360
[EMAPI] page=9 rows=100 kept=51 total=411
[EMAPI] page=10 rows=100 kept=48 total=459
[EMAPI] page=11 rows=100 kept=50 total=509
[EMAPI] page=12 rows=100 kept=51 total=560
[EMAPI] page=13 rows=100 kept=48 total=608
[EMAPI] page=14 rows=100 kept=53 total=661
[EMAPI] page=15 rows=100 kept=48 total=709
[EMAPI] page=16 rows=100 kept=49 total=758
[EMAPI] page=17 rows=100 kept=45 total=803
[EMAPI] page=18 rows=100 kept=50 total=853
[EMAPI] page=19 rows=100 kept=46 total=899
[EMAPI] page=20 rows=100 kept=41 total=940
[EMAPI] page=21 rows=100 kept=31 total=971
[EMAPI] page=22 rows=100 kept=36 total=1007
[EMAPI] page=23 rows=100 kept=47 total=1054
[EMAPI] page=24 rows=100 kept=33 total=1087
[EMAPI] page=25 rows=100 kept=40 total=1127
[SCAN] round=165 market=1127 picks=7 ts=2026-03-23T09:13:36.339Z
[SCAN] interval error page.evaluate: TypeError: Failed to fetch
    at eval (eval at evaluate (:290:30), <anonymous>:2:28)
    at UtilityScript.evaluate (<anonymous>:292:16)
    at UtilityScript.<anonymous> (<anonymous>:1:44)
[EMAPI] page=1 rows=100 kept=44 total=44
[EMAPI] page=2 rows=100 kept=49 total=93
[EMAPI] page=3 rows=100 kept=44 total=137
[EMAPI] page=4 rows=100 kept=43 total=180
[EMAPI] page=5 rows=100 kept=36 total=216
[EMAPI] page=6 rows=100 kept=51 total=267
[EMAPI] page=7 rows=100 kept=48 total=315
[EMAPI] page=8 rows=100 kept=45 total=360
[EMAPI] page=9 rows=100 kept=51 total=411
[EMAPI] page=10 rows=100 kept=48 total=459
[EMAPI] page=11 rows=100 kept=50 total=509
[EMAPI] page=12 rows=100 kept=51 total=560
[EMAPI] page=13 rows=100 kept=48 total=608
[EMAPI] page=14 rows=100 kept=53 total=661
[EMAPI] page=15 rows=100 kept=48 total=709
[EMAPI] page=16 rows=100 kept=49 total=758
[EMAPI] page=17 rows=100 kept=45 total=803
[EMAPI] page=18 rows=100 kept=50 total=853
[EMAPI] page=19 rows=100 kept=46 total=899
[EMAPI] page=20 rows=100 kept=41 total=940
[EMAPI] page=21 rows=100 kept=31 total=971
[EMAPI] page=22 rows=100 kept=36 total=1007
[EMAPI] page=23 rows=100 kept=47 total=1054
[EMAPI] page=24 rows=100 kept=33 total=1087
[EMAPI] page=25 rows=100 kept=40 total=1127
[SCAN] round=166 market=1127 picks=7 ts=2026-03-23T09:15:45.753Z
[SCAN] interval error page.evaluate: TypeError: Failed to fetch
    at eval (eval at evaluate (:290:30), <anonymous>:2:28)
    at UtilityScript.evaluate (<anonymous>:292:16)
    at UtilityScript.<anonymous> (<anonymous>:1:44)
[SCAN] interval error page.evaluate: TypeError: Failed to fetch
    at eval (eval at evaluate (:290:30), <anonymous>:2:28)
    at UtilityScript.evaluate (<anonymous>:292:16)
    at UtilityScript.<anonymous> (<anonymous>:1:44)
[SCAN] interval error page.evaluate: TypeError: Failed to fetch
    at eval (eval at evaluate (:290:30), <anonymous>:2:28)
    at UtilityScript.evaluate (<anonymous>:292:16)
    at UtilityScript.<anonymous> (<anonymous>:1:44)
[EMAPI] page=1 rows=100 kept=44 total=44
[EMAPI] page=2 rows=100 kept=49 total=93
[EMAPI] page=3 rows=100 kept=44 total=137
[EMAPI] page=4 rows=100 kept=43 total=180
[EMAPI] page=5 rows=100 kept=36 total=216
[EMAPI] page=6 rows=100 kept=51 total=267
[EMAPI] page=7 rows=100 kept=48 total=315
[EMAPI] page=8 rows=100 kept=45 total=360
[EMAPI] page=9 rows=100 kept=51 total=411
[EMAPI] page=1 rows=100 kept=44 total=44
[EMAPI] page=10 rows=100 kept=48 total=459
[EMAPI] page=2 rows=100 kept=49 total=93
[EMAPI] page=11 rows=100 kept=50 total=509
[EMAPI] page=3 rows=100 kept=44 total=137
[EMAPI] page=12 rows=100 kept=51 total=560
[EMAPI] page=4 rows=100 kept=43 total=180
[EMAPI] page=13 rows=100 kept=48 total=608
[EMAPI] page=5 rows=100 kept=36 total=216
[EMAPI] page=14 rows=100 kept=53 total=661
[EMAPI] page=6 rows=100 kept=51 total=267
[EMAPI] page=15 rows=100 kept=48 total=709
[EMAPI] page=7 rows=100 kept=48 total=315
[EMAPI] page=16 rows=100 kept=49 total=758
[EMAPI] page=8 rows=100 kept=45 total=360
[EMAPI] page=17 rows=100 kept=45 total=803
[EMAPI] page=9 rows=100 kept=51 total=411
[EMAPI] page=18 rows=100 kept=50 total=853
[EMAPI] page=10 rows=100 kept=48 total=459
[EMAPI] page=19 rows=100 kept=46 total=899
[EMAPI] page=11 rows=100 kept=50 total=509
[EMAPI] page=20 rows=100 kept=41 total=940
[EMAPI] page=12 rows=100 kept=51 total=560
[EMAPI] page=21 rows=100 kept=31 total=971
[EMAPI] page=13 rows=100 kept=48 total=608
[EMAPI] page=22 rows=100 kept=36 total=1007
[EMAPI] page=14 rows=100 kept=53 total=661
[EMAPI] page=23 rows=100 kept=47 total=1054
[EMAPI] page=15 rows=100 kept=48 total=709
[EMAPI] page=24 rows=100 kept=33 total=1087
[EMAPI] page=16 rows=100 kept=49 total=758
[EMAPI] page=17 rows=100 kept=45 total=803
[EMAPI] page=25 rows=100 kept=40 total=1127
[SCAN] round=167 market=1127 picks=7 ts=2026-03-23T09:20:35.943Z
[EMAPI] page=18 rows=100 kept=50 total=853
[EMAPI] page=19 rows=100 kept=46 total=899
[EMAPI] page=20 rows=100 kept=41 total=940
[EMAPI] page=21 rows=100 kept=31 total=971
[EMAPI] page=22 rows=100 kept=36 total=1007
[EMAPI] page=23 rows=100 kept=47 total=1054
[EMAPI] page=24 rows=100 kept=33 total=1087
[EMAPI] page=25 rows=100 kept=40 total=1127
[SCAN] round=168 market=1127 picks=7 ts=2026-03-23T09:20:37.969Z
[EMAPI] page=1 rows=100 kept=44 total=44
[EMAPI] page=2 rows=100 kept=49 total=93
[EMAPI] page=3 rows=100 kept=44 total=137
[EMAPI] page=4 rows=100 kept=43 total=180
[EMAPI] page=5 rows=100 kept=36 total=216
[EMAPI] page=6 rows=100 kept=51 total=267
[EMAPI] page=7 rows=100 kept=48 total=315
[EMAPI] page=8 rows=100 kept=45 total=360
[EMAPI] page=9 rows=100 kept=51 total=411
[EMAPI] page=10 rows=100 kept=48 total=459
[EMAPI] page=11 rows=100 kept=50 total=509
[EMAPI] page=12 rows=100 kept=51 total=560
[EMAPI] page=13 rows=100 kept=48 total=608
[EMAPI] page=14 rows=100 kept=53 total=661
[EMAPI] page=15 rows=100 kept=48 total=709
[EMAPI] page=16 rows=100 kept=49 total=758
[EMAPI] page=17 rows=100 kept=45 total=803
[EMAPI] page=18 rows=100 kept=50 total=853
[EMAPI] page=19 rows=100 kept=46 total=899
[EMAPI] page=20 rows=100 kept=41 total=940
[EMAPI] page=21 rows=100 kept=31 total=971
[EMAPI] page=22 rows=100 kept=36 total=1007
[EMAPI] page=23 rows=100 kept=47 total=1054
[EMAPI] page=24 rows=100 kept=33 total=1087
[EMAPI] page=25 rows=100 kept=40 total=1127
[SCAN] round=169 market=1127 picks=7 ts=2026-03-23T09:21:38.087Z
[EMAPI] page=1 rows=100 kept=44 total=44
[EMAPI] page=2 rows=100 kept=49 total=93
[EMAPI] page=3 rows=100 kept=44 total=137
[EMAPI] page=4 rows=100 kept=43 total=180
[EMAPI] page=5 rows=100 kept=36 total=216
[EMAPI] page=6 rows=100 kept=51 total=267
[EMAPI] page=7 rows=100 kept=48 total=315
[EMAPI] page=8 rows=100 kept=45 total=360
[EMAPI] page=9 rows=100 kept=51 total=411
[EMAPI] page=10 rows=100 kept=48 total=459
[EMAPI] page=11 rows=100 kept=50 total=509
[EMAPI] page=12 rows=100 kept=51 total=560
[EMAPI] page=13 rows=100 kept=48 total=608
[EMAPI] page=14 rows=100 kept=53 total=661
[EMAPI] page=15 rows=100 kept=48 total=709
[EMAPI] page=16 rows=100 kept=49 total=758
[EMAPI] page=17 rows=100 kept=45 total=803
[EMAPI] page=18 rows=100 kept=50 total=853
[EMAPI] page=19 rows=100 kept=46 total=899
[EMAPI] page=20 rows=100 kept=41 total=940
[EMAPI] page=21 rows=100 kept=31 total=971
[EMAPI] page=22 rows=100 kept=36 total=1007
[EMAPI] page=23 rows=100 kept=47 total=1054
[EMAPI] page=24 rows=100 kept=33 total=1087
[EMAPI] page=25 rows=100 kept=40 total=1127
[SCAN] round=170 market=1127 picks=7 ts=2026-03-23T09:22:37.663Z
[EMAPI] page=1 rows=100 kept=44 total=44
[EMAPI] page=2 rows=100 kept=49 total=93
[EMAPI] page=3 rows=100 kept=44 total=137
[EMAPI] page=4 rows=100 kept=43 total=180
[EMAPI] page=5 rows=100 kept=36 total=216
[EMAPI] page=6 rows=100 kept=51 total=267
[EMAPI] page=7 rows=100 kept=48 total=315
[EMAPI] page=8 rows=100 kept=45 total=360
[EMAPI] page=9 rows=100 kept=51 total=411
[EMAPI] page=10 rows=100 kept=48 total=459
[EMAPI] page=11 rows=100 kept=50 total=509
[EMAPI] page=12 rows=100 kept=51 total=560
[EMAPI] page=13 rows=100 kept=48 total=608
[EMAPI] page=14 rows=100 kept=53 total=661
[EMAPI] page=15 rows=100 kept=48 total=709
[EMAPI] page=16 rows=100 kept=49 total=758
[EMAPI] page=17 rows=100 kept=45 total=803
[EMAPI] page=18 rows=100 kept=50 total=853
[EMAPI] page=19 rows=100 kept=46 total=899
[EMAPI] page=20 rows=100 kept=41 total=940
[EMAPI] page=21 rows=100 kept=31 total=971
[EMAPI] page=22 rows=100 kept=36 total=1007
[EMAPI] page=23 rows=100 kept=47 total=1054
[EMAPI] page=24 rows=100 kept=33 total=1087
[EMAPI] page=25 rows=100 kept=40 total=1127
[SCAN] round=171 market=1127 picks=7 ts=2026-03-23T09:23:38.495Z
[EMAPI] page=1 rows=100 kept=44 total=44
[EMAPI] page=2 rows=100 kept=49 total=93
[EMAPI] page=3 rows=100 kept=44 total=137
[EMAPI] page=4 rows=100 kept=43 total=180
[EMAPI] page=5 rows=100 kept=36 total=216
[EMAPI] page=6 rows=100 kept=51 total=267
[EMAPI] page=7 rows=100 kept=48 total=315
[EMAPI] page=8 rows=100 kept=45 total=360
[EMAPI] page=9 rows=100 kept=51 total=411
[EMAPI] page=10 rows=100 kept=48 total=459
[EMAPI] page=11 rows=100 kept=50 total=509
[EMAPI] page=12 rows=100 kept=51 total=560
[EMAPI] page=13 rows=100 kept=48 total=608
[EMAPI] page=14 rows=100 kept=53 total=661
[EMAPI] page=15 rows=100 kept=48 total=709
[EMAPI] page=16 rows=100 kept=49 total=758
[EMAPI] page=17 rows=100 kept=45 total=803
[EMAPI] page=18 rows=100 kept=50 total=853
[EMAPI] page=19 rows=100 kept=46 total=899
[EMAPI] page=20 rows=100 kept=41 total=940
[EMAPI] page=21 rows=100 kept=31 total=971
[EMAPI] page=22 rows=100 kept=36 total=1007
[EMAPI] page=23 rows=100 kept=47 total=1054
[EMAPI] page=24 rows=100 kept=33 total=1087
[EMAPI] page=25 rows=100 kept=40 total=1127
[SCAN] round=172 market=1127 picks=7 ts=2026-03-23T09:24:36.776Z
[EMAPI] page=1 rows=100 kept=44 total=44
[EMAPI] page=2 rows=100 kept=49 total=93
[EMAPI] page=3 rows=100 kept=44 total=137
[EMAPI] page=4 rows=100 kept=43 total=180
[EMAPI] page=5 rows=100 kept=36 total=216
[EMAPI] page=6 rows=100 kept=51 total=267
[EMAPI] page=7 rows=100 kept=48 total=315
[EMAPI] page=8 rows=100 kept=45 total=360
[EMAPI] page=9 rows=100 kept=51 total=411
[EMAPI] page=10 rows=100 kept=48 total=459
[EMAPI] page=11 rows=100 kept=50 total=509
[EMAPI] page=12 rows=100 kept=51 total=560
[EMAPI] page=13 rows=100 kept=48 total=608
[EMAPI] page=14 rows=100 kept=53 total=661
[EMAPI] page=15 rows=100 kept=48 total=709
[EMAPI] page=16 rows=100 kept=49 total=758
[EMAPI] page=17 rows=100 kept=45 total=803
[EMAPI] page=18 rows=100 kept=50 total=853
[EMAPI] page=19 rows=100 kept=46 total=899
[EMAPI] page=20 rows=100 kept=41 total=940
[EMAPI] page=21 rows=100 kept=31 total=971
[EMAPI] page=22 rows=100 kept=36 total=1007
[EMAPI] page=23 rows=100 kept=47 total=1054
[EMAPI] page=24 rows=100 kept=33 total=1087
[EMAPI] page=25 rows=100 kept=40 total=1127
[SCAN] round=173 market=1127 picks=7 ts=2026-03-23T09:25:36.334Z
[EMAPI] page=1 rows=100 kept=44 total=44
[EMAPI] page=2 rows=100 kept=49 total=93
[EMAPI] page=3 rows=100 kept=44 total=137
[EMAPI] page=4 rows=100 kept=43 total=180
[EMAPI] page=5 rows=100 kept=36 total=216
[EMAPI] page=6 rows=100 kept=51 total=267
[EMAPI] page=7 rows=100 kept=48 total=315
[EMAPI] page=8 rows=100 kept=45 total=360
[EMAPI] page=9 rows=100 kept=51 total=411
[EMAPI] page=10 rows=100 kept=48 total=459
[EMAPI] page=11 rows=100 kept=50 total=509
[EMAPI] page=12 rows=100 kept=51 total=560
[EMAPI] page=13 rows=100 kept=48 total=608
[EMAPI] page=14 rows=100 kept=53 total=661
[EMAPI] page=15 rows=100 kept=48 total=709
[EMAPI] page=16 rows=100 kept=49 total=758
[EMAPI] page=17 rows=100 kept=45 total=803
[EMAPI] page=18 rows=100 kept=50 total=853
[EMAPI] page=19 rows=100 kept=46 total=899
[EMAPI] page=20 rows=100 kept=41 total=940
[EMAPI] page=21 rows=100 kept=31 total=971
[EMAPI] page=22 rows=100 kept=36 total=1007
[EMAPI] page=23 rows=100 kept=47 total=1054
[EMAPI] page=24 rows=100 kept=33 total=1087
[EMAPI] page=25 rows=100 kept=40 total=1127
[SCAN] round=174 market=1127 picks=7 ts=2026-03-23T09:26:36.367Z
[EMAPI] page=1 rows=100 kept=44 total=44
[EMAPI] page=2 rows=100 kept=49 total=93
[EMAPI] page=3 rows=100 kept=44 total=137
[EMAPI] page=4 rows=100 kept=43 total=180
[EMAPI] page=5 rows=100 kept=36 total=216
[EMAPI] page=6 rows=100 kept=51 total=267
[EMAPI] page=7 rows=100 kept=48 total=315
[EMAPI] page=8 rows=100 kept=45 total=360
[EMAPI] page=9 rows=100 kept=51 total=411
[EMAPI] page=10 rows=100 kept=48 total=459
[EMAPI] page=11 rows=100 kept=50 total=509
[EMAPI] page=12 rows=100 kept=51 total=560
[EMAPI] page=13 rows=100 kept=48 total=608
[EMAPI] page=14 rows=100 kept=53 total=661
[EMAPI] page=15 rows=100 kept=48 total=709
[EMAPI] page=16 rows=100 kept=49 total=758
[EMAPI] page=17 rows=100 kept=45 total=803
[EMAPI] page=18 rows=100 kept=50 total=853
[EMAPI] page=19 rows=100 kept=46 total=899
[EMAPI] page=20 rows=100 kept=41 total=940
[EMAPI] page=21 rows=100 kept=31 total=971
[EMAPI] page=22 rows=100 kept=36 total=1007
[EMAPI] page=23 rows=100 kept=47 total=1054
[EMAPI] page=24 rows=100 kept=33 total=1087
[EMAPI] page=25 rows=100 kept=40 total=1127
[SCAN] round=175 market=1127 picks=7 ts=2026-03-23T09:27:36.874Z
[EMAPI] page=1 rows=100 kept=44 total=44
[EMAPI] page=2 rows=100 kept=49 total=93
[EMAPI] page=3 rows=100 kept=44 total=137
[EMAPI] page=4 rows=100 kept=43 total=180
[EMAPI] page=5 rows=100 kept=36 total=216
[EMAPI] page=6 rows=100 kept=51 total=267
[EMAPI] page=7 rows=100 kept=48 total=315
[EMAPI] page=8 rows=100 kept=45 total=360
[EMAPI] page=9 rows=100 kept=51 total=411
[EMAPI] page=10 rows=100 kept=48 total=459
[EMAPI] page=11 rows=100 kept=50 total=509
[EMAPI] page=12 rows=100 kept=51 total=560
[EMAPI] page=13 rows=100 kept=48 total=608
[EMAPI] page=14 rows=100 kept=53 total=661
[EMAPI] page=15 rows=100 kept=48 total=709
[EMAPI] page=16 rows=100 kept=49 total=758
[EMAPI] page=17 rows=100 kept=45 total=803
[EMAPI] page=18 rows=100 kept=50 total=853
[EMAPI] page=19 rows=100 kept=46 total=899
[EMAPI] page=20 rows=100 kept=41 total=940
[EMAPI] page=21 rows=100 kept=31 total=971
[EMAPI] page=22 rows=100 kept=36 total=1007
[EMAPI] page=23 rows=100 kept=47 total=1054
[EMAPI] page=24 rows=100 kept=33 total=1087
[EMAPI] page=25 rows=100 kept=40 total=1127
[SCAN] round=176 market=1127 picks=7 ts=2026-03-23T09:28:36.621Z
[EMAPI] page=1 rows=100 kept=44 total=44
[EMAPI] page=2 rows=100 kept=49 total=93
[EMAPI] page=3 rows=100 kept=44 total=137
[EMAPI] page=4 rows=100 kept=43 total=180
[EMAPI] page=5 rows=100 kept=36 total=216
[EMAPI] page=6 rows=100 kept=51 total=267
[EMAPI] page=7 rows=100 kept=48 total=315
[EMAPI] page=8 rows=100 kept=45 total=360
[EMAPI] page=9 rows=100 kept=51 total=411
[EMAPI] page=10 rows=100 kept=48 total=459
[EMAPI] page=11 rows=100 kept=50 total=509
[EMAPI] page=12 rows=100 kept=51 total=560
[EMAPI] page=13 rows=100 kept=48 total=608
[EMAPI] page=14 rows=100 kept=53 total=661
[EMAPI] page=15 rows=100 kept=48 total=709
[EMAPI] page=16 rows=100 kept=49 total=758
[EMAPI] page=17 rows=100 kept=45 total=803
[EMAPI] page=18 rows=100 kept=50 total=853
[EMAPI] page=19 rows=100 kept=46 total=899
[EMAPI] page=20 rows=100 kept=41 total=940
[EMAPI] page=21 rows=100 kept=31 total=971
[EMAPI] page=22 rows=100 kept=36 total=1007
[EMAPI] page=23 rows=100 kept=47 total=1054
[EMAPI] page=24 rows=100 kept=33 total=1087
[EMAPI] page=25 rows=100 kept=40 total=1127
[SCAN] round=177 market=1127 picks=7 ts=2026-03-23T09:29:36.438Z
[EMAPI] page=1 rows=100 kept=44 total=44
[EMAPI] page=2 rows=100 kept=49 total=93
[EMAPI] page=3 rows=100 kept=44 total=137
[EMAPI] page=4 rows=100 kept=43 total=180
[EMAPI] page=5 rows=100 kept=36 total=216
[EMAPI] page=6 rows=100 kept=51 total=267
[EMAPI] page=7 rows=100 kept=48 total=315
[EMAPI] page=8 rows=100 kept=45 total=360
[EMAPI] page=9 rows=100 kept=51 total=411
[EMAPI] page=10 rows=100 kept=48 total=459
[EMAPI] page=11 rows=100 kept=50 total=509
[EMAPI] page=12 rows=100 kept=51 total=560
[EMAPI] page=13 rows=100 kept=48 total=608
[EMAPI] page=14 rows=100 kept=53 total=661
[EMAPI] page=15 rows=100 kept=48 total=709
[EMAPI] page=16 rows=100 kept=49 total=758
[EMAPI] page=17 rows=100 kept=45 total=803
[EMAPI] page=18 rows=100 kept=50 total=853
[EMAPI] page=19 rows=100 kept=46 total=899
[EMAPI] page=20 rows=100 kept=41 total=940
[EMAPI] page=21 rows=100 kept=31 total=971
[EMAPI] page=22 rows=100 kept=36 total=1007
[EMAPI] page=23 rows=100 kept=47 total=1054
[EMAPI] page=24 rows=100 kept=33 total=1087
[EMAPI] page=25 rows=100 kept=40 total=1127
[SCAN] round=178 market=1127 picks=7 ts=2026-03-23T09:30:37.689Z
[EMAPI] page=1 rows=100 kept=44 total=44
[EMAPI] page=2 rows=100 kept=49 total=93
[EMAPI] page=3 rows=100 kept=44 total=137
[EMAPI] page=4 rows=100 kept=43 total=180
[EMAPI] page=5 rows=100 kept=36 total=216
[EMAPI] page=6 rows=100 kept=51 total=267
[EMAPI] page=7 rows=100 kept=48 total=315
[EMAPI] page=8 rows=100 kept=45 total=360
[EMAPI] page=9 rows=100 kept=51 total=411
[EMAPI] page=10 rows=100 kept=48 total=459
[EMAPI] page=11 rows=100 kept=50 total=509
[EMAPI] page=12 rows=100 kept=51 total=560
[EMAPI] page=13 rows=100 kept=48 total=608
[EMAPI] page=14 rows=100 kept=53 total=661
[EMAPI] page=15 rows=100 kept=48 total=709
[EMAPI] page=16 rows=100 kept=49 total=758
[EMAPI] page=17 rows=100 kept=45 total=803
[EMAPI] page=18 rows=100 kept=50 total=853
[EMAPI] page=19 rows=100 kept=46 total=899
[EMAPI] page=20 rows=100 kept=41 total=940
[EMAPI] page=21 rows=100 kept=31 total=971
[EMAPI] page=22 rows=100 kept=36 total=1007
[EMAPI] page=23 rows=100 kept=47 total=1054
[EMAPI] page=24 rows=100 kept=33 total=1087
[EMAPI] page=25 rows=100 kept=40 total=1127
[SCAN] round=179 market=1127 picks=7 ts=2026-03-23T09:31:36.429Z
[EMAPI] page=1 rows=100 kept=44 total=44
[EMAPI] page=2 rows=100 kept=49 total=93
[EMAPI] page=3 rows=100 kept=44 total=137
[EMAPI] page=4 rows=100 kept=43 total=180
[EMAPI] page=5 rows=100 kept=36 total=216
[EMAPI] page=6 rows=100 kept=51 total=267
[EMAPI] page=7 rows=100 kept=48 total=315
[EMAPI] page=8 rows=100 kept=45 total=360
[EMAPI] page=9 rows=100 kept=51 total=411
[EMAPI] page=10 rows=100 kept=48 total=459
[EMAPI] page=11 rows=100 kept=50 total=509
[EMAPI] page=12 rows=100 kept=51 total=560
[EMAPI] page=13 rows=100 kept=48 total=608
[EMAPI] page=14 rows=100 kept=53 total=661
[EMAPI] page=15 rows=100 kept=48 total=709
[EMAPI] page=16 rows=100 kept=49 total=758
[EMAPI] page=17 rows=100 kept=45 total=803
[EMAPI] page=18 rows=100 kept=50 total=853
[EMAPI] page=19 rows=100 kept=46 total=899
[EMAPI] page=20 rows=100 kept=41 total=940
[EMAPI] page=21 rows=100 kept=31 total=971
[EMAPI] page=22 rows=100 kept=36 total=1007
[EMAPI] page=23 rows=100 kept=47 total=1054
[EMAPI] page=24 rows=100 kept=33 total=1087
[EMAPI] page=25 rows=100 kept=40 total=1127
[SCAN] round=180 market=1127 picks=7 ts=2026-03-23T09:32:36.717Z
[EMAPI] page=1 rows=100 kept=44 total=44
[EMAPI] page=2 rows=100 kept=49 total=93
[EMAPI] page=3 rows=100 kept=44 total=137
[EMAPI] page=4 rows=100 kept=43 total=180
[EMAPI] page=5 rows=100 kept=36 total=216
[EMAPI] page=6 rows=100 kept=51 total=267
[EMAPI] page=7 rows=100 kept=48 total=315
[EMAPI] page=8 rows=100 kept=45 total=360
[EMAPI] page=9 rows=100 kept=51 total=411
[EMAPI] page=10 rows=100 kept=48 total=459
[EMAPI] page=11 rows=100 kept=50 total=509
[EMAPI] page=12 rows=100 kept=51 total=560
[EMAPI] page=13 rows=100 kept=48 total=608
[EMAPI] page=14 rows=100 kept=53 total=661
[EMAPI] page=15 rows=100 kept=48 total=709
[EMAPI] page=16 rows=100 kept=49 total=758
[EMAPI] page=17 rows=100 kept=45 total=803
[EMAPI] page=18 rows=100 kept=50 total=853
[EMAPI] page=19 rows=100 kept=46 total=899
[EMAPI] page=20 rows=100 kept=41 total=940
[EMAPI] page=21 rows=100 kept=31 total=971
[EMAPI] page=22 rows=100 kept=36 total=1007
[EMAPI] page=23 rows=100 kept=47 total=1054
[EMAPI] page=24 rows=100 kept=33 total=1087
[EMAPI] page=25 rows=100 kept=40 total=1127
[SCAN] round=181 market=1127 picks=7 ts=2026-03-23T09:33:36.350Z
[EMAPI] page=1 rows=100 kept=44 total=44
[EMAPI] page=2 rows=100 kept=49 total=93
[EMAPI] page=3 rows=100 kept=44 total=137
[EMAPI] page=4 rows=100 kept=43 total=180
[EMAPI] page=5 rows=100 kept=36 total=216
[EMAPI] page=6 rows=100 kept=51 total=267
[EMAPI] page=7 rows=100 kept=48 total=315
[EMAPI] page=8 rows=100 kept=45 total=360
[EMAPI] page=9 rows=100 kept=51 total=411
[EMAPI] page=10 rows=100 kept=48 total=459
[EMAPI] page=11 rows=100 kept=50 total=509
[EMAPI] page=12 rows=100 kept=51 total=560
[EMAPI] page=13 rows=100 kept=48 total=608
[EMAPI] page=14 rows=100 kept=53 total=661
[EMAPI] page=15 rows=100 kept=48 total=709
[EMAPI] page=16 rows=100 kept=49 total=758
[EMAPI] page=17 rows=100 kept=45 total=803
[EMAPI] page=18 rows=100 kept=50 total=853
[EMAPI] page=19 rows=100 kept=46 total=899
[EMAPI] page=20 rows=100 kept=41 total=940
[EMAPI] page=21 rows=100 kept=31 total=971
[EMAPI] page=22 rows=100 kept=36 total=1007
[EMAPI] page=23 rows=100 kept=47 total=1054
[EMAPI] page=24 rows=100 kept=33 total=1087
[EMAPI] page=25 rows=100 kept=40 total=1127
[SCAN] round=182 market=1127 picks=7 ts=2026-03-23T09:34:36.532Z
[EMAPI] page=1 rows=100 kept=44 total=44
[EMAPI] page=2 rows=100 kept=49 total=93
[EMAPI] page=3 rows=100 kept=44 total=137
[EMAPI] page=4 rows=100 kept=43 total=180
[EMAPI] page=5 rows=100 kept=36 total=216
[EMAPI] page=6 rows=100 kept=51 total=267
[EMAPI] page=7 rows=100 kept=48 total=315
[EMAPI] page=8 rows=100 kept=45 total=360
[EMAPI] page=9 rows=100 kept=51 total=411
[EMAPI] page=10 rows=100 kept=48 total=459
[EMAPI] page=11 rows=100 kept=50 total=509
[EMAPI] page=12 rows=100 kept=51 total=560
[EMAPI] page=13 rows=100 kept=48 total=608
[EMAPI] page=14 rows=100 kept=53 total=661
[EMAPI] page=15 rows=100 kept=48 total=709
[EMAPI] page=16 rows=100 kept=49 total=758
[EMAPI] page=17 rows=100 kept=45 total=803
[EMAPI] page=18 rows=100 kept=50 total=853
[EMAPI] page=19 rows=100 kept=46 total=899
[EMAPI] page=20 rows=100 kept=41 total=940
[EMAPI] page=21 rows=100 kept=31 total=971
[EMAPI] page=22 rows=100 kept=36 total=1007
[EMAPI] page=23 rows=100 kept=47 total=1054
[EMAPI] page=24 rows=100 kept=33 total=1087
[EMAPI] page=25 rows=100 kept=40 total=1127
[SCAN] round=183 market=1127 picks=7 ts=2026-03-23T09:35:37.413Z
[EMAPI] page=1 rows=100 kept=44 total=44
[EMAPI] page=2 rows=100 kept=49 total=93
[EMAPI] page=3 rows=100 kept=44 total=137
[EMAPI] page=4 rows=100 kept=43 total=180
[EMAPI] page=5 rows=100 kept=36 total=216
[EMAPI] page=6 rows=100 kept=51 total=267
[EMAPI] page=7 rows=100 kept=48 total=315
[EMAPI] page=8 rows=100 kept=45 total=360
[EMAPI] page=9 rows=100 kept=51 total=411
[EMAPI] page=10 rows=100 kept=48 total=459
[EMAPI] page=11 rows=100 kept=50 total=509
[EMAPI] page=12 rows=100 kept=51 total=560
[EMAPI] page=13 rows=100 kept=48 total=608
[EMAPI] page=14 rows=100 kept=53 total=661
[EMAPI] page=15 rows=100 kept=48 total=709
[EMAPI] page=16 rows=100 kept=49 total=758
[EMAPI] page=17 rows=100 kept=45 total=803
[EMAPI] page=18 rows=100 kept=50 total=853
[EMAPI] page=19 rows=100 kept=46 total=899
[EMAPI] page=20 rows=100 kept=41 total=940
[EMAPI] page=21 rows=100 kept=31 total=971
[EMAPI] page=22 rows=100 kept=36 total=1007
[EMAPI] page=23 rows=100 kept=47 total=1054
[EMAPI] page=24 rows=100 kept=33 total=1087
[EMAPI] page=25 rows=100 kept=40 total=1127
[SCAN] round=184 market=1127 picks=7 ts=2026-03-23T09:36:36.978Z
[EMAPI] page=1 rows=100 kept=44 total=44
[EMAPI] page=2 rows=100 kept=49 total=93
[EMAPI] page=3 rows=100 kept=44 total=137
[EMAPI] page=4 rows=100 kept=43 total=180
[EMAPI] page=5 rows=100 kept=36 total=216
[EMAPI] page=6 rows=100 kept=51 total=267
[EMAPI] page=7 rows=100 kept=48 total=315
[EMAPI] page=8 rows=100 kept=45 total=360
[EMAPI] page=9 rows=100 kept=51 total=411
[EMAPI] page=10 rows=100 kept=48 total=459
[EMAPI] page=11 rows=100 kept=50 total=509
[EMAPI] page=12 rows=100 kept=51 total=560
[EMAPI] page=13 rows=100 kept=48 total=608
[EMAPI] page=14 rows=100 kept=53 total=661
[EMAPI] page=15 rows=100 kept=48 total=709
[EMAPI] page=16 rows=100 kept=49 total=758
[EMAPI] page=17 rows=100 kept=45 total=803
[EMAPI] page=18 rows=100 kept=50 total=853
[EMAPI] page=19 rows=100 kept=46 total=899
[EMAPI] page=20 rows=100 kept=41 total=940
[EMAPI] page=21 rows=100 kept=31 total=971
[EMAPI] page=22 rows=100 kept=36 total=1007
[EMAPI] page=23 rows=100 kept=47 total=1054
[EMAPI] page=24 rows=100 kept=33 total=1087
[EMAPI] page=25 rows=100 kept=40 total=1127
[SCAN] round=185 market=1127 picks=7 ts=2026-03-23T09:37:36.452Z
[EMAPI] page=1 rows=100 kept=44 total=44
[EMAPI] page=2 rows=100 kept=49 total=93
[EMAPI] page=3 rows=100 kept=44 total=137
[EMAPI] page=4 rows=100 kept=43 total=180
[EMAPI] page=5 rows=100 kept=36 total=216
[EMAPI] page=6 rows=100 kept=51 total=267
[EMAPI] page=7 rows=100 kept=48 total=315
[EMAPI] page=8 rows=100 kept=45 total=360
[EMAPI] page=9 rows=100 kept=51 total=411
[EMAPI] page=10 rows=100 kept=48 total=459
[EMAPI] page=11 rows=100 kept=50 total=509
[EMAPI] page=12 rows=100 kept=51 total=560
[EMAPI] page=13 rows=100 kept=48 total=608
[EMAPI] page=14 rows=100 kept=53 total=661
[EMAPI] page=15 rows=100 kept=48 total=709
[EMAPI] page=16 rows=100 kept=49 total=758
[EMAPI] page=17 rows=100 kept=45 total=803
[EMAPI] page=18 rows=100 kept=50 total=853
[EMAPI] page=19 rows=100 kept=46 total=899
[EMAPI] page=20 rows=100 kept=41 total=940
[EMAPI] page=21 rows=100 kept=31 total=971
[EMAPI] page=22 rows=100 kept=36 total=1007
[EMAPI] page=23 rows=100 kept=47 total=1054
[EMAPI] page=24 rows=100 kept=33 total=1087
[EMAPI] page=25 rows=100 kept=40 total=1127
[SCAN] round=186 market=1127 picks=7 ts=2026-03-23T09:38:36.750Z
[EMAPI] page=1 rows=100 kept=44 total=44
[EMAPI] page=2 rows=100 kept=49 total=93
[EMAPI] page=3 rows=100 kept=44 total=137
[EMAPI] page=4 rows=100 kept=43 total=180
[EMAPI] page=5 rows=100 kept=36 total=216
[EMAPI] page=6 rows=100 kept=51 total=267
[EMAPI] page=7 rows=100 kept=48 total=315
[EMAPI] page=8 rows=100 kept=45 total=360
[EMAPI] page=9 rows=100 kept=51 total=411
[EMAPI] page=10 rows=100 kept=48 total=459
[EMAPI] page=11 rows=100 kept=50 total=509
[EMAPI] page=12 rows=100 kept=51 total=560
[EMAPI] page=13 rows=100 kept=48 total=608
[EMAPI] page=14 rows=100 kept=53 total=661
[EMAPI] page=15 rows=100 kept=48 total=709
[EMAPI] page=16 rows=100 kept=49 total=758
[EMAPI] page=17 rows=100 kept=45 total=803
[EMAPI] page=18 rows=100 kept=50 total=853
[EMAPI] page=19 rows=100 kept=46 total=899
[EMAPI] page=20 rows=100 kept=41 total=940
[EMAPI] page=21 rows=100 kept=31 total=971
[EMAPI] page=22 rows=100 kept=36 total=1007
[EMAPI] page=23 rows=100 kept=47 total=1054
[EMAPI] page=24 rows=100 kept=33 total=1087
[EMAPI] page=25 rows=100 kept=40 total=1127
[SCAN] round=187 market=1127 picks=7 ts=2026-03-23T09:39:37.264Z
[EMAPI] page=1 rows=100 kept=44 total=44
[EMAPI] page=2 rows=100 kept=49 total=93
[EMAPI] page=3 rows=100 kept=44 total=137
[EMAPI] page=4 rows=100 kept=43 total=180
[EMAPI] page=5 rows=100 kept=36 total=216
[EMAPI] page=6 rows=100 kept=51 total=267
[EMAPI] page=7 rows=100 kept=48 total=315
[EMAPI] page=8 rows=100 kept=45 total=360
[EMAPI] page=9 rows=100 kept=51 total=411
[EMAPI] page=10 rows=100 kept=48 total=459
[EMAPI] page=11 rows=100 kept=50 total=509
[EMAPI] page=12 rows=100 kept=51 total=560
[EMAPI] page=13 rows=100 kept=48 total=608
[EMAPI] page=14 rows=100 kept=53 total=661
[EMAPI] page=15 rows=100 kept=48 total=709
[EMAPI] page=16 rows=100 kept=49 total=758
[EMAPI] page=17 rows=100 kept=45 total=803
[EMAPI] page=18 rows=100 kept=50 total=853
[EMAPI] page=19 rows=100 kept=46 total=899
[EMAPI] page=20 rows=100 kept=41 total=940
[EMAPI] page=21 rows=100 kept=31 total=971
[EMAPI] page=22 rows=100 kept=36 total=1007
[EMAPI] page=23 rows=100 kept=47 total=1054
[EMAPI] page=24 rows=100 kept=33 total=1087
[EMAPI] page=25 rows=100 kept=40 total=1127
[SCAN] round=188 market=1127 picks=7 ts=2026-03-23T09:40:36.657Z
[EMAPI] page=1 rows=100 kept=44 total=44
[EMAPI] page=2 rows=100 kept=49 total=93
[EMAPI] page=3 rows=100 kept=44 total=137
[EMAPI] page=4 rows=100 kept=43 total=180
[EMAPI] page=5 rows=100 kept=36 total=216
[EMAPI] page=6 rows=100 kept=51 total=267
[EMAPI] page=7 rows=100 kept=48 total=315
[EMAPI] page=8 rows=100 kept=45 total=360
[EMAPI] page=9 rows=100 kept=51 total=411
[EMAPI] page=10 rows=100 kept=48 total=459
[EMAPI] page=11 rows=100 kept=50 total=509
[EMAPI] page=12 rows=100 kept=51 total=560
[EMAPI] page=13 rows=100 kept=48 total=608
[EMAPI] page=14 rows=100 kept=53 total=661
[EMAPI] page=15 rows=100 kept=48 total=709
[EMAPI] page=16 rows=100 kept=49 total=758
[EMAPI] page=17 rows=100 kept=45 total=803
[EMAPI] page=18 rows=100 kept=50 total=853
[EMAPI] page=19 rows=100 kept=46 total=899
[EMAPI] page=20 rows=100 kept=41 total=940
[EMAPI] page=21 rows=100 kept=31 total=971
[EMAPI] page=22 rows=100 kept=36 total=1007
[EMAPI] page=23 rows=100 kept=47 total=1054
[EMAPI] page=24 rows=100 kept=33 total=1087
[EMAPI] page=25 rows=100 kept=40 total=1127
[SCAN] round=189 market=1127 picks=7 ts=2026-03-23T09:41:36.864Z
[EMAPI] page=1 rows=100 kept=44 total=44
[EMAPI] page=2 rows=100 kept=49 total=93
[EMAPI] page=3 rows=100 kept=44 total=137
[EMAPI] page=4 rows=100 kept=43 total=180
[EMAPI] page=5 rows=100 kept=36 total=216
[EMAPI] page=6 rows=100 kept=51 total=267
[EMAPI] page=7 rows=100 kept=48 total=315
[EMAPI] page=8 rows=100 kept=45 total=360
[EMAPI] page=9 rows=100 kept=51 total=411
[EMAPI] page=10 rows=100 kept=48 total=459
[EMAPI] page=11 rows=100 kept=50 total=509
[EMAPI] page=12 rows=100 kept=51 total=560
[EMAPI] page=13 rows=100 kept=48 total=608
[EMAPI] page=14 rows=100 kept=53 total=661
[EMAPI] page=15 rows=100 kept=48 total=709
[EMAPI] page=16 rows=100 kept=49 total=758
[EMAPI] page=17 rows=100 kept=45 total=803
[EMAPI] page=18 rows=100 kept=50 total=853
[EMAPI] page=19 rows=100 kept=46 total=899
[EMAPI] page=20 rows=100 kept=41 total=940
[EMAPI] page=21 rows=100 kept=31 total=971
[EMAPI] page=22 rows=100 kept=36 total=1007
[EMAPI] page=23 rows=100 kept=47 total=1054
[EMAPI] page=24 rows=100 kept=33 total=1087
[EMAPI] page=25 rows=100 kept=40 total=1127
[SCAN] round=190 market=1127 picks=7 ts=2026-03-23T09:42:36.607Z
[EMAPI] page=1 rows=100 kept=44 total=44
[EMAPI] page=2 rows=100 kept=49 total=93
[EMAPI] page=3 rows=100 kept=44 total=137
[EMAPI] page=4 rows=100 kept=43 total=180
[EMAPI] page=5 rows=100 kept=36 total=216
[EMAPI] page=6 rows=100 kept=51 total=267
[EMAPI] page=7 rows=100 kept=48 total=315
[EMAPI] page=8 rows=100 kept=45 total=360
[EMAPI] page=9 rows=100 kept=51 total=411
[EMAPI] page=10 rows=100 kept=48 total=459
[EMAPI] page=11 rows=100 kept=50 total=509
[EMAPI] page=12 rows=100 kept=51 total=560
[EMAPI] page=13 rows=100 kept=48 total=608
[EMAPI] page=14 rows=100 kept=53 total=661
[EMAPI] page=15 rows=100 kept=48 total=709
[EMAPI] page=16 rows=100 kept=49 total=758
[EMAPI] page=17 rows=100 kept=45 total=803
[EMAPI] page=18 rows=100 kept=50 total=853
[EMAPI] page=19 rows=100 kept=46 total=899
[EMAPI] page=20 rows=100 kept=41 total=940
[EMAPI] page=21 rows=100 kept=31 total=971
[EMAPI] page=22 rows=100 kept=36 total=1007
[EMAPI] page=23 rows=100 kept=47 total=1054
[EMAPI] page=24 rows=100 kept=33 total=1087
[EMAPI] page=25 rows=100 kept=40 total=1127
[SCAN] round=191 market=1127 picks=7 ts=2026-03-23T09:43:36.820Z
[SCAN] interval error page.goto: Timeout 90000ms exceeded.
Call log:
  - navigating to "https://quote.eastmoney.com/center/gridlist.html#hs_a_board", waiting until "domcontentloaded"

[EMAPI] page=1 rows=100 kept=44 total=44
[EMAPI] page=2 rows=100 kept=49 total=93
[EMAPI] page=3 rows=100 kept=44 total=137
[EMAPI] page=4 rows=100 kept=43 total=180
[EMAPI] page=5 rows=100 kept=36 total=216
[EMAPI] page=6 rows=100 kept=51 total=267
[EMAPI] page=7 rows=100 kept=48 total=315
[EMAPI] page=1 rows=100 kept=44 total=44
[EMAPI] page=8 rows=100 kept=45 total=360
[EMAPI] page=2 rows=100 kept=49 total=93
[EMAPI] page=9 rows=100 kept=51 total=411
[EMAPI] page=3 rows=100 kept=44 total=137
[EMAPI] page=10 rows=100 kept=48 total=459
[EMAPI] page=4 rows=100 kept=43 total=180
[EMAPI] page=11 rows=100 kept=50 total=509
[EMAPI] page=5 rows=100 kept=36 total=216
[EMAPI] page=12 rows=100 kept=51 total=560
[EMAPI] page=6 rows=100 kept=51 total=267
[EMAPI] page=13 rows=100 kept=48 total=608
[EMAPI] page=7 rows=100 kept=48 total=315
[EMAPI] page=14 rows=100 kept=53 total=661
[EMAPI] page=8 rows=100 kept=45 total=360
[EMAPI] page=15 rows=100 kept=48 total=709
[EMAPI] page=9 rows=100 kept=51 total=411
[EMAPI] page=16 rows=100 kept=49 total=758
[EMAPI] page=10 rows=100 kept=48 total=459
[EMAPI] page=17 rows=100 kept=45 total=803
[EMAPI] page=11 rows=100 kept=50 total=509
[EMAPI] page=18 rows=100 kept=50 total=853
[EMAPI] page=19 rows=100 kept=46 total=899
[EMAPI] page=12 rows=100 kept=51 total=560
[EMAPI] page=20 rows=100 kept=41 total=940
[EMAPI] page=13 rows=100 kept=48 total=608
[EMAPI] page=21 rows=100 kept=31 total=971
[EMAPI] page=14 rows=100 kept=53 total=661
[EMAPI] page=22 rows=100 kept=36 total=1007
[EMAPI] page=15 rows=100 kept=48 total=709
[EMAPI] page=23 rows=100 kept=47 total=1054
[EMAPI] page=16 rows=100 kept=49 total=758
[EMAPI] page=24 rows=100 kept=33 total=1087
[EMAPI] page=25 rows=100 kept=40 total=1127
[EMAPI] page=17 rows=100 kept=45 total=803
[SCAN] round=192 market=1127 picks=7 ts=2026-03-23T09:57:01.894Z
[EMAPI] page=18 rows=100 kept=50 total=853
[EMAPI] page=19 rows=100 kept=46 total=899
[EMAPI] page=20 rows=100 kept=41 total=940
[EMAPI] page=21 rows=100 kept=31 total=971
[EMAPI] page=22 rows=100 kept=36 total=1007
[EMAPI] page=23 rows=100 kept=47 total=1054
[EMAPI] page=24 rows=100 kept=33 total=1087
[EMAPI] page=25 rows=100 kept=40 total=1127
[SCAN] round=193 market=1127 picks=7 ts=2026-03-23T09:57:03.652Z
[EMAPI] page=1 rows=100 kept=44 total=44
[EMAPI] page=2 rows=100 kept=49 total=93
[EMAPI] page=3 rows=100 kept=44 total=137
[EMAPI] page=4 rows=100 kept=43 total=180
[EMAPI] page=5 rows=100 kept=36 total=216
[EMAPI] page=6 rows=100 kept=51 total=267
[EMAPI] page=7 rows=100 kept=48 total=315
[EMAPI] page=8 rows=100 kept=45 total=360
[EMAPI] page=9 rows=100 kept=51 total=411
[EMAPI] page=10 rows=100 kept=48 total=459
[EMAPI] page=11 rows=100 kept=50 total=509
[EMAPI] page=12 rows=100 kept=51 total=560
[EMAPI] page=13 rows=100 kept=48 total=608
[EMAPI] page=14 rows=100 kept=53 total=661
[EMAPI] page=15 rows=100 kept=48 total=709
[EMAPI] page=16 rows=100 kept=49 total=758
[EMAPI] page=17 rows=100 kept=45 total=803
[EMAPI] page=18 rows=100 kept=50 total=853
[EMAPI] page=19 rows=100 kept=46 total=899
[EMAPI] page=20 rows=100 kept=41 total=940
[EMAPI] page=21 rows=100 kept=31 total=971
[EMAPI] page=22 rows=100 kept=36 total=1007
[EMAPI] page=23 rows=100 kept=47 total=1054
[EMAPI] page=24 rows=100 kept=33 total=1087
[EMAPI] page=25 rows=100 kept=40 total=1127
[SCAN] round=194 market=1127 picks=7 ts=2026-03-23T09:58:03.015Z
[EMAPI] page=1 rows=100 kept=44 total=44
[EMAPI] page=2 rows=100 kept=49 total=93
[EMAPI] page=3 rows=100 kept=44 total=137
[EMAPI] page=4 rows=100 kept=43 total=180
[EMAPI] page=5 rows=100 kept=36 total=216
[EMAPI] page=6 rows=100 kept=51 total=267
[EMAPI] page=7 rows=100 kept=48 total=315
[EMAPI] page=8 rows=100 kept=45 total=360
[EMAPI] page=9 rows=100 kept=51 total=411
[EMAPI] page=10 rows=100 kept=48 total=459
[EMAPI] page=11 rows=100 kept=50 total=509
[EMAPI] page=12 rows=100 kept=51 total=560
[EMAPI] page=13 rows=100 kept=48 total=608
[EMAPI] page=14 rows=100 kept=53 total=661
[EMAPI] page=15 rows=100 kept=48 total=709
[EMAPI] page=16 rows=100 kept=49 total=758
[EMAPI] page=17 rows=100 kept=45 total=803
[EMAPI] page=18 rows=100 kept=50 total=853
[EMAPI] page=19 rows=100 kept=46 total=899
[EMAPI] page=20 rows=100 kept=41 total=940
[EMAPI] page=21 rows=100 kept=31 total=971
[EMAPI] page=22 rows=100 kept=36 total=1007
[EMAPI] page=23 rows=100 kept=47 total=1054
[EMAPI] page=24 rows=100 kept=33 total=1087
[EMAPI] page=25 rows=100 kept=40 total=1127
[SCAN] round=195 market=1127 picks=7 ts=2026-03-23T09:59:03.841Z
[EMAPI] page=1 rows=100 kept=44 total=44
[EMAPI] page=2 rows=100 kept=49 total=93
[EMAPI] page=3 rows=100 kept=44 total=137
[EMAPI] page=4 rows=100 kept=43 total=180
[EMAPI] page=5 rows=100 kept=36 total=216
[EMAPI] page=6 rows=100 kept=51 total=267
[EMAPI] page=7 rows=100 kept=48 total=315
[EMAPI] page=8 rows=100 kept=45 total=360
[EMAPI] page=9 rows=100 kept=51 total=411
[EMAPI] page=10 rows=100 kept=48 total=459
[EMAPI] page=11 rows=100 kept=50 total=509
[EMAPI] page=12 rows=100 kept=51 total=560
[EMAPI] page=13 rows=100 kept=48 total=608
[EMAPI] page=14 rows=100 kept=53 total=661
[EMAPI] page=15 rows=100 kept=48 total=709
[EMAPI] page=16 rows=100 kept=49 total=758
[EMAPI] page=17 rows=100 kept=45 total=803
[EMAPI] page=18 rows=100 kept=50 total=853
[EMAPI] page=19 rows=100 kept=46 total=899
[EMAPI] page=20 rows=100 kept=41 total=940
[EMAPI] page=21 rows=100 kept=31 total=971
[EMAPI] page=22 rows=100 kept=36 total=1007
[EMAPI] page=23 rows=100 kept=47 total=1054
[EMAPI] page=24 rows=100 kept=33 total=1087
[EMAPI] page=25 rows=100 kept=40 total=1127
[SCAN] round=196 market=1127 picks=7 ts=2026-03-23T10:00:02.927Z
[EMAPI] page=1 rows=100 kept=44 total=44
[EMAPI] page=2 rows=100 kept=49 total=93
[EMAPI] page=3 rows=100 kept=44 total=137
[EMAPI] page=4 rows=100 kept=43 total=180
[EMAPI] page=5 rows=100 kept=36 total=216
[EMAPI] page=6 rows=100 kept=51 total=267
[EMAPI] page=7 rows=100 kept=48 total=315
[EMAPI] page=8 rows=100 kept=45 total=360
[EMAPI] page=9 rows=100 kept=51 total=411
[EMAPI] page=10 rows=100 kept=48 total=459
[EMAPI] page=11 rows=100 kept=50 total=509
[EMAPI] page=12 rows=100 kept=51 total=560
[EMAPI] page=13 rows=100 kept=48 total=608
[EMAPI] page=14 rows=100 kept=53 total=661
[EMAPI] page=15 rows=100 kept=48 total=709
[EMAPI] page=16 rows=100 kept=49 total=758
[EMAPI] page=17 rows=100 kept=45 total=803
[EMAPI] page=18 rows=100 kept=50 total=853
[EMAPI] page=19 rows=100 kept=46 total=899
[EMAPI] page=20 rows=100 kept=41 total=940
[EMAPI] page=21 rows=100 kept=31 total=971
[EMAPI] page=22 rows=100 kept=36 total=1007
[EMAPI] page=23 rows=100 kept=47 total=1054
[EMAPI] page=24 rows=100 kept=33 total=1087
[EMAPI] page=25 rows=100 kept=40 total=1127
[SCAN] round=197 market=1127 picks=7 ts=2026-03-23T10:01:03.954Z
[EMAPI] page=1 rows=100 kept=44 total=44
[EMAPI] page=2 rows=100 kept=49 total=93
[EMAPI] page=3 rows=100 kept=44 total=137
[EMAPI] page=4 rows=100 kept=43 total=180
[EMAPI] page=5 rows=100 kept=36 total=216
[EMAPI] page=6 rows=100 kept=51 total=267
[EMAPI] page=7 rows=100 kept=48 total=315
[EMAPI] page=8 rows=100 kept=45 total=360
[EMAPI] page=9 rows=100 kept=51 total=411
[EMAPI] page=10 rows=100 kept=48 total=459
[EMAPI] page=11 rows=100 kept=50 total=509
[EMAPI] page=12 rows=100 kept=51 total=560
[EMAPI] page=13 rows=100 kept=48 total=608
[EMAPI] page=14 rows=100 kept=53 total=661
[EMAPI] page=15 rows=100 kept=48 total=709
[EMAPI] page=16 rows=100 kept=49 total=758
[EMAPI] page=17 rows=100 kept=45 total=803
[EMAPI] page=18 rows=100 kept=50 total=853
[EMAPI] page=19 rows=100 kept=46 total=899
[EMAPI] page=20 rows=100 kept=41 total=940
[EMAPI] page=21 rows=100 kept=31 total=971
[EMAPI] page=22 rows=100 kept=36 total=1007
[EMAPI] page=23 rows=100 kept=47 total=1054
[EMAPI] page=24 rows=100 kept=33 total=1087
[EMAPI] page=25 rows=100 kept=40 total=1127
[SCAN] round=198 market=1127 picks=7 ts=2026-03-23T10:02:03.697Z
[EMAPI] page=1 rows=100 kept=44 total=44
[EMAPI] page=2 rows=100 kept=49 total=93
[EMAPI] page=3 rows=100 kept=44 total=137
[EMAPI] page=4 rows=100 kept=43 total=180
[EMAPI] page=5 rows=100 kept=36 total=216
[EMAPI] page=6 rows=100 kept=51 total=267
[EMAPI] page=7 rows=100 kept=48 total=315
[EMAPI] page=8 rows=100 kept=45 total=360
[EMAPI] page=9 rows=100 kept=51 total=411
[EMAPI] page=10 rows=100 kept=48 total=459
[EMAPI] page=11 rows=100 kept=50 total=509
[EMAPI] page=12 rows=100 kept=51 total=560
[EMAPI] page=13 rows=100 kept=48 total=608
[EMAPI] page=14 rows=100 kept=53 total=661
[EMAPI] page=15 rows=100 kept=48 total=709
[EMAPI] page=16 rows=100 kept=49 total=758
[EMAPI] page=17 rows=100 kept=45 total=803
[EMAPI] page=18 rows=100 kept=50 total=853
[EMAPI] page=19 rows=100 kept=46 total=899
[EMAPI] page=20 rows=100 kept=41 total=940
[EMAPI] page=21 rows=100 kept=31 total=971
[EMAPI] page=22 rows=100 kept=36 total=1007
[EMAPI] page=23 rows=100 kept=47 total=1054
[EMAPI] page=24 rows=100 kept=33 total=1087
[EMAPI] page=25 rows=100 kept=40 total=1127
[SCAN] round=199 market=1127 picks=7 ts=2026-03-23T10:03:03.398Z
[EMAPI] page=1 rows=100 kept=44 total=44
[EMAPI] page=2 rows=100 kept=49 total=93
[EMAPI] page=3 rows=100 kept=44 total=137
[EMAPI] page=4 rows=100 kept=43 total=180
[EMAPI] page=5 rows=100 kept=36 total=216
[EMAPI] page=6 rows=100 kept=51 total=267
[EMAPI] page=7 rows=100 kept=48 total=315
[EMAPI] page=8 rows=100 kept=45 total=360
[EMAPI] page=9 rows=100 kept=51 total=411
[EMAPI] page=10 rows=100 kept=48 total=459
[EMAPI] page=11 rows=100 kept=50 total=509
[EMAPI] page=12 rows=100 kept=51 total=560
[EMAPI] page=13 rows=100 kept=48 total=608
[EMAPI] page=14 rows=100 kept=53 total=661
[EMAPI] page=15 rows=100 kept=48 total=709
[EMAPI] page=16 rows=100 kept=49 total=758
[EMAPI] page=17 rows=100 kept=45 total=803
[EMAPI] page=18 rows=100 kept=50 total=853
[EMAPI] page=19 rows=100 kept=46 total=899
[EMAPI] page=20 rows=100 kept=41 total=940
[EMAPI] page=21 rows=100 kept=31 total=971
[EMAPI] page=22 rows=100 kept=36 total=1007
[EMAPI] page=23 rows=100 kept=47 total=1054
[EMAPI] page=24 rows=100 kept=33 total=1087
[EMAPI] page=25 rows=100 kept=40 total=1127
[SCAN] round=200 market=1127 picks=7 ts=2026-03-23T10:04:02.864Z
[EMAPI] page=1 rows=100 kept=44 total=44
[EMAPI] page=2 rows=100 kept=49 total=93
[EMAPI] page=3 rows=100 kept=44 total=137
[EMAPI] page=4 rows=100 kept=43 total=180
[EMAPI] page=5 rows=100 kept=36 total=216
[EMAPI] page=6 rows=100 kept=51 total=267
[EMAPI] page=7 rows=100 kept=48 total=315
[EMAPI] page=8 rows=100 kept=45 total=360
[EMAPI] page=9 rows=100 kept=51 total=411
[EMAPI] page=10 rows=100 kept=48 total=459
[EMAPI] page=11 rows=100 kept=50 total=509
[EMAPI] page=12 rows=100 kept=51 total=560
[EMAPI] page=13 rows=100 kept=48 total=608
[EMAPI] page=14 rows=100 kept=53 total=661
[EMAPI] page=15 rows=100 kept=48 total=709
[EMAPI] page=16 rows=100 kept=49 total=758
[EMAPI] page=17 rows=100 kept=45 total=803
[EMAPI] page=18 rows=100 kept=50 total=853
[EMAPI] page=19 rows=100 kept=46 total=899
[EMAPI] page=20 rows=100 kept=41 total=940
[EMAPI] page=21 rows=100 kept=31 total=971
[EMAPI] page=22 rows=100 kept=36 total=1007
[EMAPI] page=23 rows=100 kept=47 total=1054
[EMAPI] page=24 rows=100 kept=33 total=1087
[EMAPI] page=25 rows=100 kept=40 total=1127
[SCAN] round=201 market=1127 picks=7 ts=2026-03-23T10:05:02.760Z
[EMAPI] page=1 rows=100 kept=44 total=44
[EMAPI] page=2 rows=100 kept=49 total=93
[EMAPI] page=3 rows=100 kept=44 total=137
[EMAPI] page=4 rows=100 kept=43 total=180
[EMAPI] page=5 rows=100 kept=36 total=216
[EMAPI] page=6 rows=100 kept=51 total=267
[EMAPI] page=7 rows=100 kept=48 total=315
[EMAPI] page=8 rows=100 kept=45 total=360
[EMAPI] page=9 rows=100 kept=51 total=411
[EMAPI] page=10 rows=100 kept=48 total=459
[EMAPI] page=11 rows=100 kept=50 total=509
[EMAPI] page=12 rows=100 kept=51 total=560
[EMAPI] page=13 rows=100 kept=48 total=608
[EMAPI] page=14 rows=100 kept=53 total=661
[EMAPI] page=15 rows=100 kept=48 total=709
[EMAPI] page=16 rows=100 kept=49 total=758
[EMAPI] page=17 rows=100 kept=45 total=803
[EMAPI] page=18 rows=100 kept=50 total=853
[EMAPI] page=19 rows=100 kept=46 total=899
[EMAPI] page=20 rows=100 kept=41 total=940
[EMAPI] page=21 rows=100 kept=31 total=971
[EMAPI] page=22 rows=100 kept=36 total=1007
[EMAPI] page=23 rows=100 kept=47 total=1054
[EMAPI] page=24 rows=100 kept=33 total=1087
[EMAPI] page=25 rows=100 kept=40 total=1127
[SCAN] round=202 market=1127 picks=7 ts=2026-03-23T10:06:02.971Z
[EMAPI] page=1 rows=100 kept=44 total=44
[EMAPI] page=2 rows=100 kept=49 total=93
[EMAPI] page=3 rows=100 kept=44 total=137
[EMAPI] page=4 rows=100 kept=43 total=180
[EMAPI] page=5 rows=100 kept=36 total=216
[EMAPI] page=6 rows=100 kept=51 total=267
[EMAPI] page=7 rows=100 kept=48 total=315
[EMAPI] page=8 rows=100 kept=45 total=360
[EMAPI] page=9 rows=100 kept=51 total=411
[EMAPI] page=10 rows=100 kept=48 total=459
[EMAPI] page=11 rows=100 kept=50 total=509
[EMAPI] page=12 rows=100 kept=51 total=560
[EMAPI] page=13 rows=100 kept=48 total=608
[EMAPI] page=14 rows=100 kept=53 total=661
[EMAPI] page=15 rows=100 kept=48 total=709
[EMAPI] page=16 rows=100 kept=49 total=758
[EMAPI] page=17 rows=100 kept=45 total=803
[EMAPI] page=18 rows=100 kept=50 total=853
[EMAPI] page=19 rows=100 kept=46 total=899
[EMAPI] page=20 rows=100 kept=41 total=940
[EMAPI] page=21 rows=100 kept=31 total=971
[EMAPI] page=22 rows=100 kept=36 total=1007
[EMAPI] page=23 rows=100 kept=47 total=1054
[EMAPI] page=24 rows=100 kept=33 total=1087
[EMAPI] page=25 rows=100 kept=40 total=1127
[SCAN] round=203 market=1127 picks=7 ts=2026-03-23T10:07:03.174Z
[EMAPI] page=1 rows=100 kept=44 total=44
[EMAPI] page=2 rows=100 kept=49 total=93
[EMAPI] page=3 rows=100 kept=44 total=137
[EMAPI] page=4 rows=100 kept=43 total=180
[EMAPI] page=5 rows=100 kept=36 total=216
[EMAPI] page=6 rows=100 kept=51 total=267
[EMAPI] page=7 rows=100 kept=48 total=315
[EMAPI] page=8 rows=100 kept=45 total=360
[EMAPI] page=9 rows=100 kept=51 total=411
[EMAPI] page=10 rows=100 kept=48 total=459
[EMAPI] page=11 rows=100 kept=50 total=509
[EMAPI] page=12 rows=100 kept=51 total=560
[EMAPI] page=13 rows=100 kept=48 total=608
[EMAPI] page=14 rows=100 kept=53 total=661
[EMAPI] page=15 rows=100 kept=48 total=709
[EMAPI] page=16 rows=100 kept=49 total=758
[EMAPI] page=17 rows=100 kept=45 total=803
[EMAPI] page=18 rows=100 kept=50 total=853
[EMAPI] page=19 rows=100 kept=46 total=899
[EMAPI] page=20 rows=100 kept=41 total=940
[EMAPI] page=21 rows=100 kept=31 total=971
[EMAPI] page=22 rows=100 kept=36 total=1007
[EMAPI] page=23 rows=100 kept=47 total=1054
[EMAPI] page=24 rows=100 kept=33 total=1087
[EMAPI] page=25 rows=100 kept=40 total=1127
[SCAN] round=204 market=1127 picks=7 ts=2026-03-23T10:08:02.609Z
[EMAPI] page=1 rows=100 kept=44 total=44
[EMAPI] page=2 rows=100 kept=49 total=93
[EMAPI] page=3 rows=100 kept=44 total=137
[EMAPI] page=4 rows=100 kept=43 total=180
[EMAPI] page=5 rows=100 kept=36 total=216
[EMAPI] page=6 rows=100 kept=51 total=267
[EMAPI] page=7 rows=100 kept=48 total=315
[EMAPI] page=8 rows=100 kept=45 total=360
[EMAPI] page=9 rows=100 kept=51 total=411
[EMAPI] page=10 rows=100 kept=48 total=459
[EMAPI] page=11 rows=100 kept=50 total=509
[EMAPI] page=12 rows=100 kept=51 total=560
[EMAPI] page=13 rows=100 kept=48 total=608
[EMAPI] page=14 rows=100 kept=53 total=661
[EMAPI] page=15 rows=100 kept=48 total=709
[EMAPI] page=16 rows=100 kept=49 total=758
[EMAPI] page=17 rows=100 kept=45 total=803
[EMAPI] page=18 rows=100 kept=50 total=853
[EMAPI] page=19 rows=100 kept=46 total=899
[EMAPI] page=20 rows=100 kept=41 total=940
[EMAPI] page=21 rows=100 kept=31 total=971
[EMAPI] page=22 rows=100 kept=36 total=1007
[EMAPI] page=23 rows=100 kept=47 total=1054
[EMAPI] page=24 rows=100 kept=33 total=1087
[EMAPI] page=25 rows=100 kept=40 total=1127
[SCAN] round=205 market=1127 picks=7 ts=2026-03-23T10:09:06.252Z
[EMAPI] page=1 rows=100 kept=44 total=44
[EMAPI] page=2 rows=100 kept=49 total=93
[EMAPI] page=3 rows=100 kept=44 total=137
[EMAPI] page=4 rows=100 kept=43 total=180
[EMAPI] page=5 rows=100 kept=36 total=216
[EMAPI] page=6 rows=100 kept=51 total=267
[EMAPI] page=7 rows=100 kept=48 total=315
[EMAPI] page=8 rows=100 kept=45 total=360
[EMAPI] page=9 rows=100 kept=51 total=411
[EMAPI] page=10 rows=100 kept=48 total=459
[EMAPI] page=11 rows=100 kept=50 total=509
[EMAPI] page=12 rows=100 kept=51 total=560
[EMAPI] page=13 rows=100 kept=48 total=608
[EMAPI] page=14 rows=100 kept=53 total=661
[EMAPI] page=15 rows=100 kept=48 total=709
[EMAPI] page=16 rows=100 kept=49 total=758
[EMAPI] page=17 rows=100 kept=45 total=803
[EMAPI] page=18 rows=100 kept=50 total=853
[EMAPI] page=19 rows=100 kept=46 total=899
[EMAPI] page=20 rows=100 kept=41 total=940
[EMAPI] page=21 rows=100 kept=31 total=971
[EMAPI] page=22 rows=100 kept=36 total=1007
[EMAPI] page=23 rows=100 kept=47 total=1054
[EMAPI] page=24 rows=100 kept=33 total=1087
[EMAPI] page=25 rows=100 kept=40 total=1127
[SCAN] round=206 market=1127 picks=7 ts=2026-03-23T10:10:02.992Z
[EMAPI] page=1 rows=100 kept=44 total=44
[EMAPI] page=2 rows=100 kept=49 total=93
[EMAPI] page=3 rows=100 kept=44 total=137
[EMAPI] page=4 rows=100 kept=43 total=180
[EMAPI] page=5 rows=100 kept=36 total=216
[EMAPI] page=6 rows=100 kept=51 total=267
[EMAPI] page=7 rows=100 kept=48 total=315
[EMAPI] page=8 rows=100 kept=45 total=360
[EMAPI] page=9 rows=100 kept=51 total=411
[EMAPI] page=10 rows=100 kept=48 total=459
[EMAPI] page=11 rows=100 kept=50 total=509
[EMAPI] page=12 rows=100 kept=51 total=560
[EMAPI] page=13 rows=100 kept=48 total=608
[EMAPI] page=14 rows=100 kept=53 total=661
[EMAPI] page=15 rows=100 kept=48 total=709
[EMAPI] page=16 rows=100 kept=49 total=758
[EMAPI] page=17 rows=100 kept=45 total=803
[EMAPI] page=18 rows=100 kept=50 total=853
[EMAPI] page=19 rows=100 kept=46 total=899
[EMAPI] page=20 rows=100 kept=41 total=940
[EMAPI] page=21 rows=100 kept=31 total=971
[EMAPI] page=22 rows=100 kept=36 total=1007
[EMAPI] page=23 rows=100 kept=47 total=1054
[EMAPI] page=24 rows=100 kept=33 total=1087
[EMAPI] page=25 rows=100 kept=40 total=1127
[SCAN] round=207 market=1127 picks=7 ts=2026-03-23T10:11:03.167Z
[EMAPI] page=1 rows=100 kept=44 total=44
[EMAPI] page=2 rows=100 kept=49 total=93
[EMAPI] page=3 rows=100 kept=44 total=137
[EMAPI] page=4 rows=100 kept=43 total=180
[EMAPI] page=5 rows=100 kept=36 total=216
[EMAPI] page=6 rows=100 kept=51 total=267
[EMAPI] page=7 rows=100 kept=48 total=315
[EMAPI] page=8 rows=100 kept=45 total=360
[EMAPI] page=9 rows=100 kept=51 total=411
[EMAPI] page=10 rows=100 kept=48 total=459
[EMAPI] page=11 rows=100 kept=50 total=509
[EMAPI] page=12 rows=100 kept=51 total=560
[EMAPI] page=13 rows=100 kept=48 total=608
[EMAPI] page=14 rows=100 kept=53 total=661
[EMAPI] page=15 rows=100 kept=48 total=709
[EMAPI] page=16 rows=100 kept=49 total=758
[EMAPI] page=17 rows=100 kept=45 total=803
[EMAPI] page=18 rows=100 kept=50 total=853
[EMAPI] page=19 rows=100 kept=46 total=899
[EMAPI] page=20 rows=100 kept=41 total=940
[EMAPI] page=21 rows=100 kept=31 total=971
[EMAPI] page=22 rows=100 kept=36 total=1007
[EMAPI] page=23 rows=100 kept=47 total=1054
[EMAPI] page=24 rows=100 kept=33 total=1087
[EMAPI] page=25 rows=100 kept=40 total=1127
[SCAN] round=208 market=1127 picks=7 ts=2026-03-23T10:12:03.043Z
[EMAPI] page=1 rows=100 kept=44 total=44
[EMAPI] page=2 rows=100 kept=49 total=93
[EMAPI] page=3 rows=100 kept=44 total=137
[EMAPI] page=4 rows=100 kept=43 total=180
[EMAPI] page=5 rows=100 kept=36 total=216
[EMAPI] page=6 rows=100 kept=51 total=267
[EMAPI] page=7 rows=100 kept=48 total=315
[EMAPI] page=8 rows=100 kept=45 total=360
[EMAPI] page=9 rows=100 kept=51 total=411
[EMAPI] page=10 rows=100 kept=48 total=459
[EMAPI] page=11 rows=100 kept=50 total=509
[EMAPI] page=12 rows=100 kept=51 total=560
[EMAPI] page=13 rows=100 kept=48 total=608
[EMAPI] page=14 rows=100 kept=53 total=661
[EMAPI] page=15 rows=100 kept=48 total=709
[EMAPI] page=16 rows=100 kept=49 total=758
[EMAPI] page=17 rows=100 kept=45 total=803
[EMAPI] page=18 rows=100 kept=50 total=853
[EMAPI] page=19 rows=100 kept=46 total=899
[EMAPI] page=20 rows=100 kept=41 total=940
[EMAPI] page=21 rows=100 kept=31 total=971
[EMAPI] page=22 rows=100 kept=36 total=1007
[EMAPI] page=23 rows=100 kept=47 total=1054
[EMAPI] page=24 rows=100 kept=33 total=1087
[EMAPI] page=25 rows=100 kept=40 total=1127
[SCAN] round=209 market=1127 picks=7 ts=2026-03-23T10:13:03.033Z
[EMAPI] page=1 rows=100 kept=44 total=44
[EMAPI] page=2 rows=100 kept=49 total=93
[EMAPI] page=3 rows=100 kept=44 total=137
[EMAPI] page=4 rows=100 kept=43 total=180
[EMAPI] page=5 rows=100 kept=36 total=216
[EMAPI] page=6 rows=100 kept=51 total=267
[EMAPI] page=7 rows=100 kept=48 total=315
[EMAPI] page=8 rows=100 kept=45 total=360
[EMAPI] page=9 rows=100 kept=51 total=411
[EMAPI] page=10 rows=100 kept=48 total=459
[EMAPI] page=11 rows=100 kept=50 total=509
[EMAPI] page=12 rows=100 kept=51 total=560
[EMAPI] page=13 rows=100 kept=48 total=608
[EMAPI] page=14 rows=100 kept=53 total=661
[EMAPI] page=15 rows=100 kept=48 total=709
[EMAPI] page=16 rows=100 kept=49 total=758
[EMAPI] page=17 rows=100 kept=45 total=803
[EMAPI] page=18 rows=100 kept=50 total=853
[EMAPI] page=19 rows=100 kept=46 total=899
[EMAPI] page=20 rows=100 kept=41 total=940
[EMAPI] page=21 rows=100 kept=31 total=971
[EMAPI] page=22 rows=100 kept=36 total=1007
[EMAPI] page=23 rows=100 kept=47 total=1054
[EMAPI] page=24 rows=100 kept=33 total=1087
[EMAPI] page=25 rows=100 kept=40 total=1127
[SCAN] round=210 market=1127 picks=7 ts=2026-03-23T10:14:03.922Z
[EMAPI] page=1 rows=100 kept=44 total=44
[EMAPI] page=2 rows=100 kept=49 total=93
[EMAPI] page=3 rows=100 kept=44 total=137
[EMAPI] page=4 rows=100 kept=43 total=180
[EMAPI] page=5 rows=100 kept=36 total=216
[EMAPI] page=6 rows=100 kept=51 total=267
[EMAPI] page=7 rows=100 kept=48 total=315
[EMAPI] page=8 rows=100 kept=45 total=360
[EMAPI] page=9 rows=100 kept=51 total=411
[EMAPI] page=10 rows=100 kept=48 total=459
[EMAPI] page=11 rows=100 kept=50 total=509
[EMAPI] page=12 rows=100 kept=51 total=560
[EMAPI] page=13 rows=100 kept=48 total=608
[EMAPI] page=14 rows=100 kept=53 total=661
[EMAPI] page=15 rows=100 kept=48 total=709
[EMAPI] page=16 rows=100 kept=49 total=758
[EMAPI] page=17 rows=100 kept=45 total=803
[EMAPI] page=18 rows=100 kept=50 total=853
[EMAPI] page=19 rows=100 kept=46 total=899
[EMAPI] page=20 rows=100 kept=41 total=940
[EMAPI] page=21 rows=100 kept=31 total=971
[EMAPI] page=22 rows=100 kept=36 total=1007
[EMAPI] page=23 rows=100 kept=47 total=1054
[EMAPI] page=24 rows=100 kept=33 total=1087
[EMAPI] page=25 rows=100 kept=40 total=1127
[SCAN] round=211 market=1127 picks=7 ts=2026-03-23T10:15:03.945Z
[EMAPI] page=1 rows=100 kept=44 total=44
[EMAPI] page=2 rows=100 kept=49 total=93
[EMAPI] page=3 rows=100 kept=44 total=137
[EMAPI] page=4 rows=100 kept=43 total=180
[EMAPI] page=5 rows=100 kept=36 total=216
[EMAPI] page=6 rows=100 kept=51 total=267
[EMAPI] page=7 rows=100 kept=48 total=315
[EMAPI] page=8 rows=100 kept=45 total=360
[EMAPI] page=9 rows=100 kept=51 total=411
[EMAPI] page=10 rows=100 kept=48 total=459
[EMAPI] page=11 rows=100 kept=50 total=509
[EMAPI] page=12 rows=100 kept=51 total=560
[EMAPI] page=13 rows=100 kept=48 total=608
[EMAPI] page=14 rows=100 kept=53 total=661
[EMAPI] page=15 rows=100 kept=48 total=709
[EMAPI] page=16 rows=100 kept=49 total=758
[EMAPI] page=17 rows=100 kept=45 total=803
[EMAPI] page=18 rows=100 kept=50 total=853
[EMAPI] page=19 rows=100 kept=46 total=899
[EMAPI] page=20 rows=100 kept=41 total=940
[EMAPI] page=21 rows=100 kept=31 total=971
[EMAPI] page=22 rows=100 kept=36 total=1007
[EMAPI] page=23 rows=100 kept=47 total=1054
[EMAPI] page=24 rows=100 kept=33 total=1087
[EMAPI] page=25 rows=100 kept=40 total=1127
[SCAN] round=212 market=1127 picks=7 ts=2026-03-23T10:16:04.007Z
[EMAPI] page=1 rows=100 kept=44 total=44
[EMAPI] page=2 rows=100 kept=49 total=93
[EMAPI] page=3 rows=100 kept=44 total=137
[EMAPI] page=4 rows=100 kept=43 total=180
[EMAPI] page=5 rows=100 kept=36 total=216
[EMAPI] page=6 rows=100 kept=51 total=267
[EMAPI] page=7 rows=100 kept=48 total=315
[EMAPI] page=8 rows=100 kept=45 total=360
[EMAPI] page=9 rows=100 kept=51 total=411
[EMAPI] page=10 rows=100 kept=48 total=459
[EMAPI] page=11 rows=100 kept=50 total=509
[EMAPI] page=12 rows=100 kept=51 total=560
[EMAPI] page=13 rows=100 kept=48 total=608
[EMAPI] page=14 rows=100 kept=53 total=661
[EMAPI] page=15 rows=100 kept=48 total=709
[EMAPI] page=16 rows=100 kept=49 total=758
[EMAPI] page=17 rows=100 kept=45 total=803
[EMAPI] page=18 rows=100 kept=50 total=853
[EMAPI] page=19 rows=100 kept=46 total=899
[EMAPI] page=20 rows=100 kept=41 total=940
[EMAPI] page=21 rows=100 kept=31 total=971
[EMAPI] page=22 rows=100 kept=36 total=1007
[EMAPI] page=23 rows=100 kept=47 total=1054
[EMAPI] page=24 rows=100 kept=33 total=1087
[EMAPI] page=25 rows=100 kept=40 total=1127
[SCAN] round=213 market=1127 picks=7 ts=2026-03-23T10:17:03.657Z
[EMAPI] page=1 rows=100 kept=44 total=44
[EMAPI] page=2 rows=100 kept=49 total=93
[EMAPI] page=3 rows=100 kept=44 total=137
[EMAPI] page=4 rows=100 kept=43 total=180
[EMAPI] page=5 rows=100 kept=36 total=216
[EMAPI] page=6 rows=100 kept=51 total=267
[EMAPI] page=7 rows=100 kept=48 total=315
[EMAPI] page=8 rows=100 kept=45 total=360
[EMAPI] page=9 rows=100 kept=51 total=411
[EMAPI] page=10 rows=100 kept=48 total=459
[EMAPI] page=11 rows=100 kept=50 total=509
[EMAPI] page=12 rows=100 kept=51 total=560
[EMAPI] page=13 rows=100 kept=48 total=608
[EMAPI] page=14 rows=100 kept=53 total=661
[EMAPI] page=15 rows=100 kept=48 total=709
[EMAPI] page=16 rows=100 kept=49 total=758
[EMAPI] page=17 rows=100 kept=45 total=803
[EMAPI] page=18 rows=100 kept=50 total=853
[EMAPI] page=19 rows=100 kept=46 total=899
[EMAPI] page=20 rows=100 kept=41 total=940
[EMAPI] page=21 rows=100 kept=31 total=971
[EMAPI] page=22 rows=100 kept=36 total=1007
[EMAPI] page=23 rows=100 kept=47 total=1054
[EMAPI] page=24 rows=100 kept=33 total=1087
[EMAPI] page=25 rows=100 kept=40 total=1127
[SCAN] round=214 market=1127 picks=7 ts=2026-03-23T10:18:04.131Z
[EMAPI] page=1 rows=100 kept=44 total=44
[EMAPI] page=2 rows=100 kept=49 total=93
[EMAPI] page=3 rows=100 kept=44 total=137
[EMAPI] page=4 rows=100 kept=43 total=180
[EMAPI] page=5 rows=100 kept=36 total=216
[EMAPI] page=6 rows=100 kept=51 total=267
[EMAPI] page=7 rows=100 kept=48 total=315
[EMAPI] page=8 rows=100 kept=45 total=360
[EMAPI] page=9 rows=100 kept=51 total=411
[EMAPI] page=10 rows=100 kept=48 total=459
[EMAPI] page=11 rows=100 kept=50 total=509
[EMAPI] page=12 rows=100 kept=51 total=560
[EMAPI] page=13 rows=100 kept=48 total=608
[EMAPI] page=14 rows=100 kept=53 total=661
[EMAPI] page=15 rows=100 kept=48 total=709
[EMAPI] page=16 rows=100 kept=49 total=758
[EMAPI] page=17 rows=100 kept=45 total=803
[EMAPI] page=18 rows=100 kept=50 total=853
[EMAPI] page=19 rows=100 kept=46 total=899
[EMAPI] page=20 rows=100 kept=41 total=940
[EMAPI] page=21 rows=100 kept=31 total=971
[EMAPI] page=22 rows=100 kept=36 total=1007
[EMAPI] page=23 rows=100 kept=47 total=1054
[EMAPI] page=24 rows=100 kept=33 total=1087
[EMAPI] page=25 rows=100 kept=40 total=1127
[SCAN] round=215 market=1127 picks=7 ts=2026-03-23T10:19:03.623Z
[EMAPI] page=1 rows=100 kept=44 total=44
[EMAPI] page=2 rows=100 kept=49 total=93
[EMAPI] page=3 rows=100 kept=44 total=137
[EMAPI] page=4 rows=100 kept=43 total=180
[EMAPI] page=5 rows=100 kept=36 total=216
[EMAPI] page=6 rows=100 kept=51 total=267
[EMAPI] page=7 rows=100 kept=48 total=315
[EMAPI] page=8 rows=100 kept=45 total=360
[EMAPI] page=9 rows=100 kept=51 total=411
[EMAPI] page=10 rows=100 kept=48 total=459
[EMAPI] page=11 rows=100 kept=50 total=509
[EMAPI] page=12 rows=100 kept=51 total=560
[EMAPI] page=13 rows=100 kept=48 total=608
[EMAPI] page=14 rows=100 kept=53 total=661
[EMAPI] page=15 rows=100 kept=48 total=709
[EMAPI] page=16 rows=100 kept=49 total=758
[EMAPI] page=17 rows=100 kept=45 total=803
[EMAPI] page=18 rows=100 kept=50 total=853
[EMAPI] page=19 rows=100 kept=46 total=899
[EMAPI] page=20 rows=100 kept=41 total=940
[EMAPI] page=21 rows=100 kept=31 total=971
[EMAPI] page=22 rows=100 kept=36 total=1007
[EMAPI] page=23 rows=100 kept=47 total=1054
[EMAPI] page=24 rows=100 kept=33 total=1087
[EMAPI] page=25 rows=100 kept=40 total=1127
[SCAN] round=216 market=1127 picks=7 ts=2026-03-23T10:20:03.992Z
[EMAPI] page=1 rows=100 kept=44 total=44
[EMAPI] page=2 rows=100 kept=49 total=93
[EMAPI] page=3 rows=100 kept=44 total=137
[EMAPI] page=4 rows=100 kept=43 total=180
[EMAPI] page=5 rows=100 kept=36 total=216
[EMAPI] page=6 rows=100 kept=51 total=267
[EMAPI] page=7 rows=100 kept=48 total=315
[EMAPI] page=8 rows=100 kept=45 total=360
[EMAPI] page=9 rows=100 kept=51 total=411
[EMAPI] page=10 rows=100 kept=48 total=459
[EMAPI] page=11 rows=100 kept=50 total=509
[EMAPI] page=12 rows=100 kept=51 total=560
[EMAPI] page=13 rows=100 kept=48 total=608
[EMAPI] page=14 rows=100 kept=53 total=661
[EMAPI] page=15 rows=100 kept=48 total=709
[EMAPI] page=16 rows=100 kept=49 total=758
[EMAPI] page=17 rows=100 kept=45 total=803
[EMAPI] page=18 rows=100 kept=50 total=853
[EMAPI] page=19 rows=100 kept=46 total=899
[EMAPI] page=20 rows=100 kept=41 total=940
[EMAPI] page=21 rows=100 kept=31 total=971
[EMAPI] page=22 rows=100 kept=36 total=1007
[EMAPI] page=23 rows=100 kept=47 total=1054
[EMAPI] page=24 rows=100 kept=33 total=1087
[EMAPI] page=25 rows=100 kept=40 total=1127
[SCAN] round=217 market=1127 picks=7 ts=2026-03-23T10:21:03.524Z
[EMAPI] page=1 rows=100 kept=44 total=44
[EMAPI] page=2 rows=100 kept=49 total=93
[EMAPI] page=3 rows=100 kept=44 total=137
[EMAPI] page=4 rows=100 kept=43 total=180
[EMAPI] page=5 rows=100 kept=36 total=216
[EMAPI] page=6 rows=100 kept=51 total=267
[EMAPI] page=7 rows=100 kept=48 total=315
[EMAPI] page=8 rows=100 kept=45 total=360
[EMAPI] page=9 rows=100 kept=51 total=411
[EMAPI] page=10 rows=100 kept=48 total=459
[EMAPI] page=11 rows=100 kept=50 total=509
[EMAPI] page=12 rows=100 kept=51 total=560
[EMAPI] page=13 rows=100 kept=48 total=608
[EMAPI] page=14 rows=100 kept=53 total=661
[EMAPI] page=15 rows=100 kept=48 total=709
[EMAPI] page=16 rows=100 kept=49 total=758
[EMAPI] page=17 rows=100 kept=45 total=803
[EMAPI] page=18 rows=100 kept=50 total=853
[EMAPI] page=19 rows=100 kept=46 total=899
[EMAPI] page=20 rows=100 kept=41 total=940
[EMAPI] page=21 rows=100 kept=31 total=971
[EMAPI] page=22 rows=100 kept=36 total=1007
[EMAPI] page=23 rows=100 kept=47 total=1054
[EMAPI] page=24 rows=100 kept=33 total=1087
[EMAPI] page=25 rows=100 kept=40 total=1127
[SCAN] round=218 market=1127 picks=7 ts=2026-03-23T10:22:04.197Z
[EMAPI] page=1 rows=100 kept=44 total=44
[EMAPI] page=2 rows=100 kept=49 total=93
[EMAPI] page=3 rows=100 kept=44 total=137
[EMAPI] page=4 rows=100 kept=43 total=180
[EMAPI] page=5 rows=100 kept=36 total=216
[EMAPI] page=6 rows=100 kept=51 total=267
[EMAPI] page=7 rows=100 kept=48 total=315
[EMAPI] page=8 rows=100 kept=45 total=360
[EMAPI] page=9 rows=100 kept=51 total=411
[EMAPI] page=10 rows=100 kept=48 total=459
[EMAPI] page=11 rows=100 kept=50 total=509
[EMAPI] page=12 rows=100 kept=51 total=560
[EMAPI] page=13 rows=100 kept=48 total=608
[EMAPI] page=14 rows=100 kept=53 total=661
[EMAPI] page=15 rows=100 kept=48 total=709
[EMAPI] page=16 rows=100 kept=49 total=758
[EMAPI] page=17 rows=100 kept=45 total=803
[EMAPI] page=18 rows=100 kept=50 total=853
[EMAPI] page=19 rows=100 kept=46 total=899
[EMAPI] page=20 rows=100 kept=41 total=940
[EMAPI] page=21 rows=100 kept=31 total=971
[EMAPI] page=22 rows=100 kept=36 total=1007
[EMAPI] page=23 rows=100 kept=47 total=1054
[EMAPI] page=24 rows=100 kept=33 total=1087
[EMAPI] page=25 rows=100 kept=40 total=1127
[SCAN] round=219 market=1127 picks=7 ts=2026-03-23T10:23:04.280Z
[EMAPI] page=1 rows=100 kept=44 total=44
[EMAPI] page=2 rows=100 kept=49 total=93
[EMAPI] page=3 rows=100 kept=44 total=137
[EMAPI] page=4 rows=100 kept=43 total=180
[EMAPI] page=5 rows=100 kept=36 total=216
[EMAPI] page=6 rows=100 kept=51 total=267
[EMAPI] page=7 rows=100 kept=48 total=315
[EMAPI] page=8 rows=100 kept=45 total=360
[EMAPI] page=9 rows=100 kept=51 total=411
[EMAPI] page=10 rows=100 kept=48 total=459
[EMAPI] page=11 rows=100 kept=50 total=509
[EMAPI] page=12 rows=100 kept=51 total=560
[EMAPI] page=13 rows=100 kept=48 total=608
[EMAPI] page=14 rows=100 kept=53 total=661
[EMAPI] page=15 rows=100 kept=48 total=709
[EMAPI] page=16 rows=100 kept=49 total=758
[EMAPI] page=17 rows=100 kept=45 total=803
[EMAPI] page=18 rows=100 kept=50 total=853
[EMAPI] page=19 rows=100 kept=46 total=899
[EMAPI] page=20 rows=100 kept=41 total=940
[EMAPI] page=21 rows=100 kept=31 total=971
[EMAPI] page=22 rows=100 kept=36 total=1007
[EMAPI] page=23 rows=100 kept=47 total=1054
[EMAPI] page=24 rows=100 kept=33 total=1087
[EMAPI] page=25 rows=100 kept=40 total=1127
[SCAN] round=220 market=1127 picks=7 ts=2026-03-23T10:24:02.924Z
[EMAPI] page=1 rows=100 kept=44 total=44
[EMAPI] page=2 rows=100 kept=49 total=93
[EMAPI] page=3 rows=100 kept=44 total=137
[EMAPI] page=4 rows=100 kept=43 total=180
[EMAPI] page=5 rows=100 kept=36 total=216
[EMAPI] page=6 rows=100 kept=51 total=267
[EMAPI] page=7 rows=100 kept=48 total=315
[EMAPI] page=8 rows=100 kept=45 total=360
[EMAPI] page=9 rows=100 kept=51 total=411
[EMAPI] page=10 rows=100 kept=48 total=459
[EMAPI] page=11 rows=100 kept=50 total=509
[EMAPI] page=12 rows=100 kept=51 total=560
[EMAPI] page=13 rows=100 kept=48 total=608
[EMAPI] page=14 rows=100 kept=53 total=661
[EMAPI] page=15 rows=100 kept=48 total=709
[EMAPI] page=16 rows=100 kept=49 total=758
[EMAPI] page=17 rows=100 kept=45 total=803
[EMAPI] page=18 rows=100 kept=50 total=853
[EMAPI] page=19 rows=100 kept=46 total=899
[EMAPI] page=20 rows=100 kept=41 total=940
[EMAPI] page=21 rows=100 kept=31 total=971
[EMAPI] page=22 rows=100 kept=36 total=1007
[EMAPI] page=23 rows=100 kept=47 total=1054
[EMAPI] page=24 rows=100 kept=33 total=1087
[EMAPI] page=25 rows=100 kept=40 total=1127
[SCAN] round=221 market=1127 picks=7 ts=2026-03-23T10:25:03.000Z
[EMAPI] page=1 rows=100 kept=44 total=44
[EMAPI] page=2 rows=100 kept=49 total=93
[EMAPI] page=3 rows=100 kept=44 total=137
[EMAPI] page=4 rows=100 kept=43 total=180
[EMAPI] page=5 rows=100 kept=36 total=216
[EMAPI] page=6 rows=100 kept=51 total=267
[EMAPI] page=7 rows=100 kept=48 total=315
[EMAPI] page=8 rows=100 kept=45 total=360
[EMAPI] page=9 rows=100 kept=51 total=411
[EMAPI] page=10 rows=100 kept=48 total=459
[EMAPI] page=11 rows=100 kept=50 total=509
[EMAPI] page=12 rows=100 kept=51 total=560
[EMAPI] page=13 rows=100 kept=48 total=608
[EMAPI] page=14 rows=100 kept=53 total=661
[EMAPI] page=15 rows=100 kept=48 total=709
[EMAPI] page=16 rows=100 kept=49 total=758
[EMAPI] page=17 rows=100 kept=45 total=803
[EMAPI] page=18 rows=100 kept=50 total=853
[EMAPI] page=19 rows=100 kept=46 total=899
[EMAPI] page=20 rows=100 kept=41 total=940
[EMAPI] page=21 rows=100 kept=31 total=971
[EMAPI] page=22 rows=100 kept=36 total=1007
[EMAPI] page=23 rows=100 kept=47 total=1054
[EMAPI] page=24 rows=100 kept=33 total=1087
[EMAPI] page=25 rows=100 kept=40 total=1127
[SCAN] round=222 market=1127 picks=7 ts=2026-03-23T10:26:03.650Z
[EMAPI] page=1 rows=100 kept=44 total=44
[EMAPI] page=2 rows=100 kept=49 total=93
[EMAPI] page=3 rows=100 kept=44 total=137
[EMAPI] page=4 rows=100 kept=43 total=180
[EMAPI] page=5 rows=100 kept=36 total=216
[EMAPI] page=6 rows=100 kept=51 total=267
[EMAPI] page=7 rows=100 kept=48 total=315
[EMAPI] page=8 rows=100 kept=45 total=360
[EMAPI] page=9 rows=100 kept=51 total=411
[EMAPI] page=10 rows=100 kept=48 total=459
[EMAPI] page=11 rows=100 kept=50 total=509
[EMAPI] page=12 rows=100 kept=51 total=560
[EMAPI] page=13 rows=100 kept=48 total=608
[EMAPI] page=14 rows=100 kept=53 total=661
[EMAPI] page=15 rows=100 kept=48 total=709
[EMAPI] page=16 rows=100 kept=49 total=758
[EMAPI] page=17 rows=100 kept=45 total=803
[EMAPI] page=18 rows=100 kept=50 total=853
[EMAPI] page=19 rows=100 kept=46 total=899
[EMAPI] page=20 rows=100 kept=41 total=940
[EMAPI] page=21 rows=100 kept=31 total=971
[EMAPI] page=22 rows=100 kept=36 total=1007
[EMAPI] page=23 rows=100 kept=47 total=1054
[EMAPI] page=24 rows=100 kept=33 total=1087
[EMAPI] page=25 rows=100 kept=40 total=1127
[SCAN] round=223 market=1127 picks=7 ts=2026-03-23T10:27:04.015Z
[EMAPI] page=1 rows=100 kept=44 total=44
[EMAPI] page=2 rows=100 kept=49 total=93
[EMAPI] page=3 rows=100 kept=44 total=137
[EMAPI] page=4 rows=100 kept=43 total=180
[EMAPI] page=5 rows=100 kept=36 total=216
[EMAPI] page=6 rows=100 kept=51 total=267
[EMAPI] page=7 rows=100 kept=48 total=315
[EMAPI] page=8 rows=100 kept=45 total=360
[EMAPI] page=9 rows=100 kept=51 total=411
[EMAPI] page=10 rows=100 kept=48 total=459
[EMAPI] page=11 rows=100 kept=50 total=509
[EMAPI] page=12 rows=100 kept=51 total=560
[EMAPI] page=13 rows=100 kept=48 total=608
[EMAPI] page=14 rows=100 kept=53 total=661
[EMAPI] page=15 rows=100 kept=48 total=709
[EMAPI] page=16 rows=100 kept=49 total=758
[EMAPI] page=17 rows=100 kept=45 total=803
[EMAPI] page=18 rows=100 kept=50 total=853
[EMAPI] page=19 rows=100 kept=46 total=899
[EMAPI] page=20 rows=100 kept=41 total=940
[EMAPI] page=21 rows=100 kept=31 total=971
[EMAPI] page=22 rows=100 kept=36 total=1007
[EMAPI] page=23 rows=100 kept=47 total=1054
[EMAPI] page=24 rows=100 kept=33 total=1087
[EMAPI] page=25 rows=100 kept=40 total=1127
[SCAN] round=224 market=1127 picks=7 ts=2026-03-23T10:29:49.971Z
[EMAPI] page=1 rows=100 kept=44 total=44
[EMAPI] page=2 rows=100 kept=49 total=93
[EMAPI] page=3 rows=100 kept=44 total=137
[EMAPI] page=4 rows=100 kept=43 total=180
[EMAPI] page=5 rows=100 kept=36 total=216
[EMAPI] page=6 rows=100 kept=51 total=267
[EMAPI] page=7 rows=100 kept=48 total=315
[EMAPI] page=8 rows=100 kept=45 total=360
[EMAPI] page=9 rows=100 kept=51 total=411
[EMAPI] page=10 rows=100 kept=48 total=459
[EMAPI] page=11 rows=100 kept=50 total=509
[EMAPI] page=12 rows=100 kept=51 total=560
[EMAPI] page=13 rows=100 kept=48 total=608
[EMAPI] page=14 rows=100 kept=53 total=661
[EMAPI] page=15 rows=100 kept=48 total=709
[EMAPI] page=16 rows=100 kept=49 total=758
[EMAPI] page=17 rows=100 kept=45 total=803
[EMAPI] page=18 rows=100 kept=50 total=853
[EMAPI] page=19 rows=100 kept=46 total=899
[EMAPI] page=20 rows=100 kept=41 total=940
[EMAPI] page=21 rows=100 kept=31 total=971
[EMAPI] page=22 rows=100 kept=36 total=1007
[EMAPI] page=23 rows=100 kept=47 total=1054
[EMAPI] page=24 rows=100 kept=33 total=1087
[EMAPI] page=25 rows=100 kept=40 total=1127
[SCAN] round=225 market=1127 picks=7 ts=2026-03-23T10:45:41.768Z
[EMAPI] page=1 rows=100 kept=44 total=44
[EMAPI] page=2 rows=100 kept=49 total=93
[EMAPI] page=3 rows=100 kept=44 total=137
[EMAPI] page=4 rows=100 kept=43 total=180
[EMAPI] page=5 rows=100 kept=36 total=216
[EMAPI] page=6 rows=100 kept=51 total=267
[EMAPI] page=7 rows=100 kept=48 total=315
[EMAPI] page=8 rows=100 kept=45 total=360
[EMAPI] page=9 rows=100 kept=51 total=411
[EMAPI] page=10 rows=100 kept=48 total=459
[EMAPI] page=11 rows=100 kept=50 total=509
[EMAPI] page=12 rows=100 kept=51 total=560
[EMAPI] page=13 rows=100 kept=48 total=608
[EMAPI] page=14 rows=100 kept=53 total=661
[EMAPI] page=15 rows=100 kept=48 total=709
[EMAPI] page=16 rows=100 kept=49 total=758
[EMAPI] page=17 rows=100 kept=45 total=803
[EMAPI] page=18 rows=100 kept=50 total=853
[EMAPI] page=19 rows=100 kept=46 total=899
[EMAPI] page=20 rows=100 kept=41 total=940
[EMAPI] page=21 rows=100 kept=31 total=971
[EMAPI] page=22 rows=100 kept=36 total=1007
[EMAPI] page=23 rows=100 kept=47 total=1054
[EMAPI] page=24 rows=100 kept=33 total=1087
[EMAPI] page=25 rows=100 kept=40 total=1127
[SCAN] round=226 market=1127 picks=7 ts=2026-03-23T10:46:39.176Z
[EMAPI] page=1 rows=100 kept=44 total=44
[EMAPI] page=2 rows=100 kept=49 total=93
[EMAPI] page=3 rows=100 kept=44 total=137
[EMAPI] page=4 rows=100 kept=43 total=180
[EMAPI] page=5 rows=100 kept=36 total=216
[EMAPI] page=6 rows=100 kept=51 total=267
[EMAPI] page=7 rows=100 kept=48 total=315
[EMAPI] page=8 rows=100 kept=45 total=360
[EMAPI] page=9 rows=100 kept=51 total=411
[EMAPI] page=10 rows=100 kept=48 total=459
[EMAPI] page=11 rows=100 kept=50 total=509
[EMAPI] page=12 rows=100 kept=51 total=560
[EMAPI] page=13 rows=100 kept=48 total=608
[EMAPI] page=14 rows=100 kept=53 total=661
[EMAPI] page=15 rows=100 kept=48 total=709
[EMAPI] page=16 rows=100 kept=49 total=758
[EMAPI] page=17 rows=100 kept=45 total=803
[EMAPI] page=18 rows=100 kept=50 total=853
[EMAPI] page=19 rows=100 kept=46 total=899
[EMAPI] page=20 rows=100 kept=41 total=940
[EMAPI] page=21 rows=100 kept=31 total=971
[EMAPI] page=22 rows=100 kept=36 total=1007
[EMAPI] page=23 rows=100 kept=47 total=1054
[EMAPI] page=24 rows=100 kept=33 total=1087
[EMAPI] page=25 rows=100 kept=40 total=1127
[SCAN] round=227 market=1127 picks=7 ts=2026-03-23T11:02:54.019Z
[EMAPI] page=1 rows=100 kept=44 total=44
[EMAPI] page=2 rows=100 kept=49 total=93
[EMAPI] page=3 rows=100 kept=44 total=137
[EMAPI] page=4 rows=100 kept=43 total=180
[EMAPI] page=5 rows=100 kept=36 total=216
[EMAPI] page=6 rows=100 kept=51 total=267
[EMAPI] page=7 rows=100 kept=48 total=315
[EMAPI] page=8 rows=100 kept=45 total=360
[EMAPI] page=9 rows=100 kept=51 total=411
[EMAPI] page=10 rows=100 kept=48 total=459
[EMAPI] page=11 rows=100 kept=50 total=509
[EMAPI] page=12 rows=100 kept=51 total=560
[EMAPI] page=13 rows=100 kept=48 total=608
[EMAPI] page=14 rows=100 kept=53 total=661
[EMAPI] page=15 rows=100 kept=48 total=709
[EMAPI] page=16 rows=100 kept=49 total=758
[EMAPI] page=17 rows=100 kept=45 total=803
[EMAPI] page=1 rows=100 kept=44 total=44
[EMAPI] page=18 rows=100 kept=50 total=853
[EMAPI] page=2 rows=100 kept=49 total=93
[EMAPI] page=19 rows=100 kept=46 total=899
[EMAPI] page=3 rows=100 kept=44 total=137
[EMAPI] page=20 rows=100 kept=41 total=940
[EMAPI] page=4 rows=100 kept=43 total=180
[EMAPI] page=21 rows=100 kept=31 total=971
[EMAPI] page=22 rows=100 kept=36 total=1007
[EMAPI] page=5 rows=100 kept=36 total=216
[EMAPI] page=23 rows=100 kept=47 total=1054
[EMAPI] page=6 rows=100 kept=51 total=267
[EMAPI] page=24 rows=100 kept=33 total=1087
[EMAPI] page=25 rows=100 kept=40 total=1127
[EMAPI] page=7 rows=100 kept=48 total=315
[SCAN] round=228 market=1127 picks=7 ts=2026-03-23T11:17:32.912Z
[EMAPI] page=8 rows=100 kept=45 total=360
[EMAPI] page=9 rows=100 kept=51 total=411
[EMAPI] page=10 rows=100 kept=48 total=459
[EMAPI] page=11 rows=100 kept=50 total=509
[EMAPI] page=12 rows=100 kept=51 total=560
[EMAPI] page=13 rows=100 kept=48 total=608
[EMAPI] page=14 rows=100 kept=53 total=661
[EMAPI] page=15 rows=100 kept=48 total=709
[EMAPI] page=16 rows=100 kept=49 total=758
[EMAPI] page=17 rows=100 kept=45 total=803
[EMAPI] page=18 rows=100 kept=50 total=853
[EMAPI] page=19 rows=100 kept=46 total=899
[EMAPI] page=20 rows=100 kept=41 total=940
[EMAPI] page=21 rows=100 kept=31 total=971
[EMAPI] page=22 rows=100 kept=36 total=1007
[EMAPI] page=23 rows=100 kept=47 total=1054
[EMAPI] page=24 rows=100 kept=33 total=1087
[EMAPI] page=25 rows=100 kept=40 total=1127
[SCAN] round=229 market=1127 picks=7 ts=2026-03-23T11:17:37.427Z
[EMAPI] page=1 rows=100 kept=44 total=44
[EMAPI] page=2 rows=100 kept=49 total=93
[EMAPI] page=3 rows=100 kept=44 total=137
[EMAPI] page=4 rows=100 kept=43 total=180
[EMAPI] page=5 rows=100 kept=36 total=216
[EMAPI] page=6 rows=100 kept=51 total=267
[EMAPI] page=7 rows=100 kept=48 total=315
[EMAPI] page=8 rows=100 kept=45 total=360
[EMAPI] page=9 rows=100 kept=51 total=411
[EMAPI] page=10 rows=100 kept=48 total=459
[EMAPI] page=11 rows=100 kept=50 total=509
[EMAPI] page=12 rows=100 kept=51 total=560
[EMAPI] page=13 rows=100 kept=48 total=608
[EMAPI] page=14 rows=100 kept=53 total=661
[EMAPI] page=15 rows=100 kept=48 total=709
[EMAPI] page=16 rows=100 kept=49 total=758
[EMAPI] page=17 rows=100 kept=45 total=803
[EMAPI] page=18 rows=100 kept=50 total=853
[EMAPI] page=19 rows=100 kept=46 total=899
[EMAPI] page=20 rows=100 kept=41 total=940
[EMAPI] page=21 rows=100 kept=31 total=971
[EMAPI] page=22 rows=100 kept=36 total=1007
[EMAPI] page=23 rows=100 kept=47 total=1054
[EMAPI] page=24 rows=100 kept=33 total=1087
[EMAPI] page=25 rows=100 kept=40 total=1127
[SCAN] round=230 market=1127 picks=7 ts=2026-03-23T11:18:36.527Z
[EMAPI] page=1 rows=100 kept=44 total=44
[EMAPI] page=2 rows=100 kept=49 total=93
[EMAPI] page=3 rows=100 kept=44 total=137
[EMAPI] page=4 rows=100 kept=43 total=180
[EMAPI] page=5 rows=100 kept=36 total=216
[EMAPI] page=6 rows=100 kept=51 total=267
[EMAPI] page=7 rows=100 kept=48 total=315
[EMAPI] page=8 rows=100 kept=45 total=360
[EMAPI] page=9 rows=100 kept=51 total=411
[EMAPI] page=10 rows=100 kept=48 total=459
[EMAPI] page=11 rows=100 kept=50 total=509
[EMAPI] page=12 rows=100 kept=51 total=560
[EMAPI] page=13 rows=100 kept=48 total=608
[EMAPI] page=14 rows=100 kept=53 total=661
[EMAPI] page=15 rows=100 kept=48 total=709
[EMAPI] page=16 rows=100 kept=49 total=758
[EMAPI] page=17 rows=100 kept=45 total=803
[EMAPI] page=18 rows=100 kept=50 total=853
[EMAPI] page=19 rows=100 kept=46 total=899
[EMAPI] page=20 rows=100 kept=41 total=940
[EMAPI] page=21 rows=100 kept=31 total=971
[EMAPI] page=22 rows=100 kept=36 total=1007
[EMAPI] page=23 rows=100 kept=47 total=1054
[EMAPI] page=24 rows=100 kept=33 total=1087
[EMAPI] page=25 rows=100 kept=40 total=1127
[SCAN] round=231 market=1127 picks=7 ts=2026-03-23T11:19:34.792Z
[EMAPI] page=1 rows=100 kept=44 total=44
[EMAPI] page=2 rows=100 kept=49 total=93
[EMAPI] page=3 rows=100 kept=44 total=137
[EMAPI] page=4 rows=100 kept=43 total=180
[EMAPI] page=5 rows=100 kept=36 total=216
[EMAPI] page=6 rows=100 kept=51 total=267
[EMAPI] page=7 rows=100 kept=48 total=315
[EMAPI] page=8 rows=100 kept=45 total=360
[EMAPI] page=9 rows=100 kept=51 total=411
[EMAPI] page=10 rows=100 kept=48 total=459
[EMAPI] page=11 rows=100 kept=50 total=509
[EMAPI] page=12 rows=100 kept=51 total=560
[EMAPI] page=13 rows=100 kept=48 total=608
[EMAPI] page=14 rows=100 kept=53 total=661
[EMAPI] page=15 rows=100 kept=48 total=709
[EMAPI] page=16 rows=100 kept=49 total=758
[EMAPI] page=17 rows=100 kept=45 total=803
[EMAPI] page=18 rows=100 kept=50 total=853
[EMAPI] page=19 rows=100 kept=46 total=899
[EMAPI] page=20 rows=100 kept=41 total=940
[EMAPI] page=21 rows=100 kept=31 total=971
[EMAPI] page=22 rows=100 kept=36 total=1007
[EMAPI] page=23 rows=100 kept=47 total=1054
[EMAPI] page=24 rows=100 kept=33 total=1087
[EMAPI] page=25 rows=100 kept=40 total=1127
[SCAN] round=232 market=1127 picks=7 ts=2026-03-23T11:20:35.620Z
[EMAPI] page=1 rows=100 kept=44 total=44
[EMAPI] page=2 rows=100 kept=49 total=93
[EMAPI] page=3 rows=100 kept=44 total=137
[EMAPI] page=4 rows=100 kept=43 total=180
[EMAPI] page=5 rows=100 kept=36 total=216
[EMAPI] page=6 rows=100 kept=51 total=267
[EMAPI] page=7 rows=100 kept=48 total=315
[EMAPI] page=8 rows=100 kept=45 total=360
[EMAPI] page=9 rows=100 kept=51 total=411
[EMAPI] page=10 rows=100 kept=48 total=459
[EMAPI] page=11 rows=100 kept=50 total=509
[EMAPI] page=12 rows=100 kept=51 total=560
[EMAPI] page=13 rows=100 kept=48 total=608
[EMAPI] page=14 rows=100 kept=53 total=661
[EMAPI] page=15 rows=100 kept=48 total=709
[EMAPI] page=16 rows=100 kept=49 total=758
[EMAPI] page=17 rows=100 kept=45 total=803
[EMAPI] page=18 rows=100 kept=50 total=853
[EMAPI] page=19 rows=100 kept=46 total=899
[EMAPI] page=20 rows=100 kept=41 total=940
[EMAPI] page=21 rows=100 kept=31 total=971
[EMAPI] page=22 rows=100 kept=36 total=1007
[EMAPI] page=23 rows=100 kept=47 total=1054
[EMAPI] page=24 rows=100 kept=33 total=1087
[EMAPI] page=25 rows=100 kept=40 total=1127
[SCAN] round=233 market=1127 picks=7 ts=2026-03-23T11:21:34.998Z
[EMAPI] page=1 rows=100 kept=44 total=44
[EMAPI] page=2 rows=100 kept=49 total=93
[EMAPI] page=3 rows=100 kept=44 total=137
[EMAPI] page=4 rows=100 kept=43 total=180
[EMAPI] page=5 rows=100 kept=36 total=216
[EMAPI] page=6 rows=100 kept=51 total=267
[EMAPI] page=7 rows=100 kept=48 total=315
[EMAPI] page=8 rows=100 kept=45 total=360
[EMAPI] page=9 rows=100 kept=51 total=411
[EMAPI] page=10 rows=100 kept=48 total=459
[EMAPI] page=11 rows=100 kept=50 total=509
[EMAPI] page=12 rows=100 kept=51 total=560
[EMAPI] page=13 rows=100 kept=48 total=608
[EMAPI] page=14 rows=100 kept=53 total=661
[EMAPI] page=15 rows=100 kept=48 total=709
[EMAPI] page=16 rows=100 kept=49 total=758
[EMAPI] page=17 rows=100 kept=45 total=803
[EMAPI] page=18 rows=100 kept=50 total=853
[EMAPI] page=19 rows=100 kept=46 total=899
[EMAPI] page=20 rows=100 kept=41 total=940
[EMAPI] page=21 rows=100 kept=31 total=971
[EMAPI] page=22 rows=100 kept=36 total=1007
[EMAPI] page=23 rows=100 kept=47 total=1054
[EMAPI] page=24 rows=100 kept=33 total=1087
[EMAPI] page=25 rows=100 kept=40 total=1127
[SCAN] round=234 market=1127 picks=7 ts=2026-03-23T11:22:34.884Z
[EMAPI] page=1 rows=100 kept=44 total=44
[EMAPI] page=2 rows=100 kept=49 total=93
[EMAPI] page=3 rows=100 kept=44 total=137
[EMAPI] page=4 rows=100 kept=43 total=180
[EMAPI] page=5 rows=100 kept=36 total=216
[EMAPI] page=6 rows=100 kept=51 total=267
[EMAPI] page=7 rows=100 kept=48 total=315
[EMAPI] page=8 rows=100 kept=45 total=360
[EMAPI] page=9 rows=100 kept=51 total=411
[EMAPI] page=10 rows=100 kept=48 total=459
[EMAPI] page=11 rows=100 kept=50 total=509
[EMAPI] page=12 rows=100 kept=51 total=560
[EMAPI] page=13 rows=100 kept=48 total=608
[EMAPI] page=14 rows=100 kept=53 total=661
[EMAPI] page=15 rows=100 kept=48 total=709
[EMAPI] page=16 rows=100 kept=49 total=758
[EMAPI] page=17 rows=100 kept=45 total=803
[EMAPI] page=18 rows=100 kept=50 total=853
[EMAPI] page=19 rows=100 kept=46 total=899
[EMAPI] page=20 rows=100 kept=41 total=940
[EMAPI] page=21 rows=100 kept=31 total=971
[EMAPI] page=22 rows=100 kept=36 total=1007
[EMAPI] page=23 rows=100 kept=47 total=1054
[EMAPI] page=24 rows=100 kept=33 total=1087
[EMAPI] page=25 rows=100 kept=40 total=1127
[SCAN] round=235 market=1127 picks=7 ts=2026-03-23T11:23:35.879Z
[EMAPI] page=1 rows=100 kept=44 total=44
[EMAPI] page=2 rows=100 kept=49 total=93
[EMAPI] page=3 rows=100 kept=44 total=137
[EMAPI] page=4 rows=100 kept=43 total=180
[EMAPI] page=5 rows=100 kept=36 total=216
[EMAPI] page=6 rows=100 kept=51 total=267
[EMAPI] page=7 rows=100 kept=48 total=315
[EMAPI] page=8 rows=100 kept=45 total=360
[EMAPI] page=9 rows=100 kept=51 total=411
[EMAPI] page=10 rows=100 kept=48 total=459
[EMAPI] page=11 rows=100 kept=50 total=509
[EMAPI] page=12 rows=100 kept=51 total=560
[EMAPI] page=13 rows=100 kept=48 total=608
[EMAPI] page=14 rows=100 kept=53 total=661
[EMAPI] page=15 rows=100 kept=48 total=709
[EMAPI] page=16 rows=100 kept=49 total=758
[EMAPI] page=17 rows=100 kept=45 total=803
[EMAPI] page=18 rows=100 kept=50 total=853
[EMAPI] page=19 rows=100 kept=46 total=899
[EMAPI] page=20 rows=100 kept=41 total=940
[EMAPI] page=21 rows=100 kept=31 total=971
[EMAPI] page=22 rows=100 kept=36 total=1007
[EMAPI] page=23 rows=100 kept=47 total=1054
[EMAPI] page=24 rows=100 kept=33 total=1087
[EMAPI] page=25 rows=100 kept=40 total=1127
[SCAN] round=236 market=1127 picks=7 ts=2026-03-23T11:24:34.989Z
[EMAPI] page=1 rows=100 kept=44 total=44
[EMAPI] page=2 rows=100 kept=49 total=93
[EMAPI] page=3 rows=100 kept=44 total=137
[EMAPI] page=4 rows=100 kept=43 total=180
[EMAPI] page=5 rows=100 kept=36 total=216
[EMAPI] page=6 rows=100 kept=51 total=267
[EMAPI] page=7 rows=100 kept=48 total=315
[EMAPI] page=8 rows=100 kept=45 total=360
[EMAPI] page=9 rows=100 kept=51 total=411
[EMAPI] page=10 rows=100 kept=48 total=459
[EMAPI] page=11 rows=100 kept=50 total=509
[EMAPI] page=12 rows=100 kept=51 total=560
[EMAPI] page=13 rows=100 kept=48 total=608
[EMAPI] page=14 rows=100 kept=53 total=661
[EMAPI] page=15 rows=100 kept=48 total=709
[EMAPI] page=16 rows=100 kept=49 total=758
[EMAPI] page=17 rows=100 kept=45 total=803
[EMAPI] page=18 rows=100 kept=50 total=853
[EMAPI] page=19 rows=100 kept=46 total=899
[EMAPI] page=20 rows=100 kept=41 total=940
[EMAPI] page=21 rows=100 kept=31 total=971
[EMAPI] page=22 rows=100 kept=36 total=1007
[EMAPI] page=23 rows=100 kept=47 total=1054
[EMAPI] page=24 rows=100 kept=33 total=1087
[EMAPI] page=25 rows=100 kept=40 total=1127
[SCAN] round=237 market=1127 picks=7 ts=2026-03-23T11:25:35.486Z
[EMAPI] page=1 rows=100 kept=44 total=44
[EMAPI] page=2 rows=100 kept=49 total=93
[EMAPI] page=3 rows=100 kept=44 total=137
[EMAPI] page=4 rows=100 kept=43 total=180
[EMAPI] page=5 rows=100 kept=36 total=216
[EMAPI] page=6 rows=100 kept=51 total=267
[EMAPI] page=7 rows=100 kept=48 total=315
[EMAPI] page=8 rows=100 kept=45 total=360
[EMAPI] page=9 rows=100 kept=51 total=411
[EMAPI] page=10 rows=100 kept=48 total=459
[EMAPI] page=11 rows=100 kept=50 total=509
[EMAPI] page=12 rows=100 kept=51 total=560
[EMAPI] page=13 rows=100 kept=48 total=608
[EMAPI] page=14 rows=100 kept=53 total=661
[EMAPI] page=15 rows=100 kept=48 total=709
[EMAPI] page=16 rows=100 kept=49 total=758
[EMAPI] page=17 rows=100 kept=45 total=803
[EMAPI] page=18 rows=100 kept=50 total=853
[EMAPI] page=19 rows=100 kept=46 total=899
[EMAPI] page=20 rows=100 kept=41 total=940
[EMAPI] page=21 rows=100 kept=31 total=971
[EMAPI] page=22 rows=100 kept=36 total=1007
[EMAPI] page=23 rows=100 kept=47 total=1054
[EMAPI] page=24 rows=100 kept=33 total=1087
[EMAPI] page=25 rows=100 kept=40 total=1127
[SCAN] round=238 market=1127 picks=7 ts=2026-03-23T11:26:34.928Z
[EMAPI] page=1 rows=100 kept=44 total=44
[EMAPI] page=2 rows=100 kept=49 total=93
[EMAPI] page=3 rows=100 kept=44 total=137
[EMAPI] page=4 rows=100 kept=43 total=180
[EMAPI] page=5 rows=100 kept=36 total=216
[EMAPI] page=6 rows=100 kept=51 total=267
[EMAPI] page=7 rows=100 kept=48 total=315
[EMAPI] page=8 rows=100 kept=45 total=360
[EMAPI] page=9 rows=100 kept=51 total=411
[EMAPI] page=10 rows=100 kept=48 total=459
[EMAPI] page=11 rows=100 kept=50 total=509
[EMAPI] page=12 rows=100 kept=51 total=560
[EMAPI] page=13 rows=100 kept=48 total=608
[EMAPI] page=14 rows=100 kept=53 total=661
[EMAPI] page=15 rows=100 kept=48 total=709
[EMAPI] page=16 rows=100 kept=49 total=758
[EMAPI] page=17 rows=100 kept=45 total=803
[EMAPI] page=18 rows=100 kept=50 total=853
[EMAPI] page=19 rows=100 kept=46 total=899
[EMAPI] page=20 rows=100 kept=41 total=940
[EMAPI] page=21 rows=100 kept=31 total=971
[EMAPI] page=22 rows=100 kept=36 total=1007
[EMAPI] page=23 rows=100 kept=47 total=1054
[EMAPI] page=24 rows=100 kept=33 total=1087
[EMAPI] page=25 rows=100 kept=40 total=1127
[SCAN] round=239 market=1127 picks=7 ts=2026-03-23T11:27:35.985Z
[EMAPI] page=1 rows=100 kept=44 total=44
[EMAPI] page=2 rows=100 kept=49 total=93
[EMAPI] page=3 rows=100 kept=44 total=137
[EMAPI] page=4 rows=100 kept=43 total=180
[EMAPI] page=5 rows=100 kept=36 total=216
[EMAPI] page=6 rows=100 kept=51 total=267
[EMAPI] page=7 rows=100 kept=48 total=315
[EMAPI] page=8 rows=100 kept=45 total=360
[EMAPI] page=9 rows=100 kept=51 total=411
[EMAPI] page=10 rows=100 kept=48 total=459
[EMAPI] page=11 rows=100 kept=50 total=509
[EMAPI] page=12 rows=100 kept=51 total=560
[EMAPI] page=13 rows=100 kept=48 total=608
[EMAPI] page=14 rows=100 kept=53 total=661
[EMAPI] page=15 rows=100 kept=48 total=709
[EMAPI] page=16 rows=100 kept=49 total=758
[EMAPI] page=17 rows=100 kept=45 total=803
[EMAPI] page=18 rows=100 kept=50 total=853
[EMAPI] page=19 rows=100 kept=46 total=899
[EMAPI] page=20 rows=100 kept=41 total=940
[EMAPI] page=21 rows=100 kept=31 total=971
[EMAPI] page=22 rows=100 kept=36 total=1007
[EMAPI] page=23 rows=100 kept=47 total=1054
[EMAPI] page=24 rows=100 kept=33 total=1087
[EMAPI] page=25 rows=100 kept=40 total=1127
[SCAN] round=240 market=1127 picks=7 ts=2026-03-23T11:28:34.713Z
[EMAPI] page=1 rows=100 kept=44 total=44
[EMAPI] page=2 rows=100 kept=49 total=93
[EMAPI] page=3 rows=100 kept=44 total=137
[EMAPI] page=4 rows=100 kept=43 total=180
[EMAPI] page=5 rows=100 kept=36 total=216
[EMAPI] page=6 rows=100 kept=51 total=267
[EMAPI] page=7 rows=100 kept=48 total=315
[EMAPI] page=8 rows=100 kept=45 total=360
[EMAPI] page=9 rows=100 kept=51 total=411
[EMAPI] page=10 rows=100 kept=48 total=459
[EMAPI] page=11 rows=100 kept=50 total=509
[EMAPI] page=12 rows=100 kept=51 total=560
[EMAPI] page=13 rows=100 kept=48 total=608
[EMAPI] page=14 rows=100 kept=53 total=661
[EMAPI] page=15 rows=100 kept=48 total=709
[EMAPI] page=16 rows=100 kept=49 total=758
[EMAPI] page=17 rows=100 kept=45 total=803
[EMAPI] page=18 rows=100 kept=50 total=853
[EMAPI] page=19 rows=100 kept=46 total=899
[EMAPI] page=20 rows=100 kept=41 total=940
[EMAPI] page=21 rows=100 kept=31 total=971
[EMAPI] page=22 rows=100 kept=36 total=1007
[EMAPI] page=23 rows=100 kept=47 total=1054
[EMAPI] page=24 rows=100 kept=33 total=1087
[EMAPI] page=25 rows=100 kept=40 total=1127
[SCAN] round=241 market=1127 picks=7 ts=2026-03-23T11:29:34.833Z
[EMAPI] page=1 rows=100 kept=44 total=44
[EMAPI] page=2 rows=100 kept=49 total=93
[EMAPI] page=3 rows=100 kept=44 total=137
[EMAPI] page=4 rows=100 kept=43 total=180
[EMAPI] page=5 rows=100 kept=36 total=216
[EMAPI] page=6 rows=100 kept=51 total=267
[EMAPI] page=7 rows=100 kept=48 total=315
[EMAPI] page=8 rows=100 kept=45 total=360
[EMAPI] page=9 rows=100 kept=51 total=411
[EMAPI] page=10 rows=100 kept=48 total=459
[EMAPI] page=11 rows=100 kept=50 total=509
[EMAPI] page=12 rows=100 kept=51 total=560
[EMAPI] page=13 rows=100 kept=48 total=608
[EMAPI] page=14 rows=100 kept=53 total=661
[EMAPI] page=15 rows=100 kept=48 total=709
[EMAPI] page=16 rows=100 kept=49 total=758
[EMAPI] page=17 rows=100 kept=45 total=803
[EMAPI] page=18 rows=100 kept=50 total=853
[EMAPI] page=19 rows=100 kept=46 total=899
[EMAPI] page=20 rows=100 kept=41 total=940
[EMAPI] page=21 rows=100 kept=31 total=971
[EMAPI] page=22 rows=100 kept=36 total=1007
[EMAPI] page=23 rows=100 kept=47 total=1054
[EMAPI] page=24 rows=100 kept=33 total=1087
[EMAPI] page=25 rows=100 kept=40 total=1127
[SCAN] round=242 market=1127 picks=7 ts=2026-03-23T11:30:35.116Z
[EMAPI] page=1 rows=100 kept=44 total=44
[EMAPI] page=2 rows=100 kept=49 total=93
[EMAPI] page=3 rows=100 kept=44 total=137
[EMAPI] page=4 rows=100 kept=43 total=180
[EMAPI] page=5 rows=100 kept=36 total=216
[EMAPI] page=6 rows=100 kept=51 total=267
[EMAPI] page=7 rows=100 kept=48 total=315
[EMAPI] page=8 rows=100 kept=45 total=360
[EMAPI] page=9 rows=100 kept=51 total=411
[EMAPI] page=10 rows=100 kept=48 total=459
[EMAPI] page=11 rows=100 kept=50 total=509
[EMAPI] page=12 rows=100 kept=51 total=560
[EMAPI] page=13 rows=100 kept=48 total=608
[EMAPI] page=14 rows=100 kept=53 total=661
[EMAPI] page=15 rows=100 kept=48 total=709
[EMAPI] page=16 rows=100 kept=49 total=758
[EMAPI] page=17 rows=100 kept=45 total=803
[EMAPI] page=18 rows=100 kept=50 total=853
[EMAPI] page=19 rows=100 kept=46 total=899
[EMAPI] page=20 rows=100 kept=41 total=940
[EMAPI] page=21 rows=100 kept=31 total=971
[EMAPI] page=22 rows=100 kept=36 total=1007
[EMAPI] page=23 rows=100 kept=47 total=1054
[EMAPI] page=24 rows=100 kept=33 total=1087
[EMAPI] page=25 rows=100 kept=40 total=1127
[SCAN] round=243 market=1127 picks=7 ts=2026-03-23T11:31:34.794Z
[EMAPI] page=1 rows=100 kept=44 total=44
[EMAPI] page=2 rows=100 kept=49 total=93
[EMAPI] page=3 rows=100 kept=44 total=137
[EMAPI] page=4 rows=100 kept=43 total=180
[EMAPI] page=5 rows=100 kept=36 total=216
[EMAPI] page=6 rows=100 kept=51 total=267
[EMAPI] page=7 rows=100 kept=48 total=315
[EMAPI] page=8 rows=100 kept=45 total=360
[EMAPI] page=9 rows=100 kept=51 total=411
[EMAPI] page=10 rows=100 kept=48 total=459
[EMAPI] page=11 rows=100 kept=50 total=509
[EMAPI] page=12 rows=100 kept=51 total=560
[EMAPI] page=13 rows=100 kept=48 total=608
[EMAPI] page=14 rows=100 kept=53 total=661
[EMAPI] page=15 rows=100 kept=48 total=709
[EMAPI] page=16 rows=100 kept=49 total=758
[EMAPI] page=17 rows=100 kept=45 total=803
[EMAPI] page=18 rows=100 kept=50 total=853
[EMAPI] page=19 rows=100 kept=46 total=899
[EMAPI] page=20 rows=100 kept=41 total=940
[EMAPI] page=21 rows=100 kept=31 total=971
[EMAPI] page=22 rows=100 kept=36 total=1007
[EMAPI] page=23 rows=100 kept=47 total=1054
[EMAPI] page=24 rows=100 kept=33 total=1087
[EMAPI] page=25 rows=100 kept=40 total=1127
[SCAN] round=244 market=1127 picks=7 ts=2026-03-23T11:32:34.967Z
[EMAPI] page=1 rows=100 kept=44 total=44
[EMAPI] page=2 rows=100 kept=49 total=93
[EMAPI] page=3 rows=100 kept=44 total=137
[EMAPI] page=4 rows=100 kept=43 total=180
[EMAPI] page=5 rows=100 kept=36 total=216
[EMAPI] page=6 rows=100 kept=51 total=267
[EMAPI] page=7 rows=100 kept=48 total=315
[EMAPI] page=8 rows=100 kept=45 total=360
[EMAPI] page=9 rows=100 kept=51 total=411
[EMAPI] page=10 rows=100 kept=48 total=459
[EMAPI] page=11 rows=100 kept=50 total=509
[EMAPI] page=12 rows=100 kept=51 total=560
[EMAPI] page=13 rows=100 kept=48 total=608
[EMAPI] page=14 rows=100 kept=53 total=661
[EMAPI] page=15 rows=100 kept=48 total=709
[EMAPI] page=16 rows=100 kept=49 total=758
[EMAPI] page=17 rows=100 kept=45 total=803
[EMAPI] page=18 rows=100 kept=50 total=853
[EMAPI] page=19 rows=100 kept=46 total=899
[EMAPI] page=20 rows=100 kept=41 total=940
[EMAPI] page=21 rows=100 kept=31 total=971
[EMAPI] page=22 rows=100 kept=36 total=1007
[EMAPI] page=23 rows=100 kept=47 total=1054
[EMAPI] page=24 rows=100 kept=33 total=1087
[EMAPI] page=25 rows=100 kept=40 total=1127
[SCAN] round=245 market=1127 picks=7 ts=2026-03-23T11:33:36.199Z
[EMAPI] page=1 rows=100 kept=44 total=44
[EMAPI] page=2 rows=100 kept=49 total=93
[EMAPI] page=3 rows=100 kept=44 total=137
[EMAPI] page=4 rows=100 kept=43 total=180
[EMAPI] page=5 rows=100 kept=36 total=216
[EMAPI] page=6 rows=100 kept=51 total=267
[EMAPI] page=7 rows=100 kept=48 total=315
[EMAPI] page=8 rows=100 kept=45 total=360
[EMAPI] page=9 rows=100 kept=51 total=411
[EMAPI] page=10 rows=100 kept=48 total=459
[EMAPI] page=11 rows=100 kept=50 total=509
[EMAPI] page=12 rows=100 kept=51 total=560
[EMAPI] page=13 rows=100 kept=48 total=608
[EMAPI] page=14 rows=100 kept=53 total=661
[EMAPI] page=15 rows=100 kept=48 total=709
[EMAPI] page=16 rows=100 kept=49 total=758
[EMAPI] page=17 rows=100 kept=45 total=803
[EMAPI] page=18 rows=100 kept=50 total=853
[EMAPI] page=19 rows=100 kept=46 total=899
[EMAPI] page=20 rows=100 kept=41 total=940
[EMAPI] page=21 rows=100 kept=31 total=971
[EMAPI] page=22 rows=100 kept=36 total=1007
[EMAPI] page=23 rows=100 kept=47 total=1054
[EMAPI] page=24 rows=100 kept=33 total=1087
[EMAPI] page=25 rows=100 kept=40 total=1127
[SCAN] round=246 market=1127 picks=7 ts=2026-03-23T11:34:37.142Z
[EMAPI] page=1 rows=100 kept=44 total=44
[EMAPI] page=2 rows=100 kept=49 total=93
[EMAPI] page=3 rows=100 kept=44 total=137
[EMAPI] page=4 rows=100 kept=43 total=180
[EMAPI] page=5 rows=100 kept=36 total=216
[EMAPI] page=6 rows=100 kept=51 total=267
[EMAPI] page=7 rows=100 kept=48 total=315
[EMAPI] page=8 rows=100 kept=45 total=360
[EMAPI] page=9 rows=100 kept=51 total=411
[EMAPI] page=10 rows=100 kept=48 total=459
[EMAPI] page=11 rows=100 kept=50 total=509
[EMAPI] page=12 rows=100 kept=51 total=560
[EMAPI] page=13 rows=100 kept=48 total=608
[EMAPI] page=14 rows=100 kept=53 total=661
[EMAPI] page=15 rows=100 kept=48 total=709
[EMAPI] page=16 rows=100 kept=49 total=758
[EMAPI] page=17 rows=100 kept=45 total=803
[EMAPI] page=18 rows=100 kept=50 total=853
[EMAPI] page=19 rows=100 kept=46 total=899
[EMAPI] page=20 rows=100 kept=41 total=940
[EMAPI] page=21 rows=100 kept=31 total=971
[EMAPI] page=22 rows=100 kept=36 total=1007
[EMAPI] page=23 rows=100 kept=47 total=1054
[EMAPI] page=24 rows=100 kept=33 total=1087
[EMAPI] page=25 rows=100 kept=40 total=1127
[SCAN] round=247 market=1127 picks=7 ts=2026-03-23T11:35:34.790Z
[EMAPI] page=1 rows=100 kept=44 total=44
[EMAPI] page=2 rows=100 kept=49 total=93
[EMAPI] page=3 rows=100 kept=44 total=137
[EMAPI] page=4 rows=100 kept=43 total=180
[EMAPI] page=5 rows=100 kept=36 total=216
[EMAPI] page=6 rows=100 kept=51 total=267
[EMAPI] page=7 rows=100 kept=48 total=315
[EMAPI] page=8 rows=100 kept=45 total=360
[EMAPI] page=9 rows=100 kept=51 total=411
[EMAPI] page=10 rows=100 kept=48 total=459
[EMAPI] page=11 rows=100 kept=50 total=509
[EMAPI] page=12 rows=100 kept=51 total=560
[EMAPI] page=13 rows=100 kept=48 total=608
[EMAPI] page=14 rows=100 kept=53 total=661
[EMAPI] page=15 rows=100 kept=48 total=709
[EMAPI] page=16 rows=100 kept=49 total=758
[EMAPI] page=17 rows=100 kept=45 total=803
[EMAPI] page=18 rows=100 kept=50 total=853
[EMAPI] page=19 rows=100 kept=46 total=899
[EMAPI] page=20 rows=100 kept=41 total=940
[EMAPI] page=21 rows=100 kept=31 total=971
[EMAPI] page=22 rows=100 kept=36 total=1007
[EMAPI] page=23 rows=100 kept=47 total=1054
[EMAPI] page=24 rows=100 kept=33 total=1087
[EMAPI] page=25 rows=100 kept=40 total=1127
[SCAN] round=248 market=1127 picks=7 ts=2026-03-23T11:36:34.780Z
[EMAPI] page=1 rows=100 kept=44 total=44
[EMAPI] page=2 rows=100 kept=49 total=93
[EMAPI] page=3 rows=100 kept=44 total=137
[EMAPI] page=4 rows=100 kept=43 total=180
[EMAPI] page=5 rows=100 kept=36 total=216
[EMAPI] page=6 rows=100 kept=51 total=267
[EMAPI] page=7 rows=100 kept=48 total=315
[EMAPI] page=8 rows=100 kept=45 total=360
[EMAPI] page=9 rows=100 kept=51 total=411
[EMAPI] page=10 rows=100 kept=48 total=459
[EMAPI] page=11 rows=100 kept=50 total=509
[EMAPI] page=12 rows=100 kept=51 total=560
[EMAPI] page=13 rows=100 kept=48 total=608
[EMAPI] page=14 rows=100 kept=53 total=661
[EMAPI] page=15 rows=100 kept=48 total=709
[EMAPI] page=16 rows=100 kept=49 total=758
[EMAPI] page=17 rows=100 kept=45 total=803
[EMAPI] page=18 rows=100 kept=50 total=853
[EMAPI] page=19 rows=100 kept=46 total=899
[EMAPI] page=20 rows=100 kept=41 total=940
[EMAPI] page=21 rows=100 kept=31 total=971
[EMAPI] page=22 rows=100 kept=36 total=1007
[EMAPI] page=23 rows=100 kept=47 total=1054
[EMAPI] page=24 rows=100 kept=33 total=1087
[EMAPI] page=25 rows=100 kept=40 total=1127
[SCAN] round=249 market=1127 picks=7 ts=2026-03-23T11:37:35.578Z
[EMAPI] page=1 rows=100 kept=44 total=44
[EMAPI] page=2 rows=100 kept=49 total=93
[EMAPI] page=3 rows=100 kept=44 total=137
[EMAPI] page=4 rows=100 kept=43 total=180
[EMAPI] page=5 rows=100 kept=36 total=216
[EMAPI] page=6 rows=100 kept=51 total=267
[EMAPI] page=7 rows=100 kept=48 total=315
[EMAPI] page=8 rows=100 kept=45 total=360
[EMAPI] page=9 rows=100 kept=51 total=411
[EMAPI] page=10 rows=100 kept=48 total=459
[EMAPI] page=11 rows=100 kept=50 total=509
[EMAPI] page=12 rows=100 kept=51 total=560
[EMAPI] page=13 rows=100 kept=48 total=608
[EMAPI] page=14 rows=100 kept=53 total=661
[EMAPI] page=15 rows=100 kept=48 total=709
[EMAPI] page=16 rows=100 kept=49 total=758
[EMAPI] page=17 rows=100 kept=45 total=803
[EMAPI] page=18 rows=100 kept=50 total=853
[EMAPI] page=19 rows=100 kept=46 total=899
[EMAPI] page=20 rows=100 kept=41 total=940
[EMAPI] page=21 rows=100 kept=31 total=971
[EMAPI] page=22 rows=100 kept=36 total=1007
[EMAPI] page=23 rows=100 kept=47 total=1054
[EMAPI] page=24 rows=100 kept=33 total=1087
[EMAPI] page=25 rows=100 kept=40 total=1127
[SCAN] round=250 market=1127 picks=7 ts=2026-03-23T11:38:35.979Z
[EMAPI] page=1 rows=100 kept=44 total=44
[EMAPI] page=2 rows=100 kept=49 total=93
[EMAPI] page=3 rows=100 kept=44 total=137
[EMAPI] page=4 rows=100 kept=43 total=180
[EMAPI] page=5 rows=100 kept=36 total=216
[EMAPI] page=6 rows=100 kept=51 total=267
[EMAPI] page=7 rows=100 kept=48 total=315
[EMAPI] page=8 rows=100 kept=45 total=360
[EMAPI] page=9 rows=100 kept=51 total=411
[EMAPI] page=10 rows=100 kept=48 total=459
[EMAPI] page=11 rows=100 kept=50 total=509
[EMAPI] page=12 rows=100 kept=51 total=560
[EMAPI] page=13 rows=100 kept=48 total=608
[EMAPI] page=14 rows=100 kept=53 total=661
[EMAPI] page=15 rows=100 kept=48 total=709
[EMAPI] page=16 rows=100 kept=49 total=758
[EMAPI] page=17 rows=100 kept=45 total=803
[EMAPI] page=18 rows=100 kept=50 total=853
[EMAPI] page=19 rows=100 kept=46 total=899
[EMAPI] page=20 rows=100 kept=41 total=940
[EMAPI] page=21 rows=100 kept=31 total=971
[EMAPI] page=22 rows=100 kept=36 total=1007
[EMAPI] page=23 rows=100 kept=47 total=1054
[EMAPI] page=24 rows=100 kept=33 total=1087
[EMAPI] page=25 rows=100 kept=40 total=1127
[SCAN] round=251 market=1127 picks=7 ts=2026-03-23T11:39:35.466Z
[EMAPI] page=1 rows=100 kept=44 total=44
[EMAPI] page=2 rows=100 kept=49 total=93
[EMAPI] page=3 rows=100 kept=44 total=137
[EMAPI] page=4 rows=100 kept=43 total=180
[EMAPI] page=5 rows=100 kept=36 total=216
[EMAPI] page=6 rows=100 kept=51 total=267
[EMAPI] page=7 rows=100 kept=48 total=315
[EMAPI] page=8 rows=100 kept=45 total=360
[EMAPI] page=9 rows=100 kept=51 total=411
[EMAPI] page=10 rows=100 kept=48 total=459
[EMAPI] page=11 rows=100 kept=50 total=509
[EMAPI] page=12 rows=100 kept=51 total=560
[EMAPI] page=13 rows=100 kept=48 total=608
[EMAPI] page=14 rows=100 kept=53 total=661
[EMAPI] page=15 rows=100 kept=48 total=709
[EMAPI] page=16 rows=100 kept=49 total=758
[EMAPI] page=17 rows=100 kept=45 total=803
[EMAPI] page=18 rows=100 kept=50 total=853
[EMAPI] page=19 rows=100 kept=46 total=899
[EMAPI] page=20 rows=100 kept=41 total=940
[EMAPI] page=21 rows=100 kept=31 total=971
[EMAPI] page=22 rows=100 kept=36 total=1007
[EMAPI] page=23 rows=100 kept=47 total=1054
[EMAPI] page=24 rows=100 kept=33 total=1087
[EMAPI] page=25 rows=100 kept=40 total=1127
[SCAN] round=252 market=1127 picks=7 ts=2026-03-23T11:40:35.601Z
[EMAPI] page=1 rows=100 kept=44 total=44
[EMAPI] page=2 rows=100 kept=49 total=93
[EMAPI] page=3 rows=100 kept=44 total=137
[EMAPI] page=4 rows=100 kept=43 total=180
[EMAPI] page=5 rows=100 kept=36 total=216
[EMAPI] page=6 rows=100 kept=51 total=267
[EMAPI] page=7 rows=100 kept=48 total=315
[EMAPI] page=8 rows=100 kept=45 total=360
[EMAPI] page=9 rows=100 kept=51 total=411
[EMAPI] page=10 rows=100 kept=48 total=459
[EMAPI] page=11 rows=100 kept=50 total=509
[EMAPI] page=12 rows=100 kept=51 total=560
[EMAPI] page=13 rows=100 kept=48 total=608
[EMAPI] page=14 rows=100 kept=53 total=661
[EMAPI] page=15 rows=100 kept=48 total=709
[EMAPI] page=16 rows=100 kept=49 total=758
[EMAPI] page=17 rows=100 kept=45 total=803
[EMAPI] page=18 rows=100 kept=50 total=853
[EMAPI] page=19 rows=100 kept=46 total=899
[EMAPI] page=20 rows=100 kept=41 total=940
[EMAPI] page=21 rows=100 kept=31 total=971
[EMAPI] page=22 rows=100 kept=36 total=1007
[EMAPI] page=23 rows=100 kept=47 total=1054
[EMAPI] page=24 rows=100 kept=33 total=1087
[EMAPI] page=25 rows=100 kept=40 total=1127
[SCAN] round=253 market=1127 picks=7 ts=2026-03-23T11:41:35.208Z
[EMAPI] page=1 rows=100 kept=44 total=44
[EMAPI] page=2 rows=100 kept=49 total=93
[EMAPI] page=3 rows=100 kept=44 total=137
[EMAPI] page=4 rows=100 kept=43 total=180
[EMAPI] page=5 rows=100 kept=36 total=216
[EMAPI] page=6 rows=100 kept=51 total=267
[EMAPI] page=7 rows=100 kept=48 total=315
[EMAPI] page=8 rows=100 kept=45 total=360
[EMAPI] page=9 rows=100 kept=51 total=411
[EMAPI] page=10 rows=100 kept=48 total=459
[EMAPI] page=11 rows=100 kept=50 total=509
[EMAPI] page=12 rows=100 kept=51 total=560
[EMAPI] page=13 rows=100 kept=48 total=608
[EMAPI] page=14 rows=100 kept=53 total=661
[EMAPI] page=15 rows=100 kept=48 total=709
[EMAPI] page=16 rows=100 kept=49 total=758
[EMAPI] page=17 rows=100 kept=45 total=803
[EMAPI] page=18 rows=100 kept=50 total=853
[EMAPI] page=19 rows=100 kept=46 total=899
[EMAPI] page=20 rows=100 kept=41 total=940
[EMAPI] page=21 rows=100 kept=31 total=971
[EMAPI] page=22 rows=100 kept=36 total=1007
[EMAPI] page=23 rows=100 kept=47 total=1054
[EMAPI] page=24 rows=100 kept=33 total=1087
[EMAPI] page=25 rows=100 kept=40 total=1127
[SCAN] round=254 market=1127 picks=7 ts=2026-03-23T11:42:35.835Z
[EMAPI] page=1 rows=100 kept=44 total=44
[EMAPI] page=2 rows=100 kept=49 total=93
[EMAPI] page=3 rows=100 kept=44 total=137
[EMAPI] page=4 rows=100 kept=43 total=180
[EMAPI] page=5 rows=100 kept=36 total=216
[EMAPI] page=6 rows=100 kept=51 total=267
[EMAPI] page=7 rows=100 kept=48 total=315
[EMAPI] page=8 rows=100 kept=45 total=360
[EMAPI] page=9 rows=100 kept=51 total=411
[EMAPI] page=10 rows=100 kept=48 total=459
[EMAPI] page=11 rows=100 kept=50 total=509
[EMAPI] page=12 rows=100 kept=51 total=560
[EMAPI] page=13 rows=100 kept=48 total=608
[EMAPI] page=14 rows=100 kept=53 total=661
[EMAPI] page=15 rows=100 kept=48 total=709
[EMAPI] page=16 rows=100 kept=49 total=758
[EMAPI] page=17 rows=100 kept=45 total=803
[EMAPI] page=18 rows=100 kept=50 total=853
[EMAPI] page=19 rows=100 kept=46 total=899
[EMAPI] page=20 rows=100 kept=41 total=940
[EMAPI] page=21 rows=100 kept=31 total=971
[EMAPI] page=22 rows=100 kept=36 total=1007
[EMAPI] page=23 rows=100 kept=47 total=1054
[EMAPI] page=24 rows=100 kept=33 total=1087
[EMAPI] page=25 rows=100 kept=40 total=1127
[SCAN] round=255 market=1127 picks=7 ts=2026-03-23T11:43:34.919Z
[EMAPI] page=1 rows=100 kept=44 total=44
[EMAPI] page=2 rows=100 kept=49 total=93
[EMAPI] page=3 rows=100 kept=44 total=137
[EMAPI] page=4 rows=100 kept=43 total=180
[EMAPI] page=5 rows=100 kept=36 total=216
[EMAPI] page=6 rows=100 kept=51 total=267
[EMAPI] page=7 rows=100 kept=48 total=315
[EMAPI] page=8 rows=100 kept=45 total=360
[EMAPI] page=9 rows=100 kept=51 total=411
[EMAPI] page=10 rows=100 kept=48 total=459
[EMAPI] page=11 rows=100 kept=50 total=509
[EMAPI] page=12 rows=100 kept=51 total=560
[EMAPI] page=13 rows=100 kept=48 total=608
[EMAPI] page=14 rows=100 kept=53 total=661
[EMAPI] page=15 rows=100 kept=48 total=709
[EMAPI] page=16 rows=100 kept=49 total=758
[EMAPI] page=17 rows=100 kept=45 total=803
[EMAPI] page=18 rows=100 kept=50 total=853
[EMAPI] page=19 rows=100 kept=46 total=899
[EMAPI] page=20 rows=100 kept=41 total=940
[EMAPI] page=21 rows=100 kept=31 total=971
[EMAPI] page=22 rows=100 kept=36 total=1007
[EMAPI] page=23 rows=100 kept=47 total=1054
[EMAPI] page=24 rows=100 kept=33 total=1087
[EMAPI] page=25 rows=100 kept=40 total=1127
[SCAN] round=256 market=1127 picks=7 ts=2026-03-23T11:44:34.756Z
[EMAPI] page=1 rows=100 kept=44 total=44
[EMAPI] page=2 rows=100 kept=49 total=93
[EMAPI] page=3 rows=100 kept=44 total=137
[EMAPI] page=4 rows=100 kept=43 total=180
[EMAPI] page=5 rows=100 kept=36 total=216
[EMAPI] page=6 rows=100 kept=51 total=267
[EMAPI] page=7 rows=100 kept=48 total=315
[EMAPI] page=8 rows=100 kept=45 total=360
[EMAPI] page=9 rows=100 kept=51 total=411
[EMAPI] page=10 rows=100 kept=48 total=459
[EMAPI] page=11 rows=100 kept=50 total=509
[EMAPI] page=12 rows=100 kept=51 total=560
[EMAPI] page=13 rows=100 kept=48 total=608
[EMAPI] page=14 rows=100 kept=53 total=661
[EMAPI] page=15 rows=100 kept=48 total=709
[EMAPI] page=16 rows=100 kept=49 total=758
[EMAPI] page=17 rows=100 kept=45 total=803
[EMAPI] page=18 rows=100 kept=50 total=853
[EMAPI] page=19 rows=100 kept=46 total=899
[EMAPI] page=20 rows=100 kept=41 total=940
[EMAPI] page=21 rows=100 kept=31 total=971
[EMAPI] page=22 rows=100 kept=36 total=1007
[EMAPI] page=23 rows=100 kept=47 total=1054
[EMAPI] page=24 rows=100 kept=33 total=1087
[EMAPI] page=25 rows=100 kept=40 total=1127
[SCAN] round=257 market=1127 picks=7 ts=2026-03-23T11:45:35.292Z
[EMAPI] page=1 rows=100 kept=44 total=44
[EMAPI] page=2 rows=100 kept=49 total=93
[EMAPI] page=3 rows=100 kept=44 total=137
[EMAPI] page=4 rows=100 kept=43 total=180
[EMAPI] page=5 rows=100 kept=36 total=216
[EMAPI] page=6 rows=100 kept=51 total=267
[EMAPI] page=7 rows=100 kept=48 total=315
[EMAPI] page=8 rows=100 kept=45 total=360
[EMAPI] page=9 rows=100 kept=51 total=411
[EMAPI] page=10 rows=100 kept=48 total=459
[EMAPI] page=11 rows=100 kept=50 total=509
[EMAPI] page=12 rows=100 kept=51 total=560
[EMAPI] page=13 rows=100 kept=48 total=608
[EMAPI] page=14 rows=100 kept=53 total=661
[EMAPI] page=15 rows=100 kept=48 total=709
[EMAPI] page=16 rows=100 kept=49 total=758
[EMAPI] page=17 rows=100 kept=45 total=803
[EMAPI] page=18 rows=100 kept=50 total=853
[EMAPI] page=19 rows=100 kept=46 total=899
[EMAPI] page=20 rows=100 kept=41 total=940
[EMAPI] page=21 rows=100 kept=31 total=971
[EMAPI] page=22 rows=100 kept=36 total=1007
[EMAPI] page=23 rows=100 kept=47 total=1054
[EMAPI] page=24 rows=100 kept=33 total=1087
[EMAPI] page=25 rows=100 kept=40 total=1127
[SCAN] round=258 market=1127 picks=7 ts=2026-03-23T11:46:36.531Z
[EMAPI] page=1 rows=100 kept=44 total=44
[EMAPI] page=2 rows=100 kept=49 total=93
[EMAPI] page=3 rows=100 kept=44 total=137
[EMAPI] page=4 rows=100 kept=43 total=180
[EMAPI] page=5 rows=100 kept=36 total=216
[EMAPI] page=6 rows=100 kept=51 total=267
[EMAPI] page=7 rows=100 kept=48 total=315
[EMAPI] page=8 rows=100 kept=45 total=360
[EMAPI] page=9 rows=100 kept=51 total=411
[EMAPI] page=10 rows=100 kept=48 total=459
[EMAPI] page=11 rows=100 kept=50 total=509
[EMAPI] page=12 rows=100 kept=51 total=560
[EMAPI] page=13 rows=100 kept=48 total=608
[EMAPI] page=14 rows=100 kept=53 total=661
[EMAPI] page=15 rows=100 kept=48 total=709
[EMAPI] page=16 rows=100 kept=49 total=758
[EMAPI] page=17 rows=100 kept=45 total=803
[EMAPI] page=18 rows=100 kept=50 total=853
[EMAPI] page=19 rows=100 kept=46 total=899
[EMAPI] page=20 rows=100 kept=41 total=940
[EMAPI] page=21 rows=100 kept=31 total=971
[EMAPI] page=22 rows=100 kept=36 total=1007
[EMAPI] page=23 rows=100 kept=47 total=1054
[EMAPI] page=24 rows=100 kept=33 total=1087
[EMAPI] page=25 rows=100 kept=40 total=1127
[SCAN] round=259 market=1127 picks=7 ts=2026-03-23T11:47:34.666Z
[EMAPI] page=1 rows=100 kept=44 total=44
[EMAPI] page=2 rows=100 kept=49 total=93
[EMAPI] page=3 rows=100 kept=44 total=137
[EMAPI] page=4 rows=100 kept=43 total=180
[EMAPI] page=5 rows=100 kept=36 total=216
[EMAPI] page=6 rows=100 kept=51 total=267
[EMAPI] page=7 rows=100 kept=48 total=315
[EMAPI] page=8 rows=100 kept=45 total=360
[EMAPI] page=9 rows=100 kept=51 total=411
[EMAPI] page=10 rows=100 kept=48 total=459
[EMAPI] page=11 rows=100 kept=50 total=509
[EMAPI] page=12 rows=100 kept=51 total=560
[EMAPI] page=13 rows=100 kept=48 total=608
[EMAPI] page=14 rows=100 kept=53 total=661
[EMAPI] page=15 rows=100 kept=48 total=709
[EMAPI] page=16 rows=100 kept=49 total=758
[EMAPI] page=17 rows=100 kept=45 total=803
[EMAPI] page=18 rows=100 kept=50 total=853
[EMAPI] page=19 rows=100 kept=46 total=899
[EMAPI] page=20 rows=100 kept=41 total=940
[EMAPI] page=21 rows=100 kept=31 total=971
[EMAPI] page=22 rows=100 kept=36 total=1007
[EMAPI] page=23 rows=100 kept=47 total=1054
[EMAPI] page=24 rows=100 kept=33 total=1087
[EMAPI] page=25 rows=100 kept=40 total=1127
[SCAN] round=260 market=1127 picks=7 ts=2026-03-23T11:48:35.146Z
[EMAPI] page=1 rows=100 kept=44 total=44
[EMAPI] page=2 rows=100 kept=49 total=93
[EMAPI] page=3 rows=100 kept=44 total=137
[EMAPI] page=4 rows=100 kept=43 total=180
[EMAPI] page=5 rows=100 kept=36 total=216
[EMAPI] page=6 rows=100 kept=51 total=267
[EMAPI] page=7 rows=100 kept=48 total=315
[EMAPI] page=8 rows=100 kept=45 total=360
[EMAPI] page=9 rows=100 kept=51 total=411
[EMAPI] page=10 rows=100 kept=48 total=459
[EMAPI] page=11 rows=100 kept=50 total=509
[EMAPI] page=12 rows=100 kept=51 total=560
[EMAPI] page=13 rows=100 kept=48 total=608
[EMAPI] page=14 rows=100 kept=53 total=661
[EMAPI] page=15 rows=100 kept=48 total=709
[EMAPI] page=16 rows=100 kept=49 total=758
[EMAPI] page=17 rows=100 kept=45 total=803
[EMAPI] page=18 rows=100 kept=50 total=853
[EMAPI] page=19 rows=100 kept=46 total=899
[EMAPI] page=20 rows=100 kept=41 total=940
[EMAPI] page=21 rows=100 kept=31 total=971
[EMAPI] page=22 rows=100 kept=36 total=1007
[EMAPI] page=23 rows=100 kept=47 total=1054
[EMAPI] page=24 rows=100 kept=33 total=1087
[EMAPI] page=25 rows=100 kept=40 total=1127
[SCAN] round=261 market=1127 picks=7 ts=2026-03-23T11:49:36.108Z
[EMAPI] page=1 rows=100 kept=44 total=44
[EMAPI] page=2 rows=100 kept=49 total=93
[EMAPI] page=3 rows=100 kept=44 total=137
[EMAPI] page=4 rows=100 kept=43 total=180
[EMAPI] page=5 rows=100 kept=36 total=216
[EMAPI] page=6 rows=100 kept=51 total=267
[EMAPI] page=7 rows=100 kept=48 total=315
[EMAPI] page=8 rows=100 kept=45 total=360
[EMAPI] page=9 rows=100 kept=51 total=411
[EMAPI] page=10 rows=100 kept=48 total=459
[EMAPI] page=11 rows=100 kept=50 total=509
[EMAPI] page=12 rows=100 kept=51 total=560
[EMAPI] page=13 rows=100 kept=48 total=608
[EMAPI] page=14 rows=100 kept=53 total=661
[EMAPI] page=15 rows=100 kept=48 total=709
[EMAPI] page=16 rows=100 kept=49 total=758
[EMAPI] page=17 rows=100 kept=45 total=803
[EMAPI] page=18 rows=100 kept=50 total=853
[EMAPI] page=19 rows=100 kept=46 total=899
[EMAPI] page=20 rows=100 kept=41 total=940
[EMAPI] page=21 rows=100 kept=31 total=971
[EMAPI] page=22 rows=100 kept=36 total=1007
[EMAPI] page=23 rows=100 kept=47 total=1054
[EMAPI] page=24 rows=100 kept=33 total=1087
[EMAPI] page=25 rows=100 kept=40 total=1127
[SCAN] round=262 market=1127 picks=7 ts=2026-03-23T11:50:35.807Z
[EMAPI] page=1 rows=100 kept=44 total=44
[EMAPI] page=2 rows=100 kept=49 total=93
[EMAPI] page=3 rows=100 kept=44 total=137
[EMAPI] page=4 rows=100 kept=43 total=180
[EMAPI] page=5 rows=100 kept=36 total=216
[EMAPI] page=6 rows=100 kept=51 total=267
[EMAPI] page=7 rows=100 kept=48 total=315
[EMAPI] page=8 rows=100 kept=45 total=360
[EMAPI] page=9 rows=100 kept=51 total=411
[EMAPI] page=10 rows=100 kept=48 total=459
[EMAPI] page=11 rows=100 kept=50 total=509
[EMAPI] page=12 rows=100 kept=51 total=560
[EMAPI] page=13 rows=100 kept=48 total=608
[EMAPI] page=14 rows=100 kept=53 total=661
[EMAPI] page=15 rows=100 kept=48 total=709
[EMAPI] page=16 rows=100 kept=49 total=758
[EMAPI] page=17 rows=100 kept=45 total=803
[EMAPI] page=18 rows=100 kept=50 total=853
[EMAPI] page=19 rows=100 kept=46 total=899
[EMAPI] page=20 rows=100 kept=41 total=940
[EMAPI] page=21 rows=100 kept=31 total=971
[EMAPI] page=22 rows=100 kept=36 total=1007
[EMAPI] page=23 rows=100 kept=47 total=1054
[EMAPI] page=24 rows=100 kept=33 total=1087
[EMAPI] page=25 rows=100 kept=40 total=1127
[SCAN] round=263 market=1127 picks=7 ts=2026-03-23T11:51:35.335Z
[EMAPI] page=1 rows=100 kept=44 total=44
[EMAPI] page=2 rows=100 kept=49 total=93
[EMAPI] page=3 rows=100 kept=44 total=137
[EMAPI] page=4 rows=100 kept=43 total=180
[EMAPI] page=5 rows=100 kept=36 total=216
[EMAPI] page=6 rows=100 kept=51 total=267
[EMAPI] page=7 rows=100 kept=48 total=315
[EMAPI] page=8 rows=100 kept=45 total=360
[EMAPI] page=9 rows=100 kept=51 total=411
[EMAPI] page=10 rows=100 kept=48 total=459
[EMAPI] page=11 rows=100 kept=50 total=509
[EMAPI] page=12 rows=100 kept=51 total=560
[EMAPI] page=13 rows=100 kept=48 total=608
[EMAPI] page=14 rows=100 kept=53 total=661
[EMAPI] page=15 rows=100 kept=48 total=709
[EMAPI] page=16 rows=100 kept=49 total=758
[EMAPI] page=17 rows=100 kept=45 total=803
[EMAPI] page=18 rows=100 kept=50 total=853
[EMAPI] page=19 rows=100 kept=46 total=899
[EMAPI] page=20 rows=100 kept=41 total=940
[EMAPI] page=21 rows=100 kept=31 total=971
[EMAPI] page=22 rows=100 kept=36 total=1007
[EMAPI] page=23 rows=100 kept=47 total=1054
[EMAPI] page=24 rows=100 kept=33 total=1087
[EMAPI] page=25 rows=100 kept=40 total=1127
[SCAN] round=264 market=1127 picks=7 ts=2026-03-23T11:52:36.237Z
[EMAPI] page=1 rows=100 kept=44 total=44
[EMAPI] page=2 rows=100 kept=49 total=93
[EMAPI] page=3 rows=100 kept=44 total=137
[EMAPI] page=4 rows=100 kept=43 total=180
[EMAPI] page=5 rows=100 kept=36 total=216
[EMAPI] page=6 rows=100 kept=51 total=267
[EMAPI] page=7 rows=100 kept=48 total=315
[EMAPI] page=8 rows=100 kept=45 total=360
[EMAPI] page=9 rows=100 kept=51 total=411
[EMAPI] page=10 rows=100 kept=48 total=459
[EMAPI] page=11 rows=100 kept=50 total=509
[EMAPI] page=12 rows=100 kept=51 total=560
[EMAPI] page=13 rows=100 kept=48 total=608
[EMAPI] page=14 rows=100 kept=53 total=661
[EMAPI] page=15 rows=100 kept=48 total=709
[EMAPI] page=16 rows=100 kept=49 total=758
[EMAPI] page=17 rows=100 kept=45 total=803
[EMAPI] page=18 rows=100 kept=50 total=853
[EMAPI] page=19 rows=100 kept=46 total=899
[EMAPI] page=20 rows=100 kept=41 total=940
[EMAPI] page=21 rows=100 kept=31 total=971
[EMAPI] page=22 rows=100 kept=36 total=1007
[EMAPI] page=23 rows=100 kept=47 total=1054
[EMAPI] page=24 rows=100 kept=33 total=1087
[EMAPI] page=25 rows=100 kept=40 total=1127
[SCAN] round=265 market=1127 picks=7 ts=2026-03-23T11:53:34.821Z
[EMAPI] page=1 rows=100 kept=44 total=44
[EMAPI] page=2 rows=100 kept=49 total=93
[EMAPI] page=3 rows=100 kept=44 total=137
[EMAPI] page=4 rows=100 kept=43 total=180
[EMAPI] page=5 rows=100 kept=36 total=216
[EMAPI] page=6 rows=100 kept=51 total=267
[EMAPI] page=7 rows=100 kept=48 total=315
[EMAPI] page=8 rows=100 kept=45 total=360
[EMAPI] page=9 rows=100 kept=51 total=411
[EMAPI] page=10 rows=100 kept=48 total=459
[EMAPI] page=11 rows=100 kept=50 total=509
[EMAPI] page=12 rows=100 kept=51 total=560
[EMAPI] page=13 rows=100 kept=48 total=608
[EMAPI] page=14 rows=100 kept=53 total=661
[EMAPI] page=15 rows=100 kept=48 total=709
[EMAPI] page=16 rows=100 kept=49 total=758
[EMAPI] page=17 rows=100 kept=45 total=803
[EMAPI] page=18 rows=100 kept=50 total=853
[EMAPI] page=19 rows=100 kept=46 total=899
[EMAPI] page=20 rows=100 kept=41 total=940
[EMAPI] page=21 rows=100 kept=31 total=971
[EMAPI] page=22 rows=100 kept=36 total=1007
[EMAPI] page=23 rows=100 kept=47 total=1054
[EMAPI] page=24 rows=100 kept=33 total=1087
[EMAPI] page=25 rows=100 kept=40 total=1127
[SCAN] round=266 market=1127 picks=7 ts=2026-03-23T11:54:35.660Z
[EMAPI] page=1 rows=100 kept=44 total=44
[EMAPI] page=2 rows=100 kept=49 total=93
[EMAPI] page=3 rows=100 kept=44 total=137
[EMAPI] page=4 rows=100 kept=43 total=180
[EMAPI] page=5 rows=100 kept=36 total=216
[EMAPI] page=6 rows=100 kept=51 total=267
[EMAPI] page=7 rows=100 kept=48 total=315
[EMAPI] page=8 rows=100 kept=45 total=360
[EMAPI] page=9 rows=100 kept=51 total=411
[EMAPI] page=10 rows=100 kept=48 total=459
[EMAPI] page=11 rows=100 kept=50 total=509
[EMAPI] page=12 rows=100 kept=51 total=560
[EMAPI] page=13 rows=100 kept=48 total=608
[EMAPI] page=14 rows=100 kept=53 total=661
[EMAPI] page=15 rows=100 kept=48 total=709
[EMAPI] page=16 rows=100 kept=49 total=758
[EMAPI] page=17 rows=100 kept=45 total=803
[EMAPI] page=18 rows=100 kept=50 total=853
[EMAPI] page=19 rows=100 kept=46 total=899
[EMAPI] page=20 rows=100 kept=41 total=940
[EMAPI] page=21 rows=100 kept=31 total=971
[EMAPI] page=22 rows=100 kept=36 total=1007
[EMAPI] page=23 rows=100 kept=47 total=1054
[EMAPI] page=24 rows=100 kept=33 total=1087
[EMAPI] page=25 rows=100 kept=40 total=1127
[SCAN] round=267 market=1127 picks=7 ts=2026-03-23T11:55:34.931Z
[EMAPI] page=1 rows=100 kept=44 total=44
[EMAPI] page=2 rows=100 kept=49 total=93
[EMAPI] page=3 rows=100 kept=44 total=137
[EMAPI] page=4 rows=100 kept=43 total=180
[EMAPI] page=5 rows=100 kept=36 total=216
[EMAPI] page=6 rows=100 kept=51 total=267
[EMAPI] page=7 rows=100 kept=48 total=315
[EMAPI] page=8 rows=100 kept=45 total=360
[EMAPI] page=9 rows=100 kept=51 total=411
[EMAPI] page=10 rows=100 kept=48 total=459
[EMAPI] page=11 rows=100 kept=50 total=509
[EMAPI] page=12 rows=100 kept=51 total=560
[EMAPI] page=13 rows=100 kept=48 total=608
[EMAPI] page=14 rows=100 kept=53 total=661
[EMAPI] page=15 rows=100 kept=48 total=709
[EMAPI] page=16 rows=100 kept=49 total=758
[EMAPI] page=17 rows=100 kept=45 total=803
[EMAPI] page=18 rows=100 kept=50 total=853
[EMAPI] page=19 rows=100 kept=46 total=899
[EMAPI] page=20 rows=100 kept=41 total=940
[EMAPI] page=21 rows=100 kept=31 total=971
[EMAPI] page=22 rows=100 kept=36 total=1007
[EMAPI] page=23 rows=100 kept=47 total=1054
[EMAPI] page=24 rows=100 kept=33 total=1087
[EMAPI] page=25 rows=100 kept=40 total=1127
[SCAN] round=268 market=1127 picks=7 ts=2026-03-23T12:00:44.687Z
[EMAPI] page=1 rows=100 kept=44 total=44
[EMAPI] page=2 rows=100 kept=49 total=93
[EMAPI] page=3 rows=100 kept=44 total=137
[EMAPI] page=4 rows=100 kept=43 total=180
[EMAPI] page=5 rows=100 kept=36 total=216
[EMAPI] page=6 rows=100 kept=51 total=267
[EMAPI] page=7 rows=100 kept=48 total=315
[EMAPI] page=8 rows=100 kept=45 total=360
[EMAPI] page=9 rows=100 kept=51 total=411
[EMAPI] page=10 rows=100 kept=48 total=459
[EMAPI] page=11 rows=100 kept=50 total=509
[EMAPI] page=12 rows=100 kept=51 total=560
[EMAPI] page=13 rows=100 kept=48 total=608
[EMAPI] page=14 rows=100 kept=53 total=661
[EMAPI] page=15 rows=100 kept=48 total=709
[EMAPI] page=16 rows=100 kept=49 total=758
[EMAPI] page=17 rows=100 kept=45 total=803
[EMAPI] page=18 rows=100 kept=50 total=853
[EMAPI] page=19 rows=100 kept=46 total=899
[EMAPI] page=20 rows=100 kept=41 total=940
[EMAPI] page=21 rows=100 kept=31 total=971
[EMAPI] page=22 rows=100 kept=36 total=1007
[EMAPI] page=23 rows=100 kept=47 total=1054
[EMAPI] page=24 rows=100 kept=33 total=1087
[EMAPI] page=25 rows=100 kept=40 total=1127
[SCAN] round=269 market=1127 picks=7 ts=2026-03-23T12:01:36.172Z
[EMAPI] page=1 rows=100 kept=44 total=44
[EMAPI] page=2 rows=100 kept=49 total=93
[EMAPI] page=3 rows=100 kept=44 total=137
[EMAPI] page=4 rows=100 kept=43 total=180
[EMAPI] page=5 rows=100 kept=36 total=216
[EMAPI] page=6 rows=100 kept=51 total=267
[EMAPI] page=7 rows=100 kept=48 total=315
[EMAPI] page=8 rows=100 kept=45 total=360
[EMAPI] page=9 rows=100 kept=51 total=411
[EMAPI] page=10 rows=100 kept=48 total=459
[EMAPI] page=11 rows=100 kept=50 total=509
[EMAPI] page=12 rows=100 kept=51 total=560
[EMAPI] page=13 rows=100 kept=48 total=608
[EMAPI] page=14 rows=100 kept=53 total=661
[EMAPI] page=15 rows=100 kept=48 total=709
[EMAPI] page=16 rows=100 kept=49 total=758
[EMAPI] page=17 rows=100 kept=45 total=803
[EMAPI] page=18 rows=100 kept=50 total=853
[EMAPI] page=19 rows=100 kept=46 total=899
[EMAPI] page=20 rows=100 kept=41 total=940
[EMAPI] page=21 rows=100 kept=31 total=971
[EMAPI] page=22 rows=100 kept=36 total=1007
[EMAPI] page=23 rows=100 kept=47 total=1054
[EMAPI] page=24 rows=100 kept=33 total=1087
[EMAPI] page=25 rows=100 kept=40 total=1127
[SCAN] round=270 market=1127 picks=7 ts=2026-03-23T12:02:35.985Z
[EMAPI] page=1 rows=100 kept=44 total=44
[EMAPI] page=2 rows=100 kept=49 total=93
[EMAPI] page=3 rows=100 kept=44 total=137
[EMAPI] page=4 rows=100 kept=43 total=180
[EMAPI] page=5 rows=100 kept=36 total=216
[EMAPI] page=6 rows=100 kept=51 total=267
[EMAPI] page=7 rows=100 kept=48 total=315
[EMAPI] page=8 rows=100 kept=45 total=360
[EMAPI] page=9 rows=100 kept=51 total=411
[EMAPI] page=10 rows=100 kept=48 total=459
[EMAPI] page=11 rows=100 kept=50 total=509
[EMAPI] page=12 rows=100 kept=51 total=560
[EMAPI] page=13 rows=100 kept=48 total=608
[EMAPI] page=14 rows=100 kept=53 total=661
[EMAPI] page=15 rows=100 kept=48 total=709
[EMAPI] page=16 rows=100 kept=49 total=758
[EMAPI] page=17 rows=100 kept=45 total=803
[EMAPI] page=18 rows=100 kept=50 total=853
[EMAPI] page=19 rows=100 kept=46 total=899
[EMAPI] page=20 rows=100 kept=41 total=940
[EMAPI] page=21 rows=100 kept=31 total=971
[EMAPI] page=22 rows=100 kept=36 total=1007
[EMAPI] page=23 rows=100 kept=47 total=1054
[EMAPI] page=24 rows=100 kept=33 total=1087
[EMAPI] page=25 rows=100 kept=40 total=1127
[SCAN] round=271 market=1127 picks=7 ts=2026-03-23T12:03:35.844Z
[EMAPI] page=1 rows=100 kept=44 total=44
[EMAPI] page=2 rows=100 kept=49 total=93
[EMAPI] page=3 rows=100 kept=44 total=137
[EMAPI] page=4 rows=100 kept=43 total=180
[EMAPI] page=5 rows=100 kept=36 total=216
[EMAPI] page=6 rows=100 kept=51 total=267
[EMAPI] page=7 rows=100 kept=48 total=315
[EMAPI] page=8 rows=100 kept=45 total=360
[EMAPI] page=9 rows=100 kept=51 total=411
[EMAPI] page=10 rows=100 kept=48 total=459
[EMAPI] page=11 rows=100 kept=50 total=509
[EMAPI] page=12 rows=100 kept=51 total=560
[EMAPI] page=13 rows=100 kept=48 total=608
[EMAPI] page=14 rows=100 kept=53 total=661
[EMAPI] page=15 rows=100 kept=48 total=709
[EMAPI] page=16 rows=100 kept=49 total=758
[EMAPI] page=17 rows=100 kept=45 total=803
[EMAPI] page=18 rows=100 kept=50 total=853
[EMAPI] page=19 rows=100 kept=46 total=899
[EMAPI] page=20 rows=100 kept=41 total=940
[EMAPI] page=21 rows=100 kept=31 total=971
[EMAPI] page=22 rows=100 kept=36 total=1007
[EMAPI] page=23 rows=100 kept=47 total=1054
[EMAPI] page=24 rows=100 kept=33 total=1087
[EMAPI] page=25 rows=100 kept=40 total=1127
[SCAN] round=272 market=1127 picks=7 ts=2026-03-23T12:04:36.326Z
[EMAPI] page=1 rows=100 kept=44 total=44
[EMAPI] page=2 rows=100 kept=49 total=93
[EMAPI] page=3 rows=100 kept=44 total=137
[EMAPI] page=4 rows=100 kept=43 total=180
[EMAPI] page=5 rows=100 kept=36 total=216
[EMAPI] page=6 rows=100 kept=51 total=267
[EMAPI] page=7 rows=100 kept=48 total=315
[EMAPI] page=8 rows=100 kept=45 total=360
[EMAPI] page=9 rows=100 kept=51 total=411
[EMAPI] page=10 rows=100 kept=48 total=459
[EMAPI] page=11 rows=100 kept=50 total=509
[EMAPI] page=12 rows=100 kept=51 total=560
[EMAPI] page=13 rows=100 kept=48 total=608
[EMAPI] page=14 rows=100 kept=53 total=661
[EMAPI] page=15 rows=100 kept=48 total=709
[EMAPI] page=16 rows=100 kept=49 total=758
[EMAPI] page=17 rows=100 kept=45 total=803
[EMAPI] page=18 rows=100 kept=50 total=853
[EMAPI] page=19 rows=100 kept=46 total=899
[EMAPI] page=20 rows=100 kept=41 total=940
[EMAPI] page=21 rows=100 kept=31 total=971
[EMAPI] page=22 rows=100 kept=36 total=1007
[EMAPI] page=23 rows=100 kept=47 total=1054
[EMAPI] page=24 rows=100 kept=33 total=1087
[EMAPI] page=25 rows=100 kept=40 total=1127
[SCAN] round=273 market=1127 picks=7 ts=2026-03-23T12:05:37.097Z
[EMAPI] page=1 rows=100 kept=44 total=44
[EMAPI] page=2 rows=100 kept=49 total=93
[EMAPI] page=3 rows=100 kept=44 total=137
[EMAPI] page=4 rows=100 kept=43 total=180
[EMAPI] page=5 rows=100 kept=36 total=216
[EMAPI] page=6 rows=100 kept=51 total=267
[EMAPI] page=7 rows=100 kept=48 total=315
[EMAPI] page=8 rows=100 kept=45 total=360
[EMAPI] page=9 rows=100 kept=51 total=411
[EMAPI] page=10 rows=100 kept=48 total=459
[EMAPI] page=11 rows=100 kept=50 total=509
[EMAPI] page=12 rows=100 kept=51 total=560
[EMAPI] page=13 rows=100 kept=48 total=608
[EMAPI] page=14 rows=100 kept=53 total=661
[EMAPI] page=15 rows=100 kept=48 total=709
[EMAPI] page=16 rows=100 kept=49 total=758
[EMAPI] page=17 rows=100 kept=45 total=803
[EMAPI] page=18 rows=100 kept=50 total=853
[EMAPI] page=19 rows=100 kept=46 total=899
[EMAPI] page=20 rows=100 kept=41 total=940
[EMAPI] page=21 rows=100 kept=31 total=971
[EMAPI] page=22 rows=100 kept=36 total=1007
[EMAPI] page=23 rows=100 kept=47 total=1054
[EMAPI] page=24 rows=100 kept=33 total=1087
[EMAPI] page=25 rows=100 kept=40 total=1127
[SCAN] round=274 market=1127 picks=7 ts=2026-03-23T12:06:36.234Z
[EMAPI] page=1 rows=100 kept=44 total=44
[EMAPI] page=2 rows=100 kept=49 total=93
[EMAPI] page=3 rows=100 kept=44 total=137
[EMAPI] page=4 rows=100 kept=43 total=180
[EMAPI] page=5 rows=100 kept=36 total=216
[EMAPI] page=6 rows=100 kept=51 total=267
[EMAPI] page=7 rows=100 kept=48 total=315
[EMAPI] page=8 rows=100 kept=45 total=360
[EMAPI] page=9 rows=100 kept=51 total=411
[EMAPI] page=10 rows=100 kept=48 total=459
[EMAPI] page=11 rows=100 kept=50 total=509
[EMAPI] page=12 rows=100 kept=51 total=560
[EMAPI] page=13 rows=100 kept=48 total=608
[EMAPI] page=14 rows=100 kept=53 total=661
[EMAPI] page=15 rows=100 kept=48 total=709
[EMAPI] page=16 rows=100 kept=49 total=758
[EMAPI] page=17 rows=100 kept=45 total=803
[EMAPI] page=18 rows=100 kept=50 total=853
[EMAPI] page=19 rows=100 kept=46 total=899
[EMAPI] page=20 rows=100 kept=41 total=940
[EMAPI] page=21 rows=100 kept=31 total=971
[EMAPI] page=22 rows=100 kept=36 total=1007
[EMAPI] page=23 rows=100 kept=47 total=1054
[EMAPI] page=24 rows=100 kept=33 total=1087
[EMAPI] page=25 rows=100 kept=40 total=1127
[SCAN] round=275 market=1127 picks=7 ts=2026-03-23T12:07:35.471Z
[EMAPI] page=1 rows=100 kept=44 total=44
[EMAPI] page=2 rows=100 kept=49 total=93
[EMAPI] page=3 rows=100 kept=44 total=137
[EMAPI] page=4 rows=100 kept=43 total=180
[EMAPI] page=5 rows=100 kept=36 total=216
[EMAPI] page=6 rows=100 kept=51 total=267
[EMAPI] page=7 rows=100 kept=48 total=315
[EMAPI] page=8 rows=100 kept=45 total=360
[EMAPI] page=9 rows=100 kept=51 total=411
[EMAPI] page=10 rows=100 kept=48 total=459
[EMAPI] page=11 rows=100 kept=50 total=509
[EMAPI] page=12 rows=100 kept=51 total=560
[EMAPI] page=13 rows=100 kept=48 total=608
[EMAPI] page=14 rows=100 kept=53 total=661
[EMAPI] page=15 rows=100 kept=48 total=709
[EMAPI] page=16 rows=100 kept=49 total=758
[EMAPI] page=17 rows=100 kept=45 total=803
[EMAPI] page=18 rows=100 kept=50 total=853
[EMAPI] page=19 rows=100 kept=46 total=899
[EMAPI] page=20 rows=100 kept=41 total=940
[EMAPI] page=21 rows=100 kept=31 total=971
[EMAPI] page=22 rows=100 kept=36 total=1007
[EMAPI] page=23 rows=100 kept=47 total=1054
[EMAPI] page=24 rows=100 kept=33 total=1087
[EMAPI] page=25 rows=100 kept=40 total=1127
[SCAN] round=276 market=1127 picks=7 ts=2026-03-23T12:08:35.878Z
[EMAPI] page=1 rows=100 kept=44 total=44
[EMAPI] page=2 rows=100 kept=49 total=93
[EMAPI] page=3 rows=100 kept=44 total=137
[EMAPI] page=4 rows=100 kept=43 total=180
[EMAPI] page=5 rows=100 kept=36 total=216
[EMAPI] page=6 rows=100 kept=51 total=267
[EMAPI] page=7 rows=100 kept=48 total=315
[EMAPI] page=8 rows=100 kept=45 total=360
[EMAPI] page=9 rows=100 kept=51 total=411
[EMAPI] page=10 rows=100 kept=48 total=459
[EMAPI] page=11 rows=100 kept=50 total=509
[EMAPI] page=12 rows=100 kept=51 total=560
[EMAPI] page=13 rows=100 kept=48 total=608
[EMAPI] page=14 rows=100 kept=53 total=661
[EMAPI] page=15 rows=100 kept=48 total=709
[EMAPI] page=16 rows=100 kept=49 total=758
[EMAPI] page=17 rows=100 kept=45 total=803
[EMAPI] page=18 rows=100 kept=50 total=853
[EMAPI] page=19 rows=100 kept=46 total=899
[EMAPI] page=20 rows=100 kept=41 total=940
[EMAPI] page=21 rows=100 kept=31 total=971
[EMAPI] page=22 rows=100 kept=36 total=1007
[EMAPI] page=23 rows=100 kept=47 total=1054
[EMAPI] page=24 rows=100 kept=33 total=1087
[EMAPI] page=25 rows=100 kept=40 total=1127
[SCAN] round=277 market=1127 picks=7 ts=2026-03-23T12:09:36.043Z
[EMAPI] page=1 rows=100 kept=44 total=44
[EMAPI] page=2 rows=100 kept=49 total=93
[EMAPI] page=3 rows=100 kept=44 total=137
[EMAPI] page=4 rows=100 kept=43 total=180
[EMAPI] page=5 rows=100 kept=36 total=216
[EMAPI] page=6 rows=100 kept=51 total=267
[EMAPI] page=7 rows=100 kept=48 total=315
[EMAPI] page=8 rows=100 kept=45 total=360
[EMAPI] page=9 rows=100 kept=51 total=411
[EMAPI] page=10 rows=100 kept=48 total=459
[EMAPI] page=11 rows=100 kept=50 total=509
[EMAPI] page=12 rows=100 kept=51 total=560
[EMAPI] page=13 rows=100 kept=48 total=608
[EMAPI] page=14 rows=100 kept=53 total=661
[EMAPI] page=15 rows=100 kept=48 total=709
[EMAPI] page=16 rows=100 kept=49 total=758
[EMAPI] page=17 rows=100 kept=45 total=803
[EMAPI] page=18 rows=100 kept=50 total=853
[EMAPI] page=19 rows=100 kept=46 total=899
[EMAPI] page=20 rows=100 kept=41 total=940
[EMAPI] page=21 rows=100 kept=31 total=971
[EMAPI] page=22 rows=100 kept=36 total=1007
[EMAPI] page=23 rows=100 kept=47 total=1054
[EMAPI] page=24 rows=100 kept=33 total=1087
[EMAPI] page=25 rows=100 kept=40 total=1127
[SCAN] round=278 market=1127 picks=7 ts=2026-03-23T12:10:35.551Z
[EMAPI] page=1 rows=100 kept=44 total=44
[EMAPI] page=2 rows=100 kept=49 total=93
[EMAPI] page=3 rows=100 kept=44 total=137
[EMAPI] page=4 rows=100 kept=43 total=180
[EMAPI] page=5 rows=100 kept=36 total=216
[EMAPI] page=6 rows=100 kept=51 total=267
[EMAPI] page=7 rows=100 kept=48 total=315
[EMAPI] page=8 rows=100 kept=45 total=360
[EMAPI] page=9 rows=100 kept=51 total=411
[EMAPI] page=10 rows=100 kept=48 total=459
[EMAPI] page=11 rows=100 kept=50 total=509
[EMAPI] page=12 rows=100 kept=51 total=560
[EMAPI] page=13 rows=100 kept=48 total=608
[EMAPI] page=14 rows=100 kept=53 total=661
[EMAPI] page=15 rows=100 kept=48 total=709
[EMAPI] page=16 rows=100 kept=49 total=758
[EMAPI] page=17 rows=100 kept=45 total=803
[EMAPI] page=18 rows=100 kept=50 total=853
[EMAPI] page=19 rows=100 kept=46 total=899
[EMAPI] page=20 rows=100 kept=41 total=940
[EMAPI] page=21 rows=100 kept=31 total=971
[EMAPI] page=22 rows=100 kept=36 total=1007
[EMAPI] page=23 rows=100 kept=47 total=1054
[EMAPI] page=24 rows=100 kept=33 total=1087
[EMAPI] page=25 rows=100 kept=40 total=1127
[SCAN] round=279 market=1127 picks=7 ts=2026-03-23T12:11:36.231Z
[EMAPI] page=1 rows=100 kept=44 total=44
[EMAPI] page=2 rows=100 kept=49 total=93
[EMAPI] page=3 rows=100 kept=44 total=137
[EMAPI] page=4 rows=100 kept=43 total=180
[EMAPI] page=5 rows=100 kept=36 total=216
[EMAPI] page=6 rows=100 kept=51 total=267
[EMAPI] page=7 rows=100 kept=48 total=315
[EMAPI] page=8 rows=100 kept=45 total=360
[EMAPI] page=9 rows=100 kept=51 total=411
[EMAPI] page=10 rows=100 kept=48 total=459
[EMAPI] page=11 rows=100 kept=50 total=509
[EMAPI] page=12 rows=100 kept=51 total=560
[EMAPI] page=13 rows=100 kept=48 total=608
[EMAPI] page=14 rows=100 kept=53 total=661
[EMAPI] page=15 rows=100 kept=48 total=709
[EMAPI] page=16 rows=100 kept=49 total=758
[EMAPI] page=17 rows=100 kept=45 total=803
[EMAPI] page=18 rows=100 kept=50 total=853
[EMAPI] page=19 rows=100 kept=46 total=899
[EMAPI] page=20 rows=100 kept=41 total=940
[EMAPI] page=21 rows=100 kept=31 total=971
[EMAPI] page=22 rows=100 kept=36 total=1007
[EMAPI] page=23 rows=100 kept=47 total=1054
[EMAPI] page=24 rows=100 kept=33 total=1087
[EMAPI] page=25 rows=100 kept=40 total=1127
[SCAN] round=280 market=1127 picks=7 ts=2026-03-23T12:12:35.680Z
[EMAPI] page=1 rows=100 kept=44 total=44
[EMAPI] page=2 rows=100 kept=49 total=93
[EMAPI] page=3 rows=100 kept=44 total=137
[EMAPI] page=4 rows=100 kept=43 total=180
[EMAPI] page=5 rows=100 kept=36 total=216
[EMAPI] page=6 rows=100 kept=51 total=267
[EMAPI] page=7 rows=100 kept=48 total=315
[EMAPI] page=8 rows=100 kept=45 total=360
[EMAPI] page=9 rows=100 kept=51 total=411
[EMAPI] page=10 rows=100 kept=48 total=459
[EMAPI] page=11 rows=100 kept=50 total=509
[EMAPI] page=12 rows=100 kept=51 total=560
[EMAPI] page=13 rows=100 kept=48 total=608
[EMAPI] page=14 rows=100 kept=53 total=661
[EMAPI] page=15 rows=100 kept=48 total=709
[EMAPI] page=16 rows=100 kept=49 total=758
[EMAPI] page=17 rows=100 kept=45 total=803
[EMAPI] page=18 rows=100 kept=50 total=853
[EMAPI] page=19 rows=100 kept=46 total=899
[EMAPI] page=20 rows=100 kept=41 total=940
[EMAPI] page=21 rows=100 kept=31 total=971
[EMAPI] page=22 rows=100 kept=36 total=1007
[EMAPI] page=23 rows=100 kept=47 total=1054
[EMAPI] page=24 rows=100 kept=33 total=1087
[EMAPI] page=25 rows=100 kept=40 total=1127
[SCAN] round=281 market=1127 picks=7 ts=2026-03-23T12:13:36.122Z
[EMAPI] page=1 rows=100 kept=44 total=44
[EMAPI] page=2 rows=100 kept=49 total=93
[EMAPI] page=3 rows=100 kept=44 total=137
[EMAPI] page=4 rows=100 kept=43 total=180
[EMAPI] page=5 rows=100 kept=36 total=216
[EMAPI] page=6 rows=100 kept=51 total=267
[EMAPI] page=7 rows=100 kept=48 total=315
[EMAPI] page=8 rows=100 kept=45 total=360
[EMAPI] page=9 rows=100 kept=51 total=411
[EMAPI] page=10 rows=100 kept=48 total=459
[EMAPI] page=11 rows=100 kept=50 total=509
[EMAPI] page=12 rows=100 kept=51 total=560
[EMAPI] page=13 rows=100 kept=48 total=608
[EMAPI] page=14 rows=100 kept=53 total=661
[EMAPI] page=15 rows=100 kept=48 total=709
[EMAPI] page=16 rows=100 kept=49 total=758
[EMAPI] page=17 rows=100 kept=45 total=803
[EMAPI] page=18 rows=100 kept=50 total=853
[EMAPI] page=19 rows=100 kept=46 total=899
[EMAPI] page=20 rows=100 kept=41 total=940
[EMAPI] page=21 rows=100 kept=31 total=971
[EMAPI] page=22 rows=100 kept=36 total=1007
[EMAPI] page=23 rows=100 kept=47 total=1054
[EMAPI] page=24 rows=100 kept=33 total=1087
[EMAPI] page=25 rows=100 kept=40 total=1127
[SCAN] round=282 market=1127 picks=7 ts=2026-03-23T12:14:35.497Z
[EMAPI] page=1 rows=100 kept=44 total=44
[EMAPI] page=2 rows=100 kept=49 total=93
[EMAPI] page=3 rows=100 kept=44 total=137
[EMAPI] page=4 rows=100 kept=43 total=180
[EMAPI] page=5 rows=100 kept=36 total=216
[EMAPI] page=6 rows=100 kept=51 total=267
[EMAPI] page=7 rows=100 kept=48 total=315
[EMAPI] page=8 rows=100 kept=45 total=360
[EMAPI] page=9 rows=100 kept=51 total=411
[EMAPI] page=10 rows=100 kept=48 total=459
[EMAPI] page=11 rows=100 kept=50 total=509
[EMAPI] page=12 rows=100 kept=51 total=560
[EMAPI] page=13 rows=100 kept=48 total=608
[EMAPI] page=14 rows=100 kept=53 total=661
[EMAPI] page=15 rows=100 kept=48 total=709
[EMAPI] page=16 rows=100 kept=49 total=758
[EMAPI] page=17 rows=100 kept=45 total=803
[EMAPI] page=18 rows=100 kept=50 total=853
[EMAPI] page=19 rows=100 kept=46 total=899
[EMAPI] page=20 rows=100 kept=41 total=940
[EMAPI] page=21 rows=100 kept=31 total=971
[EMAPI] page=22 rows=100 kept=36 total=1007
[EMAPI] page=23 rows=100 kept=47 total=1054
[EMAPI] page=24 rows=100 kept=33 total=1087
[EMAPI] page=25 rows=100 kept=40 total=1127
[SCAN] round=283 market=1127 picks=7 ts=2026-03-23T12:15:35.594Z
[EMAPI] page=1 rows=100 kept=44 total=44
[EMAPI] page=2 rows=100 kept=49 total=93
[EMAPI] page=3 rows=100 kept=44 total=137
[EMAPI] page=4 rows=100 kept=43 total=180
[EMAPI] page=5 rows=100 kept=36 total=216
[EMAPI] page=6 rows=100 kept=51 total=267
[EMAPI] page=7 rows=100 kept=48 total=315
[EMAPI] page=8 rows=100 kept=45 total=360
[EMAPI] page=9 rows=100 kept=51 total=411
[EMAPI] page=10 rows=100 kept=48 total=459
[EMAPI] page=11 rows=100 kept=50 total=509
[EMAPI] page=12 rows=100 kept=51 total=560
[EMAPI] page=13 rows=100 kept=48 total=608
[EMAPI] page=14 rows=100 kept=53 total=661
[EMAPI] page=15 rows=100 kept=48 total=709
[EMAPI] page=16 rows=100 kept=49 total=758
[EMAPI] page=17 rows=100 kept=45 total=803
[EMAPI] page=18 rows=100 kept=50 total=853
[EMAPI] page=19 rows=100 kept=46 total=899
[EMAPI] page=20 rows=100 kept=41 total=940
[EMAPI] page=21 rows=100 kept=31 total=971
[EMAPI] page=22 rows=100 kept=36 total=1007
[EMAPI] page=23 rows=100 kept=47 total=1054
[EMAPI] page=24 rows=100 kept=33 total=1087
[EMAPI] page=25 rows=100 kept=40 total=1127
[SCAN] round=284 market=1127 picks=7 ts=2026-03-23T12:16:35.776Z
[EMAPI] page=1 rows=100 kept=44 total=44
[EMAPI] page=2 rows=100 kept=49 total=93
[EMAPI] page=3 rows=100 kept=44 total=137
[EMAPI] page=4 rows=100 kept=43 total=180
[EMAPI] page=5 rows=100 kept=36 total=216
[EMAPI] page=6 rows=100 kept=51 total=267
[EMAPI] page=7 rows=100 kept=48 total=315
[EMAPI] page=8 rows=100 kept=45 total=360
[EMAPI] page=9 rows=100 kept=51 total=411
[EMAPI] page=10 rows=100 kept=48 total=459
[EMAPI] page=11 rows=100 kept=50 total=509
[EMAPI] page=12 rows=100 kept=51 total=560
[EMAPI] page=13 rows=100 kept=48 total=608
[EMAPI] page=14 rows=100 kept=53 total=661
[EMAPI] page=15 rows=100 kept=48 total=709
[EMAPI] page=16 rows=100 kept=49 total=758
[EMAPI] page=17 rows=100 kept=45 total=803
[EMAPI] page=18 rows=100 kept=50 total=853
[EMAPI] page=19 rows=100 kept=46 total=899
[EMAPI] page=20 rows=100 kept=41 total=940
[EMAPI] page=21 rows=100 kept=31 total=971
[EMAPI] page=22 rows=100 kept=36 total=1007
[EMAPI] page=23 rows=100 kept=47 total=1054
[EMAPI] page=24 rows=100 kept=33 total=1087
[EMAPI] page=25 rows=100 kept=40 total=1127
[SCAN] round=285 market=1127 picks=7 ts=2026-03-23T12:17:35.704Z
[EMAPI] page=1 rows=100 kept=44 total=44
[EMAPI] page=2 rows=100 kept=49 total=93
[EMAPI] page=3 rows=100 kept=44 total=137
[EMAPI] page=4 rows=100 kept=43 total=180
[EMAPI] page=5 rows=100 kept=36 total=216
[EMAPI] page=6 rows=100 kept=51 total=267
[EMAPI] page=7 rows=100 kept=48 total=315
[EMAPI] page=8 rows=100 kept=45 total=360
[EMAPI] page=9 rows=100 kept=51 total=411
[EMAPI] page=10 rows=100 kept=48 total=459
[EMAPI] page=11 rows=100 kept=50 total=509
[EMAPI] page=12 rows=100 kept=51 total=560
[EMAPI] page=13 rows=100 kept=48 total=608
[EMAPI] page=14 rows=100 kept=53 total=661
[EMAPI] page=15 rows=100 kept=48 total=709
[EMAPI] page=16 rows=100 kept=49 total=758
[EMAPI] page=17 rows=100 kept=45 total=803
[EMAPI] page=18 rows=100 kept=50 total=853
[EMAPI] page=19 rows=100 kept=46 total=899
[EMAPI] page=20 rows=100 kept=41 total=940
[EMAPI] page=21 rows=100 kept=31 total=971
[EMAPI] page=22 rows=100 kept=36 total=1007
[EMAPI] page=23 rows=100 kept=47 total=1054
[EMAPI] page=24 rows=100 kept=33 total=1087
[EMAPI] page=25 rows=100 kept=40 total=1127
[SCAN] round=286 market=1127 picks=7 ts=2026-03-23T12:18:36.419Z
[EMAPI] page=1 rows=100 kept=44 total=44
[EMAPI] page=2 rows=100 kept=49 total=93
[EMAPI] page=3 rows=100 kept=44 total=137
[EMAPI] page=4 rows=100 kept=43 total=180
[EMAPI] page=5 rows=100 kept=36 total=216
[EMAPI] page=6 rows=100 kept=51 total=267
[EMAPI] page=7 rows=100 kept=48 total=315
[EMAPI] page=8 rows=100 kept=45 total=360
[EMAPI] page=9 rows=100 kept=51 total=411
[EMAPI] page=10 rows=100 kept=48 total=459
[EMAPI] page=11 rows=100 kept=50 total=509
[EMAPI] page=12 rows=100 kept=51 total=560
[EMAPI] page=13 rows=100 kept=48 total=608
[EMAPI] page=14 rows=100 kept=53 total=661
[EMAPI] page=15 rows=100 kept=48 total=709
[EMAPI] page=16 rows=100 kept=49 total=758
[EMAPI] page=17 rows=100 kept=45 total=803
[EMAPI] page=18 rows=100 kept=50 total=853
[EMAPI] page=19 rows=100 kept=46 total=899
[EMAPI] page=20 rows=100 kept=41 total=940
[EMAPI] page=21 rows=100 kept=31 total=971
[EMAPI] page=22 rows=100 kept=36 total=1007
[EMAPI] page=23 rows=100 kept=47 total=1054
[EMAPI] page=24 rows=100 kept=33 total=1087
[EMAPI] page=25 rows=100 kept=40 total=1127
[SCAN] round=287 market=1127 picks=7 ts=2026-03-23T12:19:35.800Z
[EMAPI] page=1 rows=100 kept=44 total=44
[EMAPI] page=2 rows=100 kept=49 total=93
[EMAPI] page=3 rows=100 kept=44 total=137
[EMAPI] page=4 rows=100 kept=43 total=180
[EMAPI] page=5 rows=100 kept=36 total=216
[EMAPI] page=6 rows=100 kept=51 total=267
[EMAPI] page=7 rows=100 kept=48 total=315
[EMAPI] page=8 rows=100 kept=45 total=360
[EMAPI] page=9 rows=100 kept=51 total=411
[EMAPI] page=10 rows=100 kept=48 total=459
[EMAPI] page=11 rows=100 kept=50 total=509
[EMAPI] page=12 rows=100 kept=51 total=560
[EMAPI] page=13 rows=100 kept=48 total=608
[EMAPI] page=14 rows=100 kept=53 total=661
[EMAPI] page=15 rows=100 kept=48 total=709
[EMAPI] page=16 rows=100 kept=49 total=758
[EMAPI] page=17 rows=100 kept=45 total=803
[EMAPI] page=18 rows=100 kept=50 total=853
[EMAPI] page=19 rows=100 kept=46 total=899
[EMAPI] page=20 rows=100 kept=41 total=940
[EMAPI] page=21 rows=100 kept=31 total=971
[EMAPI] page=22 rows=100 kept=36 total=1007
[EMAPI] page=23 rows=100 kept=47 total=1054
[EMAPI] page=24 rows=100 kept=33 total=1087
[EMAPI] page=25 rows=100 kept=40 total=1127
[SCAN] round=288 market=1127 picks=7 ts=2026-03-23T12:20:35.708Z
[EMAPI] page=1 rows=100 kept=44 total=44
[EMAPI] page=2 rows=100 kept=49 total=93
[EMAPI] page=3 rows=100 kept=44 total=137
[EMAPI] page=4 rows=100 kept=43 total=180
[EMAPI] page=5 rows=100 kept=36 total=216
[EMAPI] page=6 rows=100 kept=51 total=267
[EMAPI] page=7 rows=100 kept=48 total=315
[EMAPI] page=8 rows=100 kept=45 total=360
[EMAPI] page=9 rows=100 kept=51 total=411
[EMAPI] page=10 rows=100 kept=48 total=459
[EMAPI] page=11 rows=100 kept=50 total=509
[EMAPI] page=12 rows=100 kept=51 total=560
[EMAPI] page=13 rows=100 kept=48 total=608
[EMAPI] page=14 rows=100 kept=53 total=661
[EMAPI] page=15 rows=100 kept=48 total=709
[EMAPI] page=16 rows=100 kept=49 total=758
[EMAPI] page=17 rows=100 kept=45 total=803
[EMAPI] page=18 rows=100 kept=50 total=853
[EMAPI] page=19 rows=100 kept=46 total=899
[EMAPI] page=20 rows=100 kept=41 total=940
[EMAPI] page=21 rows=100 kept=31 total=971
[EMAPI] page=22 rows=100 kept=36 total=1007
[EMAPI] page=23 rows=100 kept=47 total=1054
[EMAPI] page=24 rows=100 kept=33 total=1087
[EMAPI] page=25 rows=100 kept=40 total=1127
[SCAN] round=289 market=1127 picks=7 ts=2026-03-23T12:21:35.959Z
[EMAPI] page=1 rows=100 kept=44 total=44
[EMAPI] page=2 rows=100 kept=49 total=93
[EMAPI] page=3 rows=100 kept=44 total=137
[EMAPI] page=4 rows=100 kept=43 total=180
[EMAPI] page=5 rows=100 kept=36 total=216
[EMAPI] page=6 rows=100 kept=51 total=267
[EMAPI] page=7 rows=100 kept=48 total=315
[EMAPI] page=8 rows=100 kept=45 total=360
[EMAPI] page=9 rows=100 kept=51 total=411
[EMAPI] page=10 rows=100 kept=48 total=459
[EMAPI] page=11 rows=100 kept=50 total=509
[EMAPI] page=12 rows=100 kept=51 total=560
[EMAPI] page=13 rows=100 kept=48 total=608
[EMAPI] page=14 rows=100 kept=53 total=661
[EMAPI] page=15 rows=100 kept=48 total=709
[EMAPI] page=16 rows=100 kept=49 total=758
[EMAPI] page=17 rows=100 kept=45 total=803
[EMAPI] page=18 rows=100 kept=50 total=853
[EMAPI] page=19 rows=100 kept=46 total=899
[EMAPI] page=20 rows=100 kept=41 total=940
[EMAPI] page=21 rows=100 kept=31 total=971
[EMAPI] page=22 rows=100 kept=36 total=1007
[EMAPI] page=23 rows=100 kept=47 total=1054
[EMAPI] page=24 rows=100 kept=33 total=1087
[EMAPI] page=25 rows=100 kept=40 total=1127
[SCAN] round=290 market=1127 picks=7 ts=2026-03-23T12:22:35.752Z
[EMAPI] page=1 rows=100 kept=44 total=44
[EMAPI] page=2 rows=100 kept=49 total=93
[EMAPI] page=3 rows=100 kept=44 total=137
[EMAPI] page=4 rows=100 kept=43 total=180
[EMAPI] page=5 rows=100 kept=36 total=216
[EMAPI] page=6 rows=100 kept=51 total=267
[EMAPI] page=7 rows=100 kept=48 total=315
[EMAPI] page=8 rows=100 kept=45 total=360
[EMAPI] page=9 rows=100 kept=51 total=411
[EMAPI] page=10 rows=100 kept=48 total=459
[EMAPI] page=11 rows=100 kept=50 total=509
[EMAPI] page=12 rows=100 kept=51 total=560
[EMAPI] page=13 rows=100 kept=48 total=608
[EMAPI] page=14 rows=100 kept=53 total=661
[EMAPI] page=15 rows=100 kept=48 total=709
[EMAPI] page=16 rows=100 kept=49 total=758
[EMAPI] page=17 rows=100 kept=45 total=803
[EMAPI] page=18 rows=100 kept=50 total=853
[EMAPI] page=19 rows=100 kept=46 total=899
[EMAPI] page=20 rows=100 kept=41 total=940
[EMAPI] page=21 rows=100 kept=31 total=971
[EMAPI] page=22 rows=100 kept=36 total=1007
[EMAPI] page=23 rows=100 kept=47 total=1054
[EMAPI] page=24 rows=100 kept=33 total=1087
[EMAPI] page=25 rows=100 kept=40 total=1127
[SCAN] round=291 market=1127 picks=7 ts=2026-03-23T12:23:35.877Z
[EMAPI] page=1 rows=100 kept=44 total=44
[EMAPI] page=2 rows=100 kept=49 total=93
[EMAPI] page=3 rows=100 kept=44 total=137
[EMAPI] page=4 rows=100 kept=43 total=180
[EMAPI] page=5 rows=100 kept=36 total=216
[EMAPI] page=6 rows=100 kept=51 total=267
[EMAPI] page=7 rows=100 kept=48 total=315
[EMAPI] page=8 rows=100 kept=45 total=360
[EMAPI] page=9 rows=100 kept=51 total=411
[EMAPI] page=10 rows=100 kept=48 total=459
[EMAPI] page=11 rows=100 kept=50 total=509
[EMAPI] page=12 rows=100 kept=51 total=560
[EMAPI] page=13 rows=100 kept=48 total=608
[EMAPI] page=14 rows=100 kept=53 total=661
[EMAPI] page=15 rows=100 kept=48 total=709
[EMAPI] page=16 rows=100 kept=49 total=758
[EMAPI] page=17 rows=100 kept=45 total=803
[EMAPI] page=18 rows=100 kept=50 total=853
[EMAPI] page=19 rows=100 kept=46 total=899
[EMAPI] page=20 rows=100 kept=41 total=940
[EMAPI] page=21 rows=100 kept=31 total=971
[EMAPI] page=22 rows=100 kept=36 total=1007
[EMAPI] page=23 rows=100 kept=47 total=1054
[EMAPI] page=24 rows=100 kept=33 total=1087
[EMAPI] page=25 rows=100 kept=40 total=1127
[SCAN] round=292 market=1127 picks=7 ts=2026-03-23T12:24:35.887Z
[EMAPI] page=1 rows=100 kept=44 total=44
[EMAPI] page=2 rows=100 kept=49 total=93
[EMAPI] page=3 rows=100 kept=44 total=137
[EMAPI] page=4 rows=100 kept=43 total=180
[EMAPI] page=5 rows=100 kept=36 total=216
[EMAPI] page=6 rows=100 kept=51 total=267
[EMAPI] page=7 rows=100 kept=48 total=315
[EMAPI] page=8 rows=100 kept=45 total=360
[EMAPI] page=9 rows=100 kept=51 total=411
[EMAPI] page=10 rows=100 kept=48 total=459
[EMAPI] page=11 rows=100 kept=50 total=509
[EMAPI] page=12 rows=100 kept=51 total=560
[EMAPI] page=13 rows=100 kept=48 total=608
[EMAPI] page=14 rows=100 kept=53 total=661
[EMAPI] page=15 rows=100 kept=48 total=709
[EMAPI] page=16 rows=100 kept=49 total=758
[EMAPI] page=17 rows=100 kept=45 total=803
[EMAPI] page=18 rows=100 kept=50 total=853
[EMAPI] page=19 rows=100 kept=46 total=899
[EMAPI] page=20 rows=100 kept=41 total=940
[EMAPI] page=21 rows=100 kept=31 total=971
[EMAPI] page=22 rows=100 kept=36 total=1007
[EMAPI] page=23 rows=100 kept=47 total=1054
[EMAPI] page=24 rows=100 kept=33 total=1087
[EMAPI] page=25 rows=100 kept=40 total=1127
[SCAN] round=293 market=1127 picks=7 ts=2026-03-23T12:25:35.664Z
[EMAPI] page=1 rows=100 kept=44 total=44
[EMAPI] page=2 rows=100 kept=49 total=93
[EMAPI] page=3 rows=100 kept=44 total=137
[EMAPI] page=4 rows=100 kept=43 total=180
[EMAPI] page=5 rows=100 kept=36 total=216
[EMAPI] page=6 rows=100 kept=51 total=267
[EMAPI] page=7 rows=100 kept=48 total=315
[EMAPI] page=8 rows=100 kept=45 total=360
[EMAPI] page=9 rows=100 kept=51 total=411
[EMAPI] page=10 rows=100 kept=48 total=459
[EMAPI] page=11 rows=100 kept=50 total=509
[EMAPI] page=12 rows=100 kept=51 total=560
[EMAPI] page=13 rows=100 kept=48 total=608
[EMAPI] page=14 rows=100 kept=53 total=661
[EMAPI] page=15 rows=100 kept=48 total=709
[EMAPI] page=16 rows=100 kept=49 total=758
[EMAPI] page=17 rows=100 kept=45 total=803
[EMAPI] page=18 rows=100 kept=50 total=853
[EMAPI] page=19 rows=100 kept=46 total=899
[EMAPI] page=20 rows=100 kept=41 total=940
[EMAPI] page=21 rows=100 kept=31 total=971
[EMAPI] page=22 rows=100 kept=36 total=1007
[EMAPI] page=23 rows=100 kept=47 total=1054
[EMAPI] page=24 rows=100 kept=33 total=1087
[EMAPI] page=25 rows=100 kept=40 total=1127
[SCAN] round=294 market=1127 picks=7 ts=2026-03-23T12:26:35.705Z
[EMAPI] page=1 rows=100 kept=44 total=44
[EMAPI] page=2 rows=100 kept=49 total=93
[EMAPI] page=3 rows=100 kept=44 total=137
[EMAPI] page=4 rows=100 kept=43 total=180
[EMAPI] page=5 rows=100 kept=36 total=216
[EMAPI] page=6 rows=100 kept=51 total=267
[EMAPI] page=7 rows=100 kept=48 total=315
[EMAPI] page=8 rows=100 kept=45 total=360
[EMAPI] page=9 rows=100 kept=51 total=411
[EMAPI] page=10 rows=100 kept=48 total=459
[EMAPI] page=11 rows=100 kept=50 total=509
[EMAPI] page=12 rows=100 kept=51 total=560
[EMAPI] page=13 rows=100 kept=48 total=608
[EMAPI] page=14 rows=100 kept=53 total=661
[EMAPI] page=15 rows=100 kept=48 total=709
[EMAPI] page=16 rows=100 kept=49 total=758
[EMAPI] page=17 rows=100 kept=45 total=803
[EMAPI] page=18 rows=100 kept=50 total=853
[EMAPI] page=19 rows=100 kept=46 total=899
[EMAPI] page=20 rows=100 kept=41 total=940
[EMAPI] page=21 rows=100 kept=31 total=971
[EMAPI] page=22 rows=100 kept=36 total=1007
[EMAPI] page=23 rows=100 kept=47 total=1054
[EMAPI] page=24 rows=100 kept=33 total=1087
[EMAPI] page=25 rows=100 kept=40 total=1127
[SCAN] round=295 market=1127 picks=7 ts=2026-03-23T12:27:36.434Z
[EMAPI] page=1 rows=100 kept=44 total=44
[EMAPI] page=2 rows=100 kept=49 total=93
[EMAPI] page=3 rows=100 kept=44 total=137
[EMAPI] page=4 rows=100 kept=43 total=180
[EMAPI] page=5 rows=100 kept=36 total=216
[EMAPI] page=6 rows=100 kept=51 total=267
[EMAPI] page=7 rows=100 kept=48 total=315
[EMAPI] page=8 rows=100 kept=45 total=360
[EMAPI] page=9 rows=100 kept=51 total=411
[EMAPI] page=10 rows=100 kept=48 total=459
[EMAPI] page=11 rows=100 kept=50 total=509
[EMAPI] page=12 rows=100 kept=51 total=560
[EMAPI] page=13 rows=100 kept=48 total=608
[EMAPI] page=14 rows=100 kept=53 total=661
[EMAPI] page=15 rows=100 kept=48 total=709
[EMAPI] page=16 rows=100 kept=49 total=758
[EMAPI] page=17 rows=100 kept=45 total=803
[EMAPI] page=18 rows=100 kept=50 total=853
[EMAPI] page=19 rows=100 kept=46 total=899
[EMAPI] page=20 rows=100 kept=41 total=940
[EMAPI] page=21 rows=100 kept=31 total=971
[EMAPI] page=22 rows=100 kept=36 total=1007
[EMAPI] page=23 rows=100 kept=47 total=1054
[EMAPI] page=24 rows=100 kept=33 total=1087
[EMAPI] page=25 rows=100 kept=40 total=1127
[SCAN] round=296 market=1127 picks=7 ts=2026-03-23T12:28:35.762Z
[EMAPI] page=1 rows=100 kept=44 total=44
[EMAPI] page=2 rows=100 kept=49 total=93
[EMAPI] page=3 rows=100 kept=44 total=137
[EMAPI] page=4 rows=100 kept=43 total=180
[EMAPI] page=5 rows=100 kept=36 total=216
[EMAPI] page=6 rows=100 kept=51 total=267
[EMAPI] page=7 rows=100 kept=48 total=315
[EMAPI] page=8 rows=100 kept=45 total=360
[EMAPI] page=9 rows=100 kept=51 total=411
[EMAPI] page=10 rows=100 kept=48 total=459
[EMAPI] page=11 rows=100 kept=50 total=509
[EMAPI] page=12 rows=100 kept=51 total=560
[EMAPI] page=13 rows=100 kept=48 total=608
[EMAPI] page=14 rows=100 kept=53 total=661
[EMAPI] page=15 rows=100 kept=48 total=709
[EMAPI] page=16 rows=100 kept=49 total=758
[EMAPI] page=17 rows=100 kept=45 total=803
[EMAPI] page=18 rows=100 kept=50 total=853
[EMAPI] page=19 rows=100 kept=46 total=899
[EMAPI] page=20 rows=100 kept=41 total=940
[EMAPI] page=21 rows=100 kept=31 total=971
[EMAPI] page=22 rows=100 kept=36 total=1007
[EMAPI] page=23 rows=100 kept=47 total=1054
[EMAPI] page=24 rows=100 kept=33 total=1087
[EMAPI] page=25 rows=100 kept=40 total=1127
[SCAN] round=297 market=1127 picks=7 ts=2026-03-23T12:29:35.561Z
[EMAPI] page=1 rows=100 kept=44 total=44
[EMAPI] page=2 rows=100 kept=49 total=93
[EMAPI] page=3 rows=100 kept=44 total=137
[EMAPI] page=4 rows=100 kept=43 total=180
[EMAPI] page=5 rows=100 kept=36 total=216
[EMAPI] page=6 rows=100 kept=51 total=267
[EMAPI] page=7 rows=100 kept=48 total=315
[EMAPI] page=8 rows=100 kept=45 total=360
[EMAPI] page=9 rows=100 kept=51 total=411
[EMAPI] page=10 rows=100 kept=48 total=459
[EMAPI] page=11 rows=100 kept=50 total=509
[EMAPI] page=12 rows=100 kept=51 total=560
[EMAPI] page=13 rows=100 kept=48 total=608
[EMAPI] page=14 rows=100 kept=53 total=661
[EMAPI] page=15 rows=100 kept=48 total=709
[EMAPI] page=16 rows=100 kept=49 total=758
[EMAPI] page=17 rows=100 kept=45 total=803
[EMAPI] page=18 rows=100 kept=50 total=853
[EMAPI] page=19 rows=100 kept=46 total=899
[EMAPI] page=20 rows=100 kept=41 total=940
[EMAPI] page=21 rows=100 kept=31 total=971
[EMAPI] page=22 rows=100 kept=36 total=1007
[EMAPI] page=23 rows=100 kept=47 total=1054
[EMAPI] page=24 rows=100 kept=33 total=1087
[EMAPI] page=25 rows=100 kept=40 total=1127
[SCAN] round=298 market=1127 picks=7 ts=2026-03-23T12:30:36.367Z
[EMAPI] page=1 rows=100 kept=44 total=44
[EMAPI] page=2 rows=100 kept=49 total=93
[EMAPI] page=3 rows=100 kept=44 total=137
[EMAPI] page=4 rows=100 kept=43 total=180
[EMAPI] page=5 rows=100 kept=36 total=216
[EMAPI] page=6 rows=100 kept=51 total=267
[EMAPI] page=7 rows=100 kept=48 total=315
[EMAPI] page=8 rows=100 kept=45 total=360
[EMAPI] page=9 rows=100 kept=51 total=411
[EMAPI] page=10 rows=100 kept=48 total=459
[EMAPI] page=11 rows=100 kept=50 total=509
[EMAPI] page=12 rows=100 kept=51 total=560
[EMAPI] page=13 rows=100 kept=48 total=608
[EMAPI] page=14 rows=100 kept=53 total=661
[EMAPI] page=15 rows=100 kept=48 total=709
[EMAPI] page=16 rows=100 kept=49 total=758
[EMAPI] page=17 rows=100 kept=45 total=803
[EMAPI] page=18 rows=100 kept=50 total=853
[EMAPI] page=19 rows=100 kept=46 total=899
[EMAPI] page=20 rows=100 kept=41 total=940
[EMAPI] page=21 rows=100 kept=31 total=971
[EMAPI] page=22 rows=100 kept=36 total=1007
[EMAPI] page=23 rows=100 kept=47 total=1054
[EMAPI] page=24 rows=100 kept=33 total=1087
[EMAPI] page=25 rows=100 kept=40 total=1127
[SCAN] round=299 market=1127 picks=7 ts=2026-03-23T12:31:36.763Z
[EMAPI] page=1 rows=100 kept=44 total=44
[EMAPI] page=2 rows=100 kept=49 total=93
[EMAPI] page=3 rows=100 kept=44 total=137
[EMAPI] page=4 rows=100 kept=43 total=180
[EMAPI] page=5 rows=100 kept=36 total=216
[EMAPI] page=6 rows=100 kept=51 total=267
[EMAPI] page=7 rows=100 kept=48 total=315
[EMAPI] page=8 rows=100 kept=45 total=360
[EMAPI] page=9 rows=100 kept=51 total=411
[EMAPI] page=10 rows=100 kept=48 total=459
[EMAPI] page=11 rows=100 kept=50 total=509
[EMAPI] page=12 rows=100 kept=51 total=560
[EMAPI] page=13 rows=100 kept=48 total=608
[EMAPI] page=14 rows=100 kept=53 total=661
[EMAPI] page=15 rows=100 kept=48 total=709
[EMAPI] page=16 rows=100 kept=49 total=758
[EMAPI] page=17 rows=100 kept=45 total=803
[EMAPI] page=18 rows=100 kept=50 total=853
[EMAPI] page=19 rows=100 kept=46 total=899
[EMAPI] page=20 rows=100 kept=41 total=940
[EMAPI] page=21 rows=100 kept=31 total=971
[EMAPI] page=22 rows=100 kept=36 total=1007
[EMAPI] page=23 rows=100 kept=47 total=1054
[EMAPI] page=24 rows=100 kept=33 total=1087
[EMAPI] page=25 rows=100 kept=40 total=1127
[SCAN] round=300 market=1127 picks=7 ts=2026-03-23T12:32:35.980Z
[EMAPI] page=1 rows=100 kept=44 total=44
[EMAPI] page=2 rows=100 kept=49 total=93
[EMAPI] page=3 rows=100 kept=44 total=137
[EMAPI] page=4 rows=100 kept=43 total=180
[EMAPI] page=5 rows=100 kept=36 total=216
[EMAPI] page=6 rows=100 kept=51 total=267
[EMAPI] page=7 rows=100 kept=48 total=315
[EMAPI] page=8 rows=100 kept=45 total=360
[EMAPI] page=9 rows=100 kept=51 total=411
[EMAPI] page=10 rows=100 kept=48 total=459
[EMAPI] page=11 rows=100 kept=50 total=509
[EMAPI] page=12 rows=100 kept=51 total=560
[EMAPI] page=13 rows=100 kept=48 total=608
[EMAPI] page=14 rows=100 kept=53 total=661
[EMAPI] page=15 rows=100 kept=48 total=709
[EMAPI] page=16 rows=100 kept=49 total=758
[EMAPI] page=17 rows=100 kept=45 total=803
[EMAPI] page=18 rows=100 kept=50 total=853
[EMAPI] page=19 rows=100 kept=46 total=899
[EMAPI] page=20 rows=100 kept=41 total=940
[EMAPI] page=21 rows=100 kept=31 total=971
[EMAPI] page=22 rows=100 kept=36 total=1007
[EMAPI] page=23 rows=100 kept=47 total=1054
[EMAPI] page=24 rows=100 kept=33 total=1087
[EMAPI] page=25 rows=100 kept=40 total=1127
[SCAN] round=301 market=1127 picks=7 ts=2026-03-23T12:33:36.266Z
[EMAPI] page=1 rows=100 kept=44 total=44
[EMAPI] page=2 rows=100 kept=49 total=93
[EMAPI] page=3 rows=100 kept=44 total=137
[EMAPI] page=4 rows=100 kept=43 total=180
[EMAPI] page=5 rows=100 kept=36 total=216
[EMAPI] page=6 rows=100 kept=51 total=267
[EMAPI] page=7 rows=100 kept=48 total=315
[EMAPI] page=8 rows=100 kept=45 total=360
[EMAPI] page=9 rows=100 kept=51 total=411
[EMAPI] page=10 rows=100 kept=48 total=459
[EMAPI] page=11 rows=100 kept=50 total=509
[EMAPI] page=12 rows=100 kept=51 total=560
[EMAPI] page=13 rows=100 kept=48 total=608
[EMAPI] page=14 rows=100 kept=53 total=661
[EMAPI] page=15 rows=100 kept=48 total=709
[EMAPI] page=16 rows=100 kept=49 total=758
[EMAPI] page=17 rows=100 kept=45 total=803
[EMAPI] page=18 rows=100 kept=50 total=853
[EMAPI] page=19 rows=100 kept=46 total=899
[EMAPI] page=20 rows=100 kept=41 total=940
[EMAPI] page=21 rows=100 kept=31 total=971
[EMAPI] page=22 rows=100 kept=36 total=1007
[EMAPI] page=23 rows=100 kept=47 total=1054
[EMAPI] page=24 rows=100 kept=33 total=1087
[EMAPI] page=25 rows=100 kept=40 total=1127
[SCAN] round=302 market=1127 picks=7 ts=2026-03-23T12:34:36.055Z
[EMAPI] page=1 rows=100 kept=44 total=44
[EMAPI] page=2 rows=100 kept=49 total=93
[EMAPI] page=3 rows=100 kept=44 total=137
[EMAPI] page=4 rows=100 kept=43 total=180
[EMAPI] page=5 rows=100 kept=36 total=216
[EMAPI] page=6 rows=100 kept=51 total=267
[EMAPI] page=7 rows=100 kept=48 total=315
[EMAPI] page=8 rows=100 kept=45 total=360
[EMAPI] page=9 rows=100 kept=51 total=411
[EMAPI] page=10 rows=100 kept=48 total=459
[EMAPI] page=11 rows=100 kept=50 total=509
[EMAPI] page=12 rows=100 kept=51 total=560
[EMAPI] page=13 rows=100 kept=48 total=608
[EMAPI] page=14 rows=100 kept=53 total=661
[EMAPI] page=15 rows=100 kept=48 total=709
[EMAPI] page=16 rows=100 kept=49 total=758
[EMAPI] page=17 rows=100 kept=45 total=803
[EMAPI] page=18 rows=100 kept=50 total=853
[EMAPI] page=19 rows=100 kept=46 total=899
[EMAPI] page=20 rows=100 kept=41 total=940
[EMAPI] page=21 rows=100 kept=31 total=971
[EMAPI] page=22 rows=100 kept=36 total=1007
[EMAPI] page=23 rows=100 kept=47 total=1054
[EMAPI] page=24 rows=100 kept=33 total=1087
[EMAPI] page=25 rows=100 kept=40 total=1127
[SCAN] round=303 market=1127 picks=7 ts=2026-03-23T12:35:36.672Z
[EMAPI] page=1 rows=100 kept=44 total=44
[EMAPI] page=2 rows=100 kept=49 total=93
[EMAPI] page=3 rows=100 kept=44 total=137
[EMAPI] page=4 rows=100 kept=43 total=180
[EMAPI] page=5 rows=100 kept=36 total=216
[EMAPI] page=6 rows=100 kept=51 total=267
[EMAPI] page=7 rows=100 kept=48 total=315
[EMAPI] page=8 rows=100 kept=45 total=360
[EMAPI] page=9 rows=100 kept=51 total=411
[EMAPI] page=10 rows=100 kept=48 total=459
[EMAPI] page=11 rows=100 kept=50 total=509
[EMAPI] page=12 rows=100 kept=51 total=560
[EMAPI] page=13 rows=100 kept=48 total=608
[EMAPI] page=14 rows=100 kept=53 total=661
[EMAPI] page=15 rows=100 kept=48 total=709
[EMAPI] page=16 rows=100 kept=49 total=758
[EMAPI] page=17 rows=100 kept=45 total=803
[EMAPI] page=18 rows=100 kept=50 total=853
[EMAPI] page=19 rows=100 kept=46 total=899
[EMAPI] page=20 rows=100 kept=41 total=940
[EMAPI] page=21 rows=100 kept=31 total=971
[EMAPI] page=22 rows=100 kept=36 total=1007
[EMAPI] page=23 rows=100 kept=47 total=1054
[EMAPI] page=24 rows=100 kept=33 total=1087
[EMAPI] page=25 rows=100 kept=40 total=1127
[SCAN] round=304 market=1127 picks=7 ts=2026-03-23T12:36:36.309Z
[EMAPI] page=1 rows=100 kept=44 total=44
[EMAPI] page=2 rows=100 kept=49 total=93
[EMAPI] page=3 rows=100 kept=44 total=137
[EMAPI] page=4 rows=100 kept=43 total=180
[EMAPI] page=5 rows=100 kept=36 total=216
[EMAPI] page=6 rows=100 kept=51 total=267
[EMAPI] page=7 rows=100 kept=48 total=315
[EMAPI] page=8 rows=100 kept=45 total=360
[EMAPI] page=9 rows=100 kept=51 total=411
[EMAPI] page=10 rows=100 kept=48 total=459
[EMAPI] page=11 rows=100 kept=50 total=509
[EMAPI] page=12 rows=100 kept=51 total=560
[EMAPI] page=13 rows=100 kept=48 total=608
[EMAPI] page=14 rows=100 kept=53 total=661
[EMAPI] page=15 rows=100 kept=48 total=709
[EMAPI] page=16 rows=100 kept=49 total=758
[EMAPI] page=17 rows=100 kept=45 total=803
[EMAPI] page=18 rows=100 kept=50 total=853
[EMAPI] page=19 rows=100 kept=46 total=899
[EMAPI] page=20 rows=100 kept=41 total=940
[EMAPI] page=21 rows=100 kept=31 total=971
[EMAPI] page=22 rows=100 kept=36 total=1007
[EMAPI] page=23 rows=100 kept=47 total=1054
[EMAPI] page=24 rows=100 kept=33 total=1087
[EMAPI] page=25 rows=100 kept=40 total=1127
[SCAN] round=305 market=1127 picks=7 ts=2026-03-23T12:37:35.670Z
[EMAPI] page=1 rows=100 kept=44 total=44
[EMAPI] page=2 rows=100 kept=49 total=93
[EMAPI] page=3 rows=100 kept=44 total=137
[EMAPI] page=4 rows=100 kept=43 total=180
[EMAPI] page=5 rows=100 kept=36 total=216
[EMAPI] page=6 rows=100 kept=51 total=267
[EMAPI] page=7 rows=100 kept=48 total=315
[EMAPI] page=8 rows=100 kept=45 total=360
[EMAPI] page=9 rows=100 kept=51 total=411
[EMAPI] page=10 rows=100 kept=48 total=459
[EMAPI] page=11 rows=100 kept=50 total=509
[EMAPI] page=12 rows=100 kept=51 total=560
[EMAPI] page=13 rows=100 kept=48 total=608
[EMAPI] page=14 rows=100 kept=53 total=661
[EMAPI] page=15 rows=100 kept=48 total=709
[EMAPI] page=16 rows=100 kept=49 total=758
[EMAPI] page=17 rows=100 kept=45 total=803
[EMAPI] page=18 rows=100 kept=50 total=853
[EMAPI] page=19 rows=100 kept=46 total=899
[EMAPI] page=20 rows=100 kept=41 total=940
[EMAPI] page=21 rows=100 kept=31 total=971
[EMAPI] page=22 rows=100 kept=36 total=1007
[EMAPI] page=23 rows=100 kept=47 total=1054
[EMAPI] page=24 rows=100 kept=33 total=1087
[EMAPI] page=25 rows=100 kept=40 total=1127
[SCAN] round=306 market=1127 picks=7 ts=2026-03-23T12:38:35.157Z
[EMAPI] page=1 rows=100 kept=44 total=44
[EMAPI] page=2 rows=100 kept=49 total=93
[EMAPI] page=3 rows=100 kept=44 total=137
[EMAPI] page=4 rows=100 kept=43 total=180
[EMAPI] page=5 rows=100 kept=36 total=216
[EMAPI] page=6 rows=100 kept=51 total=267
[EMAPI] page=7 rows=100 kept=48 total=315
[EMAPI] page=8 rows=100 kept=45 total=360
[EMAPI] page=9 rows=100 kept=51 total=411
[EMAPI] page=10 rows=100 kept=48 total=459
[EMAPI] page=11 rows=100 kept=50 total=509
[EMAPI] page=12 rows=100 kept=51 total=560
[EMAPI] page=13 rows=100 kept=48 total=608
[EMAPI] page=14 rows=100 kept=53 total=661
[EMAPI] page=15 rows=100 kept=48 total=709
[EMAPI] page=16 rows=100 kept=49 total=758
[EMAPI] page=17 rows=100 kept=45 total=803
[EMAPI] page=18 rows=100 kept=50 total=853
[EMAPI] page=19 rows=100 kept=46 total=899
[EMAPI] page=20 rows=100 kept=41 total=940
[EMAPI] page=21 rows=100 kept=31 total=971
[EMAPI] page=22 rows=100 kept=36 total=1007
[EMAPI] page=23 rows=100 kept=47 total=1054
[EMAPI] page=24 rows=100 kept=33 total=1087
[EMAPI] page=25 rows=100 kept=40 total=1127
[SCAN] round=307 market=1127 picks=7 ts=2026-03-23T12:39:35.328Z
[EMAPI] page=1 rows=100 kept=44 total=44
[EMAPI] page=2 rows=100 kept=49 total=93
[EMAPI] page=3 rows=100 kept=44 total=137
[EMAPI] page=4 rows=100 kept=43 total=180
[EMAPI] page=5 rows=100 kept=36 total=216
[EMAPI] page=6 rows=100 kept=51 total=267
[EMAPI] page=7 rows=100 kept=48 total=315
[EMAPI] page=8 rows=100 kept=45 total=360
[EMAPI] page=9 rows=100 kept=51 total=411
[EMAPI] page=10 rows=100 kept=48 total=459
[EMAPI] page=11 rows=100 kept=50 total=509
[EMAPI] page=12 rows=100 kept=51 total=560
[EMAPI] page=13 rows=100 kept=48 total=608
[EMAPI] page=14 rows=100 kept=53 total=661
[EMAPI] page=15 rows=100 kept=48 total=709
[EMAPI] page=16 rows=100 kept=49 total=758
[EMAPI] page=17 rows=100 kept=45 total=803
[EMAPI] page=18 rows=100 kept=50 total=853
[EMAPI] page=19 rows=100 kept=46 total=899
[EMAPI] page=20 rows=100 kept=41 total=940
[EMAPI] page=21 rows=100 kept=31 total=971
[EMAPI] page=22 rows=100 kept=36 total=1007
[EMAPI] page=23 rows=100 kept=47 total=1054
[EMAPI] page=24 rows=100 kept=33 total=1087
[EMAPI] page=25 rows=100 kept=40 total=1127
[SCAN] round=308 market=1127 picks=7 ts=2026-03-23T12:40:36.316Z
[EMAPI] page=1 rows=100 kept=44 total=44
[EMAPI] page=2 rows=100 kept=49 total=93
[EMAPI] page=3 rows=100 kept=44 total=137
[EMAPI] page=4 rows=100 kept=43 total=180
[EMAPI] page=5 rows=100 kept=36 total=216
[EMAPI] page=6 rows=100 kept=51 total=267
[EMAPI] page=7 rows=100 kept=48 total=315
[EMAPI] page=8 rows=100 kept=45 total=360
[EMAPI] page=9 rows=100 kept=51 total=411
[EMAPI] page=10 rows=100 kept=48 total=459
[EMAPI] page=11 rows=100 kept=50 total=509
[EMAPI] page=12 rows=100 kept=51 total=560
[EMAPI] page=13 rows=100 kept=48 total=608
[EMAPI] page=14 rows=100 kept=53 total=661
[EMAPI] page=15 rows=100 kept=48 total=709
[EMAPI] page=16 rows=100 kept=49 total=758
[EMAPI] page=17 rows=100 kept=45 total=803
[EMAPI] page=18 rows=100 kept=50 total=853
[EMAPI] page=19 rows=100 kept=46 total=899
[EMAPI] page=20 rows=100 kept=41 total=940
[EMAPI] page=21 rows=100 kept=31 total=971
[EMAPI] page=22 rows=100 kept=36 total=1007
[EMAPI] page=23 rows=100 kept=47 total=1054
[EMAPI] page=24 rows=100 kept=33 total=1087
[EMAPI] page=25 rows=100 kept=40 total=1127
[SCAN] round=309 market=1127 picks=7 ts=2026-03-23T12:41:36.891Z
[EMAPI] page=1 rows=100 kept=44 total=44
[EMAPI] page=2 rows=100 kept=49 total=93
[EMAPI] page=3 rows=100 kept=44 total=137
[EMAPI] page=4 rows=100 kept=43 total=180
[EMAPI] page=5 rows=100 kept=36 total=216
[EMAPI] page=6 rows=100 kept=51 total=267
[EMAPI] page=7 rows=100 kept=48 total=315
[EMAPI] page=8 rows=100 kept=45 total=360
[EMAPI] page=9 rows=100 kept=51 total=411
[EMAPI] page=10 rows=100 kept=48 total=459
[EMAPI] page=11 rows=100 kept=50 total=509
[EMAPI] page=12 rows=100 kept=51 total=560
[EMAPI] page=13 rows=100 kept=48 total=608
[EMAPI] page=14 rows=100 kept=53 total=661
[EMAPI] page=15 rows=100 kept=48 total=709
[EMAPI] page=16 rows=100 kept=49 total=758
[EMAPI] page=17 rows=100 kept=45 total=803
[EMAPI] page=18 rows=100 kept=50 total=853
[EMAPI] page=19 rows=100 kept=46 total=899
[EMAPI] page=20 rows=100 kept=41 total=940
[EMAPI] page=21 rows=100 kept=31 total=971
[EMAPI] page=22 rows=100 kept=36 total=1007
[EMAPI] page=23 rows=100 kept=47 total=1054
[EMAPI] page=24 rows=100 kept=33 total=1087
[EMAPI] page=25 rows=100 kept=40 total=1127
[SCAN] round=310 market=1127 picks=7 ts=2026-03-23T12:42:35.537Z
[EMAPI] page=1 rows=100 kept=44 total=44
[EMAPI] page=2 rows=100 kept=49 total=93
[EMAPI] page=3 rows=100 kept=44 total=137
[EMAPI] page=4 rows=100 kept=43 total=180
[EMAPI] page=5 rows=100 kept=36 total=216
[EMAPI] page=6 rows=100 kept=51 total=267
[EMAPI] page=7 rows=100 kept=48 total=315
[EMAPI] page=8 rows=100 kept=45 total=360
[EMAPI] page=9 rows=100 kept=51 total=411
[EMAPI] page=10 rows=100 kept=48 total=459
[EMAPI] page=11 rows=100 kept=50 total=509
[EMAPI] page=12 rows=100 kept=51 total=560
[EMAPI] page=13 rows=100 kept=48 total=608
[EMAPI] page=14 rows=100 kept=53 total=661
[EMAPI] page=15 rows=100 kept=48 total=709
[EMAPI] page=16 rows=100 kept=49 total=758
[EMAPI] page=17 rows=100 kept=45 total=803
[EMAPI] page=18 rows=100 kept=50 total=853
[EMAPI] page=19 rows=100 kept=46 total=899
[EMAPI] page=20 rows=100 kept=41 total=940
[EMAPI] page=21 rows=100 kept=31 total=971
[EMAPI] page=22 rows=100 kept=36 total=1007
[EMAPI] page=23 rows=100 kept=47 total=1054
[EMAPI] page=24 rows=100 kept=33 total=1087
[EMAPI] page=25 rows=100 kept=40 total=1127
[SCAN] round=311 market=1127 picks=7 ts=2026-03-23T12:43:36.234Z
[EMAPI] page=1 rows=100 kept=44 total=44
[EMAPI] page=2 rows=100 kept=49 total=93
[EMAPI] page=3 rows=100 kept=44 total=137
[EMAPI] page=4 rows=100 kept=43 total=180
[EMAPI] page=5 rows=100 kept=36 total=216
[EMAPI] page=6 rows=100 kept=51 total=267
[EMAPI] page=7 rows=100 kept=48 total=315
[EMAPI] page=8 rows=100 kept=45 total=360
[EMAPI] page=9 rows=100 kept=51 total=411
[EMAPI] page=10 rows=100 kept=48 total=459
[EMAPI] page=11 rows=100 kept=50 total=509
[EMAPI] page=12 rows=100 kept=51 total=560
[EMAPI] page=13 rows=100 kept=48 total=608
[EMAPI] page=14 rows=100 kept=53 total=661
[EMAPI] page=15 rows=100 kept=48 total=709
[EMAPI] page=16 rows=100 kept=49 total=758
[EMAPI] page=17 rows=100 kept=45 total=803
[EMAPI] page=18 rows=100 kept=50 total=853
[EMAPI] page=19 rows=100 kept=46 total=899
[EMAPI] page=20 rows=100 kept=41 total=940
[EMAPI] page=21 rows=100 kept=31 total=971
[EMAPI] page=22 rows=100 kept=36 total=1007
[EMAPI] page=23 rows=100 kept=47 total=1054
[EMAPI] page=24 rows=100 kept=33 total=1087
[EMAPI] page=25 rows=100 kept=40 total=1127
[SCAN] round=312 market=1127 picks=7 ts=2026-03-23T12:44:35.430Z
[EMAPI] page=1 rows=100 kept=44 total=44
[EMAPI] page=2 rows=100 kept=49 total=93
[EMAPI] page=3 rows=100 kept=44 total=137
[EMAPI] page=4 rows=100 kept=43 total=180
[EMAPI] page=5 rows=100 kept=36 total=216
[EMAPI] page=6 rows=100 kept=51 total=267
[EMAPI] page=7 rows=100 kept=48 total=315
[EMAPI] page=8 rows=100 kept=45 total=360
[EMAPI] page=9 rows=100 kept=51 total=411
[EMAPI] page=10 rows=100 kept=48 total=459
[EMAPI] page=11 rows=100 kept=50 total=509
[EMAPI] page=12 rows=100 kept=51 total=560
[EMAPI] page=13 rows=100 kept=48 total=608
[EMAPI] page=14 rows=100 kept=53 total=661
[EMAPI] page=15 rows=100 kept=48 total=709
[EMAPI] page=16 rows=100 kept=49 total=758
[EMAPI] page=17 rows=100 kept=45 total=803
[EMAPI] page=18 rows=100 kept=50 total=853
[EMAPI] page=19 rows=100 kept=46 total=899
[EMAPI] page=20 rows=100 kept=41 total=940
[EMAPI] page=21 rows=100 kept=31 total=971
[EMAPI] page=22 rows=100 kept=36 total=1007
[EMAPI] page=23 rows=100 kept=47 total=1054
[EMAPI] page=24 rows=100 kept=33 total=1087
[EMAPI] page=25 rows=100 kept=40 total=1127
[SCAN] round=313 market=1127 picks=7 ts=2026-03-23T12:45:35.448Z
[EMAPI] page=1 rows=100 kept=44 total=44
[EMAPI] page=2 rows=100 kept=49 total=93
[EMAPI] page=3 rows=100 kept=44 total=137
[EMAPI] page=4 rows=100 kept=43 total=180
[EMAPI] page=5 rows=100 kept=36 total=216
[EMAPI] page=6 rows=100 kept=51 total=267
[EMAPI] page=7 rows=100 kept=48 total=315
[EMAPI] page=8 rows=100 kept=45 total=360
[EMAPI] page=9 rows=100 kept=51 total=411
[EMAPI] page=10 rows=100 kept=48 total=459
[EMAPI] page=11 rows=100 kept=50 total=509
[EMAPI] page=12 rows=100 kept=51 total=560
[EMAPI] page=13 rows=100 kept=48 total=608
[EMAPI] page=14 rows=100 kept=53 total=661
[EMAPI] page=15 rows=100 kept=48 total=709
[EMAPI] page=16 rows=100 kept=49 total=758
[EMAPI] page=17 rows=100 kept=45 total=803
[EMAPI] page=18 rows=100 kept=50 total=853
[EMAPI] page=19 rows=100 kept=46 total=899
[EMAPI] page=20 rows=100 kept=41 total=940
[EMAPI] page=21 rows=100 kept=31 total=971
[EMAPI] page=22 rows=100 kept=36 total=1007
[EMAPI] page=23 rows=100 kept=47 total=1054
[EMAPI] page=24 rows=100 kept=33 total=1087
[EMAPI] page=25 rows=100 kept=40 total=1127
[SCAN] round=314 market=1127 picks=7 ts=2026-03-23T12:46:35.285Z
[EMAPI] page=1 rows=100 kept=44 total=44
[EMAPI] page=2 rows=100 kept=49 total=93
[EMAPI] page=3 rows=100 kept=44 total=137
[EMAPI] page=4 rows=100 kept=43 total=180
[EMAPI] page=5 rows=100 kept=36 total=216
[EMAPI] page=6 rows=100 kept=51 total=267
[EMAPI] page=7 rows=100 kept=48 total=315
[EMAPI] page=8 rows=100 kept=45 total=360
[EMAPI] page=9 rows=100 kept=51 total=411
[EMAPI] page=10 rows=100 kept=48 total=459
[EMAPI] page=11 rows=100 kept=50 total=509
[EMAPI] page=12 rows=100 kept=51 total=560
[EMAPI] page=13 rows=100 kept=48 total=608
[EMAPI] page=14 rows=100 kept=53 total=661
[EMAPI] page=15 rows=100 kept=48 total=709
[EMAPI] page=16 rows=100 kept=49 total=758
[EMAPI] page=17 rows=100 kept=45 total=803
[EMAPI] page=18 rows=100 kept=50 total=853
[EMAPI] page=19 rows=100 kept=46 total=899
[EMAPI] page=20 rows=100 kept=41 total=940
[EMAPI] page=21 rows=100 kept=31 total=971
[EMAPI] page=22 rows=100 kept=36 total=1007
[EMAPI] page=23 rows=100 kept=47 total=1054
[EMAPI] page=24 rows=100 kept=33 total=1087
[EMAPI] page=25 rows=100 kept=40 total=1127
[SCAN] round=315 market=1127 picks=7 ts=2026-03-23T12:47:35.760Z
[EMAPI] page=1 rows=100 kept=44 total=44
[EMAPI] page=2 rows=100 kept=49 total=93
[EMAPI] page=3 rows=100 kept=44 total=137
[EMAPI] page=4 rows=100 kept=43 total=180
[EMAPI] page=5 rows=100 kept=36 total=216
[EMAPI] page=6 rows=100 kept=51 total=267
[EMAPI] page=7 rows=100 kept=48 total=315
[EMAPI] page=8 rows=100 kept=45 total=360
[EMAPI] page=9 rows=100 kept=51 total=411
[EMAPI] page=10 rows=100 kept=48 total=459
[EMAPI] page=11 rows=100 kept=50 total=509
[EMAPI] page=12 rows=100 kept=51 total=560
[EMAPI] page=13 rows=100 kept=48 total=608
[EMAPI] page=14 rows=100 kept=53 total=661
[EMAPI] page=15 rows=100 kept=48 total=709
[EMAPI] page=16 rows=100 kept=49 total=758
[EMAPI] page=17 rows=100 kept=45 total=803
[EMAPI] page=18 rows=100 kept=50 total=853
[EMAPI] page=19 rows=100 kept=46 total=899
[EMAPI] page=20 rows=100 kept=41 total=940
[EMAPI] page=21 rows=100 kept=31 total=971
[EMAPI] page=22 rows=100 kept=36 total=1007
[EMAPI] page=23 rows=100 kept=47 total=1054
[EMAPI] page=24 rows=100 kept=33 total=1087
[EMAPI] page=25 rows=100 kept=40 total=1127
[SCAN] round=316 market=1127 picks=7 ts=2026-03-23T13:05:13.508Z
[EMAPI] page=1 rows=100 kept=44 total=44
[EMAPI] page=2 rows=100 kept=49 total=93
[EMAPI] page=3 rows=100 kept=44 total=137
[EMAPI] page=4 rows=100 kept=43 total=180
[EMAPI] page=5 rows=100 kept=36 total=216
[EMAPI] page=6 rows=100 kept=51 total=267
[EMAPI] page=7 rows=100 kept=48 total=315
[EMAPI] page=8 rows=100 kept=45 total=360
[EMAPI] page=9 rows=100 kept=51 total=411
[EMAPI] page=10 rows=100 kept=48 total=459
[EMAPI] page=11 rows=100 kept=50 total=509
[EMAPI] page=12 rows=100 kept=51 total=560
[EMAPI] page=13 rows=100 kept=48 total=608
[EMAPI] page=14 rows=100 kept=53 total=661
[EMAPI] page=15 rows=100 kept=48 total=709
[EMAPI] page=1 rows=100 kept=44 total=44
[EMAPI] page=16 rows=100 kept=49 total=758
[EMAPI] page=2 rows=100 kept=49 total=93
[EMAPI] page=3 rows=100 kept=44 total=137
[EMAPI] page=17 rows=100 kept=45 total=803
[EMAPI] page=4 rows=100 kept=43 total=180
[EMAPI] page=5 rows=100 kept=36 total=216
[EMAPI] page=18 rows=100 kept=50 total=853
[EMAPI] page=6 rows=100 kept=51 total=267
[EMAPI] page=19 rows=100 kept=46 total=899
[EMAPI] page=7 rows=100 kept=48 total=315
[EMAPI] page=20 rows=100 kept=41 total=940
[EMAPI] page=8 rows=100 kept=45 total=360
[EMAPI] page=9 rows=100 kept=51 total=411
[EMAPI] page=10 rows=100 kept=48 total=459
[EMAPI] page=21 rows=100 kept=31 total=971
[EMAPI] page=11 rows=100 kept=50 total=509
[EMAPI] page=22 rows=100 kept=36 total=1007
[EMAPI] page=12 rows=100 kept=51 total=560
[EMAPI] page=13 rows=100 kept=48 total=608
[EMAPI] page=14 rows=100 kept=53 total=661
[EMAPI] page=15 rows=100 kept=48 total=709
[EMAPI] page=23 rows=100 kept=47 total=1054
[EMAPI] page=16 rows=100 kept=49 total=758
[EMAPI] page=24 rows=100 kept=33 total=1087
[EMAPI] page=17 rows=100 kept=45 total=803
[EMAPI] page=18 rows=100 kept=50 total=853
[EMAPI] page=25 rows=100 kept=40 total=1127
[EMAPI] page=19 rows=100 kept=46 total=899
[SCAN] round=317 market=1127 picks=7 ts=2026-03-23T13:23:09.534Z
[EMAPI] page=20 rows=100 kept=41 total=940
[EMAPI] page=21 rows=100 kept=31 total=971
[EMAPI] page=22 rows=100 kept=36 total=1007
[EMAPI] page=23 rows=100 kept=47 total=1054
[EMAPI] page=24 rows=100 kept=33 total=1087
[EMAPI] page=25 rows=100 kept=40 total=1127
[SCAN] round=318 market=1127 picks=7 ts=2026-03-23T13:23:10.821Z
[EMAPI] page=1 rows=100 kept=44 total=44
[EMAPI] page=2 rows=100 kept=49 total=93
[EMAPI] page=3 rows=100 kept=44 total=137
[EMAPI] page=4 rows=100 kept=43 total=180
[EMAPI] page=5 rows=100 kept=36 total=216
[EMAPI] page=6 rows=100 kept=51 total=267
[EMAPI] page=7 rows=100 kept=48 total=315
[EMAPI] page=8 rows=100 kept=45 total=360
[EMAPI] page=9 rows=100 kept=51 total=411
[EMAPI] page=10 rows=100 kept=48 total=459
[EMAPI] page=11 rows=100 kept=50 total=509
[EMAPI] page=12 rows=100 kept=51 total=560
[EMAPI] page=13 rows=100 kept=48 total=608
[EMAPI] page=14 rows=100 kept=53 total=661
[EMAPI] page=15 rows=100 kept=48 total=709
[EMAPI] page=16 rows=100 kept=49 total=758
[EMAPI] page=17 rows=100 kept=45 total=803
[EMAPI] page=18 rows=100 kept=50 total=853
[EMAPI] page=19 rows=100 kept=46 total=899
[EMAPI] page=20 rows=100 kept=41 total=940
[EMAPI] page=21 rows=100 kept=31 total=971
[EMAPI] page=22 rows=100 kept=36 total=1007
[EMAPI] page=23 rows=100 kept=47 total=1054
[EMAPI] page=24 rows=100 kept=33 total=1087
[EMAPI] page=25 rows=100 kept=40 total=1127
[SCAN] round=319 market=1127 picks=7 ts=2026-03-23T13:38:57.729Z
[EMAPI] page=1 rows=100 kept=44 total=44
[EMAPI] page=2 rows=100 kept=49 total=93
[EMAPI] page=3 rows=100 kept=44 total=137
[EMAPI] page=4 rows=100 kept=43 total=180
[EMAPI] page=5 rows=100 kept=36 total=216
[EMAPI] page=6 rows=100 kept=51 total=267
[EMAPI] page=7 rows=100 kept=48 total=315
[EMAPI] page=8 rows=100 kept=45 total=360
[EMAPI] page=9 rows=100 kept=51 total=411
[EMAPI] page=10 rows=100 kept=48 total=459
[EMAPI] page=11 rows=100 kept=50 total=509
[EMAPI] page=12 rows=100 kept=51 total=560
[EMAPI] page=13 rows=100 kept=48 total=608
[EMAPI] page=14 rows=100 kept=53 total=661
[EMAPI] page=15 rows=100 kept=48 total=709
[EMAPI] page=16 rows=100 kept=49 total=758
[EMAPI] page=17 rows=100 kept=45 total=803
[EMAPI] page=18 rows=100 kept=50 total=853
[EMAPI] page=19 rows=100 kept=46 total=899
[EMAPI] page=20 rows=100 kept=41 total=940
[EMAPI] page=21 rows=100 kept=31 total=971
[EMAPI] page=22 rows=100 kept=36 total=1007
[EMAPI] page=23 rows=100 kept=47 total=1054
[EMAPI] page=24 rows=100 kept=33 total=1087
[EMAPI] page=25 rows=100 kept=40 total=1127
[SCAN] round=320 market=1127 picks=7 ts=2026-03-23T13:52:25.267Z
[EMAPI] page=1 rows=100 kept=44 total=44
[EMAPI] page=2 rows=100 kept=49 total=93
[EMAPI] page=3 rows=100 kept=44 total=137
[EMAPI] page=4 rows=100 kept=43 total=180
[EMAPI] page=5 rows=100 kept=36 total=216
[EMAPI] page=6 rows=100 kept=51 total=267
[EMAPI] page=7 rows=100 kept=48 total=315
[EMAPI] page=8 rows=100 kept=45 total=360
[EMAPI] page=9 rows=100 kept=51 total=411
[EMAPI] page=10 rows=100 kept=48 total=459
[EMAPI] page=11 rows=100 kept=50 total=509
[EMAPI] page=12 rows=100 kept=51 total=560
[EMAPI] page=13 rows=100 kept=48 total=608
[EMAPI] page=14 rows=100 kept=53 total=661
[EMAPI] page=15 rows=100 kept=48 total=709
[EMAPI] page=16 rows=100 kept=49 total=758
[EMAPI] page=17 rows=100 kept=45 total=803
[EMAPI] page=18 rows=100 kept=50 total=853
[EMAPI] page=19 rows=100 kept=46 total=899
[EMAPI] page=20 rows=100 kept=41 total=940
[EMAPI] page=21 rows=100 kept=31 total=971
[EMAPI] page=22 rows=100 kept=36 total=1007
[EMAPI] page=23 rows=100 kept=47 total=1054
[EMAPI] page=24 rows=100 kept=33 total=1087
[EMAPI] page=25 rows=100 kept=40 total=1127
[SCAN] round=321 market=1127 picks=7 ts=2026-03-23T14:09:11.861Z
[EMAPI] page=1 rows=100 kept=44 total=44
[EMAPI] page=2 rows=100 kept=49 total=93
[EMAPI] page=3 rows=100 kept=44 total=137
[EMAPI] page=4 rows=100 kept=43 total=180
[EMAPI] page=5 rows=100 kept=36 total=216
[EMAPI] page=6 rows=100 kept=51 total=267
[EMAPI] page=7 rows=100 kept=48 total=315
[EMAPI] page=8 rows=100 kept=45 total=360
[EMAPI] page=9 rows=100 kept=51 total=411
[EMAPI] page=10 rows=100 kept=48 total=459
[EMAPI] page=11 rows=100 kept=50 total=509
[EMAPI] page=12 rows=100 kept=51 total=560
[EMAPI] page=13 rows=100 kept=48 total=608
[EMAPI] page=14 rows=100 kept=53 total=661
[EMAPI] page=15 rows=100 kept=48 total=709
[EMAPI] page=16 rows=100 kept=49 total=758
[EMAPI] page=17 rows=100 kept=45 total=803
[EMAPI] page=18 rows=100 kept=50 total=853
[EMAPI] page=19 rows=100 kept=46 total=899
[EMAPI] page=20 rows=100 kept=41 total=940
[EMAPI] page=21 rows=100 kept=31 total=971
[EMAPI] page=22 rows=100 kept=36 total=1007
[EMAPI] page=23 rows=100 kept=47 total=1054
[EMAPI] page=24 rows=100 kept=33 total=1087
[EMAPI] page=25 rows=100 kept=40 total=1127
[SCAN] round=322 market=1127 picks=7 ts=2026-03-23T14:10:11.893Z
[EMAPI] page=1 rows=100 kept=44 total=44
[EMAPI] page=2 rows=100 kept=49 total=93
[EMAPI] page=3 rows=100 kept=44 total=137
[EMAPI] page=4 rows=100 kept=43 total=180
[EMAPI] page=5 rows=100 kept=36 total=216
[EMAPI] page=6 rows=100 kept=51 total=267
[EMAPI] page=7 rows=100 kept=48 total=315
[EMAPI] page=8 rows=100 kept=45 total=360
[EMAPI] page=9 rows=100 kept=51 total=411
[EMAPI] page=10 rows=100 kept=48 total=459
[EMAPI] page=11 rows=100 kept=50 total=509
[EMAPI] page=12 rows=100 kept=51 total=560
[EMAPI] page=13 rows=100 kept=48 total=608
[EMAPI] page=14 rows=100 kept=53 total=661
[EMAPI] page=15 rows=100 kept=48 total=709
[EMAPI] page=16 rows=100 kept=49 total=758
[EMAPI] page=17 rows=100 kept=45 total=803
[EMAPI] page=18 rows=100 kept=50 total=853
[EMAPI] page=19 rows=100 kept=46 total=899
[EMAPI] page=20 rows=100 kept=41 total=940
[EMAPI] page=21 rows=100 kept=31 total=971
[EMAPI] page=22 rows=100 kept=36 total=1007
[EMAPI] page=23 rows=100 kept=47 total=1054
[EMAPI] page=24 rows=100 kept=33 total=1087
[EMAPI] page=25 rows=100 kept=40 total=1127
[SCAN] round=323 market=1127 picks=7 ts=2026-03-23T14:19:12.896Z
[EMAPI] page=1 rows=100 kept=44 total=44
[EMAPI] page=2 rows=100 kept=49 total=93
[EMAPI] page=3 rows=100 kept=44 total=137
[EMAPI] page=4 rows=100 kept=43 total=180
[EMAPI] page=5 rows=100 kept=36 total=216
[EMAPI] page=6 rows=100 kept=51 total=267
[EMAPI] page=7 rows=100 kept=48 total=315
[EMAPI] page=8 rows=100 kept=45 total=360
[EMAPI] page=9 rows=100 kept=51 total=411
[EMAPI] page=10 rows=100 kept=48 total=459
[EMAPI] page=11 rows=100 kept=50 total=509
[EMAPI] page=12 rows=100 kept=51 total=560
[EMAPI] page=13 rows=100 kept=48 total=608
[EMAPI] page=14 rows=100 kept=53 total=661
[EMAPI] page=15 rows=100 kept=48 total=709
[EMAPI] page=16 rows=100 kept=49 total=758
[EMAPI] page=17 rows=100 kept=45 total=803
[EMAPI] page=18 rows=100 kept=50 total=853
[EMAPI] page=19 rows=100 kept=46 total=899
[EMAPI] page=20 rows=100 kept=41 total=940
[EMAPI] page=21 rows=100 kept=31 total=971
[EMAPI] page=22 rows=100 kept=36 total=1007
[EMAPI] page=23 rows=100 kept=47 total=1054
[EMAPI] page=24 rows=100 kept=33 total=1087
[EMAPI] page=25 rows=100 kept=40 total=1127
[SCAN] round=324 market=1127 picks=7 ts=2026-03-23T14:20:12.559Z
[EMAPI] page=1 rows=100 kept=44 total=44
[EMAPI] page=2 rows=100 kept=49 total=93
[EMAPI] page=3 rows=100 kept=44 total=137
[EMAPI] page=4 rows=100 kept=43 total=180
[EMAPI] page=5 rows=100 kept=36 total=216
[EMAPI] page=6 rows=100 kept=51 total=267
[EMAPI] page=7 rows=100 kept=48 total=315
[EMAPI] page=8 rows=100 kept=45 total=360
[EMAPI] page=9 rows=100 kept=51 total=411
[EMAPI] page=10 rows=100 kept=48 total=459
[EMAPI] page=11 rows=100 kept=50 total=509
[EMAPI] page=12 rows=100 kept=51 total=560
[EMAPI] page=13 rows=100 kept=48 total=608
[EMAPI] page=14 rows=100 kept=53 total=661
[EMAPI] page=15 rows=100 kept=48 total=709
[EMAPI] page=16 rows=100 kept=49 total=758
[EMAPI] page=17 rows=100 kept=45 total=803
[EMAPI] page=18 rows=100 kept=50 total=853
[EMAPI] page=19 rows=100 kept=46 total=899
[EMAPI] page=20 rows=100 kept=41 total=940
[EMAPI] page=21 rows=100 kept=31 total=971
[EMAPI] page=22 rows=100 kept=36 total=1007
[EMAPI] page=23 rows=100 kept=47 total=1054
[EMAPI] page=24 rows=100 kept=33 total=1087
[EMAPI] page=25 rows=100 kept=40 total=1127
[SCAN] round=325 market=1127 picks=7 ts=2026-03-23T14:36:05.587Z
[EMAPI] page=1 rows=100 kept=44 total=44
[EMAPI] page=2 rows=100 kept=49 total=93
[EMAPI] page=3 rows=100 kept=44 total=137
[EMAPI] page=4 rows=100 kept=43 total=180
[EMAPI] page=5 rows=100 kept=36 total=216
[EMAPI] page=6 rows=100 kept=51 total=267
[EMAPI] page=7 rows=100 kept=48 total=315
[EMAPI] page=8 rows=100 kept=45 total=360
[EMAPI] page=9 rows=100 kept=51 total=411
[EMAPI] page=10 rows=100 kept=48 total=459
[EMAPI] page=11 rows=100 kept=50 total=509
[EMAPI] page=12 rows=100 kept=51 total=560
[EMAPI] page=13 rows=100 kept=48 total=608
[EMAPI] page=14 rows=100 kept=53 total=661
[EMAPI] page=15 rows=100 kept=48 total=709
[EMAPI] page=16 rows=100 kept=49 total=758
[EMAPI] page=17 rows=100 kept=45 total=803
[EMAPI] page=18 rows=100 kept=50 total=853
[EMAPI] page=19 rows=100 kept=46 total=899
[EMAPI] page=20 rows=100 kept=41 total=940
[EMAPI] page=21 rows=100 kept=31 total=971
[EMAPI] page=22 rows=100 kept=36 total=1007
[EMAPI] page=23 rows=100 kept=47 total=1054
[EMAPI] page=24 rows=100 kept=33 total=1087
[EMAPI] page=25 rows=100 kept=40 total=1127
[SCAN] round=326 market=1127 picks=7 ts=2026-03-23T14:39:00.126Z
[EMAPI] page=1 rows=100 kept=44 total=44
[EMAPI] page=2 rows=100 kept=49 total=93
[EMAPI] page=3 rows=100 kept=44 total=137
[EMAPI] page=4 rows=100 kept=43 total=180
[EMAPI] page=5 rows=100 kept=36 total=216
[EMAPI] page=6 rows=100 kept=51 total=267
[EMAPI] page=7 rows=100 kept=48 total=315
[EMAPI] page=8 rows=100 kept=45 total=360
[EMAPI] page=9 rows=100 kept=51 total=411
[EMAPI] page=10 rows=100 kept=48 total=459
[EMAPI] page=11 rows=100 kept=50 total=509
[EMAPI] page=12 rows=100 kept=51 total=560
[EMAPI] page=13 rows=100 kept=48 total=608
[EMAPI] page=14 rows=100 kept=53 total=661
[EMAPI] page=15 rows=100 kept=48 total=709
[EMAPI] page=16 rows=100 kept=49 total=758
[EMAPI] page=17 rows=100 kept=45 total=803
[EMAPI] page=18 rows=100 kept=50 total=853
[EMAPI] page=19 rows=100 kept=46 total=899
[EMAPI] page=20 rows=100 kept=41 total=940
[EMAPI] page=21 rows=100 kept=31 total=971
[EMAPI] page=22 rows=100 kept=36 total=1007
[EMAPI] page=23 rows=100 kept=47 total=1054
[EMAPI] page=24 rows=100 kept=33 total=1087
[EMAPI] page=25 rows=100 kept=40 total=1127
[SCAN] round=327 market=1127 picks=7 ts=2026-03-23T14:48:27.222Z
[EMAPI] page=1 rows=100 kept=44 total=44
[EMAPI] page=2 rows=100 kept=49 total=93
[EMAPI] page=3 rows=100 kept=44 total=137
[EMAPI] page=4 rows=100 kept=43 total=180
[EMAPI] page=5 rows=100 kept=36 total=216
[EMAPI] page=6 rows=100 kept=51 total=267
[EMAPI] page=7 rows=100 kept=48 total=315
[EMAPI] page=8 rows=100 kept=45 total=360
[EMAPI] page=9 rows=100 kept=51 total=411
[EMAPI] page=10 rows=100 kept=48 total=459
[EMAPI] page=11 rows=100 kept=50 total=509
[EMAPI] page=12 rows=100 kept=51 total=560
[EMAPI] page=13 rows=100 kept=48 total=608
[EMAPI] page=14 rows=100 kept=53 total=661
[EMAPI] page=15 rows=100 kept=48 total=709
[EMAPI] page=16 rows=100 kept=49 total=758
[EMAPI] page=17 rows=100 kept=45 total=803
[EMAPI] page=18 rows=100 kept=50 total=853
[EMAPI] page=19 rows=100 kept=46 total=899
[EMAPI] page=20 rows=100 kept=41 total=940
[EMAPI] page=21 rows=100 kept=31 total=971
[EMAPI] page=22 rows=100 kept=36 total=1007
[EMAPI] page=23 rows=100 kept=47 total=1054
[EMAPI] page=24 rows=100 kept=33 total=1087
[EMAPI] page=25 rows=100 kept=40 total=1127
[SCAN] round=328 market=1127 picks=7 ts=2026-03-23T14:49:23.161Z
[EMAPI] page=1 rows=100 kept=44 total=44
[EMAPI] page=2 rows=100 kept=49 total=93
[EMAPI] page=3 rows=100 kept=44 total=137
[EMAPI] page=4 rows=100 kept=43 total=180
[EMAPI] page=5 rows=100 kept=36 total=216
[EMAPI] page=6 rows=100 kept=51 total=267
[EMAPI] page=7 rows=100 kept=48 total=315
[EMAPI] page=8 rows=100 kept=45 total=360
[EMAPI] page=9 rows=100 kept=51 total=411
[EMAPI] page=10 rows=100 kept=48 total=459
[EMAPI] page=11 rows=100 kept=50 total=509
[EMAPI] page=12 rows=100 kept=51 total=560
[EMAPI] page=13 rows=100 kept=48 total=608
[EMAPI] page=14 rows=100 kept=53 total=661
[EMAPI] page=15 rows=100 kept=48 total=709
[EMAPI] page=16 rows=100 kept=49 total=758
[EMAPI] page=17 rows=100 kept=45 total=803
[EMAPI] page=18 rows=100 kept=50 total=853
[EMAPI] page=19 rows=100 kept=46 total=899
[EMAPI] page=20 rows=100 kept=41 total=940
[EMAPI] page=21 rows=100 kept=31 total=971
[EMAPI] page=22 rows=100 kept=36 total=1007
[EMAPI] page=23 rows=100 kept=47 total=1054
[EMAPI] page=24 rows=100 kept=33 total=1087
[EMAPI] page=25 rows=100 kept=40 total=1127
[SCAN] round=329 market=1127 picks=7 ts=2026-03-23T14:50:24.307Z
[EMAPI] page=1 rows=100 kept=44 total=44
[EMAPI] page=2 rows=100 kept=49 total=93
[EMAPI] page=3 rows=100 kept=44 total=137
[EMAPI] page=4 rows=100 kept=43 total=180
[EMAPI] page=5 rows=100 kept=36 total=216
[EMAPI] page=6 rows=100 kept=51 total=267
[EMAPI] page=7 rows=100 kept=48 total=315
[EMAPI] page=8 rows=100 kept=45 total=360
[EMAPI] page=9 rows=100 kept=51 total=411
[EMAPI] page=10 rows=100 kept=48 total=459
[EMAPI] page=11 rows=100 kept=50 total=509
[EMAPI] page=12 rows=100 kept=51 total=560
[EMAPI] page=13 rows=100 kept=48 total=608
[EMAPI] page=14 rows=100 kept=53 total=661
[EMAPI] page=15 rows=100 kept=48 total=709
[EMAPI] page=16 rows=100 kept=49 total=758
[EMAPI] page=17 rows=100 kept=45 total=803
[EMAPI] page=18 rows=100 kept=50 total=853
[EMAPI] page=19 rows=100 kept=46 total=899
[EMAPI] page=20 rows=100 kept=41 total=940
[EMAPI] page=21 rows=100 kept=31 total=971
[EMAPI] page=22 rows=100 kept=36 total=1007
[EMAPI] page=23 rows=100 kept=47 total=1054
[EMAPI] page=24 rows=100 kept=33 total=1087
[EMAPI] page=25 rows=100 kept=40 total=1127
[SCAN] round=330 market=1127 picks=7 ts=2026-03-23T14:51:23.732Z
[EMAPI] page=1 rows=100 kept=44 total=44
[EMAPI] page=2 rows=100 kept=49 total=93
[EMAPI] page=3 rows=100 kept=44 total=137
[EMAPI] page=4 rows=100 kept=43 total=180
[EMAPI] page=5 rows=100 kept=36 total=216
[EMAPI] page=6 rows=100 kept=51 total=267
[EMAPI] page=7 rows=100 kept=48 total=315
[EMAPI] page=8 rows=100 kept=45 total=360
[EMAPI] page=9 rows=100 kept=51 total=411
[EMAPI] page=10 rows=100 kept=48 total=459
[EMAPI] page=11 rows=100 kept=50 total=509
[EMAPI] page=12 rows=100 kept=51 total=560
[EMAPI] page=13 rows=100 kept=48 total=608
[EMAPI] page=14 rows=100 kept=53 total=661
[EMAPI] page=15 rows=100 kept=48 total=709
[EMAPI] page=16 rows=100 kept=49 total=758
[EMAPI] page=17 rows=100 kept=45 total=803
[EMAPI] page=18 rows=100 kept=50 total=853
[EMAPI] page=19 rows=100 kept=46 total=899
[EMAPI] page=20 rows=100 kept=41 total=940
[EMAPI] page=21 rows=100 kept=31 total=971
[EMAPI] page=22 rows=100 kept=36 total=1007
[EMAPI] page=23 rows=100 kept=47 total=1054
[EMAPI] page=24 rows=100 kept=33 total=1087
[EMAPI] page=25 rows=100 kept=40 total=1127
[SCAN] round=331 market=1127 picks=7 ts=2026-03-23T14:52:24.315Z
[EMAPI] page=1 rows=100 kept=44 total=44
[EMAPI] page=2 rows=100 kept=49 total=93
[EMAPI] page=3 rows=100 kept=44 total=137
[EMAPI] page=4 rows=100 kept=43 total=180
[EMAPI] page=5 rows=100 kept=36 total=216
[EMAPI] page=6 rows=100 kept=51 total=267
[EMAPI] page=7 rows=100 kept=48 total=315
[EMAPI] page=8 rows=100 kept=45 total=360
[EMAPI] page=9 rows=100 kept=51 total=411
[EMAPI] page=10 rows=100 kept=48 total=459
[EMAPI] page=11 rows=100 kept=50 total=509
[EMAPI] page=12 rows=100 kept=51 total=560
[EMAPI] page=13 rows=100 kept=48 total=608
[EMAPI] page=14 rows=100 kept=53 total=661
[EMAPI] page=15 rows=100 kept=48 total=709
[EMAPI] page=16 rows=100 kept=49 total=758
[EMAPI] page=17 rows=100 kept=45 total=803
[EMAPI] page=18 rows=100 kept=50 total=853
[EMAPI] page=19 rows=100 kept=46 total=899
[EMAPI] page=20 rows=100 kept=41 total=940
[EMAPI] page=21 rows=100 kept=31 total=971
[EMAPI] page=22 rows=100 kept=36 total=1007
[EMAPI] page=23 rows=100 kept=47 total=1054
[EMAPI] page=24 rows=100 kept=33 total=1087
[EMAPI] page=25 rows=100 kept=40 total=1127
[SCAN] round=332 market=1127 picks=7 ts=2026-03-23T14:53:24.407Z
[EMAPI] page=1 rows=100 kept=44 total=44
[EMAPI] page=2 rows=100 kept=49 total=93
[EMAPI] page=3 rows=100 kept=44 total=137
[EMAPI] page=4 rows=100 kept=43 total=180
[EMAPI] page=5 rows=100 kept=36 total=216
[EMAPI] page=6 rows=100 kept=51 total=267
[EMAPI] page=7 rows=100 kept=48 total=315
[EMAPI] page=8 rows=100 kept=45 total=360
[EMAPI] page=9 rows=100 kept=51 total=411
[EMAPI] page=10 rows=100 kept=48 total=459
[EMAPI] page=11 rows=100 kept=50 total=509
[EMAPI] page=12 rows=100 kept=51 total=560
[EMAPI] page=13 rows=100 kept=48 total=608
[EMAPI] page=14 rows=100 kept=53 total=661
[EMAPI] page=15 rows=100 kept=48 total=709
[EMAPI] page=16 rows=100 kept=49 total=758
[EMAPI] page=17 rows=100 kept=45 total=803
[EMAPI] page=18 rows=100 kept=50 total=853
[EMAPI] page=19 rows=100 kept=46 total=899
[EMAPI] page=20 rows=100 kept=41 total=940
[EMAPI] page=21 rows=100 kept=31 total=971
[EMAPI] page=22 rows=100 kept=36 total=1007
[EMAPI] page=23 rows=100 kept=47 total=1054
[EMAPI] page=24 rows=100 kept=33 total=1087
[EMAPI] page=25 rows=100 kept=40 total=1127
[SCAN] round=333 market=1127 picks=7 ts=2026-03-23T14:54:23.687Z
[EMAPI] page=1 rows=100 kept=44 total=44
[EMAPI] page=2 rows=100 kept=49 total=93
[EMAPI] page=3 rows=100 kept=44 total=137
[EMAPI] page=4 rows=100 kept=43 total=180
[EMAPI] page=5 rows=100 kept=36 total=216
[EMAPI] page=6 rows=100 kept=51 total=267
[EMAPI] page=7 rows=100 kept=48 total=315
[EMAPI] page=8 rows=100 kept=45 total=360
[EMAPI] page=9 rows=100 kept=51 total=411
[EMAPI] page=10 rows=100 kept=48 total=459
[EMAPI] page=11 rows=100 kept=50 total=509
[EMAPI] page=12 rows=100 kept=51 total=560
[EMAPI] page=13 rows=100 kept=48 total=608
[EMAPI] page=14 rows=100 kept=53 total=661
[EMAPI] page=15 rows=100 kept=48 total=709
[EMAPI] page=16 rows=100 kept=49 total=758
[EMAPI] page=17 rows=100 kept=45 total=803
[EMAPI] page=18 rows=100 kept=50 total=853
[EMAPI] page=19 rows=100 kept=46 total=899
[EMAPI] page=20 rows=100 kept=41 total=940
[EMAPI] page=21 rows=100 kept=31 total=971
[EMAPI] page=22 rows=100 kept=36 total=1007
[EMAPI] page=23 rows=100 kept=47 total=1054
[EMAPI] page=24 rows=100 kept=33 total=1087
[EMAPI] page=25 rows=100 kept=40 total=1127
[SCAN] round=334 market=1127 picks=7 ts=2026-03-23T14:55:23.789Z
[EMAPI] page=1 rows=100 kept=44 total=44
[EMAPI] page=2 rows=100 kept=49 total=93
[EMAPI] page=3 rows=100 kept=44 total=137
[EMAPI] page=4 rows=100 kept=43 total=180
[EMAPI] page=5 rows=100 kept=36 total=216
[EMAPI] page=6 rows=100 kept=51 total=267
[EMAPI] page=7 rows=100 kept=48 total=315
[EMAPI] page=8 rows=100 kept=45 total=360
[EMAPI] page=9 rows=100 kept=51 total=411
[EMAPI] page=10 rows=100 kept=48 total=459
[EMAPI] page=11 rows=100 kept=50 total=509
[EMAPI] page=12 rows=100 kept=51 total=560
[EMAPI] page=13 rows=100 kept=48 total=608
[EMAPI] page=14 rows=100 kept=53 total=661
[EMAPI] page=15 rows=100 kept=48 total=709
[EMAPI] page=16 rows=100 kept=49 total=758
[EMAPI] page=17 rows=100 kept=45 total=803
[EMAPI] page=18 rows=100 kept=50 total=853
[EMAPI] page=19 rows=100 kept=46 total=899
[EMAPI] page=20 rows=100 kept=41 total=940
[EMAPI] page=21 rows=100 kept=31 total=971
[EMAPI] page=22 rows=100 kept=36 total=1007
[EMAPI] page=23 rows=100 kept=47 total=1054
[EMAPI] page=24 rows=100 kept=33 total=1087
[EMAPI] page=25 rows=100 kept=40 total=1127
[SCAN] round=335 market=1127 picks=7 ts=2026-03-23T14:56:25.424Z
[EMAPI] page=1 rows=100 kept=44 total=44
[EMAPI] page=2 rows=100 kept=49 total=93
[EMAPI] page=3 rows=100 kept=44 total=137
[EMAPI] page=4 rows=100 kept=43 total=180
[EMAPI] page=5 rows=100 kept=36 total=216
[EMAPI] page=6 rows=100 kept=51 total=267
[EMAPI] page=7 rows=100 kept=48 total=315
[EMAPI] page=8 rows=100 kept=45 total=360
[EMAPI] page=9 rows=100 kept=51 total=411
[EMAPI] page=10 rows=100 kept=48 total=459
[EMAPI] page=11 rows=100 kept=50 total=509
[EMAPI] page=12 rows=100 kept=51 total=560
[EMAPI] page=13 rows=100 kept=48 total=608
[EMAPI] page=14 rows=100 kept=53 total=661
[EMAPI] page=15 rows=100 kept=48 total=709
[EMAPI] page=16 rows=100 kept=49 total=758
[EMAPI] page=17 rows=100 kept=45 total=803
[EMAPI] page=18 rows=100 kept=50 total=853
[EMAPI] page=19 rows=100 kept=46 total=899
[EMAPI] page=20 rows=100 kept=41 total=940
[EMAPI] page=21 rows=100 kept=31 total=971
[EMAPI] page=22 rows=100 kept=36 total=1007
[EMAPI] page=23 rows=100 kept=47 total=1054
[EMAPI] page=24 rows=100 kept=33 total=1087
[EMAPI] page=25 rows=100 kept=40 total=1127
[SCAN] round=336 market=1127 picks=7 ts=2026-03-23T14:57:24.964Z
[EMAPI] page=1 rows=100 kept=44 total=44
[EMAPI] page=2 rows=100 kept=49 total=93
[EMAPI] page=3 rows=100 kept=44 total=137
[EMAPI] page=4 rows=100 kept=43 total=180
[EMAPI] page=5 rows=100 kept=36 total=216
[EMAPI] page=6 rows=100 kept=51 total=267
[EMAPI] page=7 rows=100 kept=48 total=315
[EMAPI] page=8 rows=100 kept=45 total=360
[EMAPI] page=9 rows=100 kept=51 total=411
[EMAPI] page=10 rows=100 kept=48 total=459
[EMAPI] page=11 rows=100 kept=50 total=509
[EMAPI] page=12 rows=100 kept=51 total=560
[EMAPI] page=13 rows=100 kept=48 total=608
[EMAPI] page=14 rows=100 kept=53 total=661
[EMAPI] page=15 rows=100 kept=48 total=709
[EMAPI] page=16 rows=100 kept=49 total=758
[EMAPI] page=17 rows=100 kept=45 total=803
[EMAPI] page=18 rows=100 kept=50 total=853
[EMAPI] page=19 rows=100 kept=46 total=899
[EMAPI] page=20 rows=100 kept=41 total=940
[EMAPI] page=21 rows=100 kept=31 total=971
[EMAPI] page=22 rows=100 kept=36 total=1007
[EMAPI] page=23 rows=100 kept=47 total=1054
[EMAPI] page=24 rows=100 kept=33 total=1087
[EMAPI] page=25 rows=100 kept=40 total=1127
[SCAN] round=337 market=1127 picks=7 ts=2026-03-23T14:58:24.217Z
[EMAPI] page=1 rows=100 kept=44 total=44
[EMAPI] page=2 rows=100 kept=49 total=93
[EMAPI] page=3 rows=100 kept=44 total=137
[EMAPI] page=4 rows=100 kept=43 total=180
[EMAPI] page=5 rows=100 kept=36 total=216
[EMAPI] page=6 rows=100 kept=51 total=267
[EMAPI] page=7 rows=100 kept=48 total=315
[EMAPI] page=8 rows=100 kept=45 total=360
[EMAPI] page=9 rows=100 kept=51 total=411
[EMAPI] page=10 rows=100 kept=48 total=459
[EMAPI] page=11 rows=100 kept=50 total=509
[EMAPI] page=12 rows=100 kept=51 total=560
[EMAPI] page=13 rows=100 kept=48 total=608
[EMAPI] page=14 rows=100 kept=53 total=661
[EMAPI] page=15 rows=100 kept=48 total=709
[EMAPI] page=16 rows=100 kept=49 total=758
[EMAPI] page=17 rows=100 kept=45 total=803
[EMAPI] page=18 rows=100 kept=50 total=853
[EMAPI] page=19 rows=100 kept=46 total=899
[EMAPI] page=20 rows=100 kept=41 total=940
[EMAPI] page=21 rows=100 kept=31 total=971
[EMAPI] page=22 rows=100 kept=36 total=1007
[EMAPI] page=23 rows=100 kept=47 total=1054
[EMAPI] page=24 rows=100 kept=33 total=1087
[EMAPI] page=25 rows=100 kept=40 total=1127
[SCAN] round=338 market=1127 picks=7 ts=2026-03-23T14:59:23.495Z
[EMAPI] page=1 rows=100 kept=44 total=44
[EMAPI] page=2 rows=100 kept=49 total=93
[EMAPI] page=3 rows=100 kept=44 total=137
[EMAPI] page=4 rows=100 kept=43 total=180
[EMAPI] page=5 rows=100 kept=36 total=216
[EMAPI] page=6 rows=100 kept=51 total=267
[EMAPI] page=7 rows=100 kept=48 total=315
[EMAPI] page=8 rows=100 kept=45 total=360
[EMAPI] page=9 rows=100 kept=51 total=411
[EMAPI] page=10 rows=100 kept=48 total=459
[EMAPI] page=11 rows=100 kept=50 total=509
[EMAPI] page=12 rows=100 kept=51 total=560
[EMAPI] page=13 rows=100 kept=48 total=608
[EMAPI] page=14 rows=100 kept=53 total=661
[EMAPI] page=15 rows=100 kept=48 total=709
[EMAPI] page=16 rows=100 kept=49 total=758
[EMAPI] page=17 rows=100 kept=45 total=803
[EMAPI] page=18 rows=100 kept=50 total=853
[EMAPI] page=19 rows=100 kept=46 total=899
[EMAPI] page=20 rows=100 kept=41 total=940
[EMAPI] page=21 rows=100 kept=31 total=971
[EMAPI] page=22 rows=100 kept=36 total=1007
[EMAPI] page=23 rows=100 kept=47 total=1054
[EMAPI] page=24 rows=100 kept=33 total=1087
[EMAPI] page=25 rows=100 kept=40 total=1127
[SCAN] round=339 market=1127 picks=7 ts=2026-03-23T15:00:23.411Z
[EMAPI] page=1 rows=100 kept=44 total=44
[EMAPI] page=2 rows=100 kept=49 total=93
[EMAPI] page=3 rows=100 kept=44 total=137
[EMAPI] page=4 rows=100 kept=43 total=180
[EMAPI] page=5 rows=100 kept=36 total=216
[EMAPI] page=6 rows=100 kept=51 total=267
[EMAPI] page=7 rows=100 kept=48 total=315
[EMAPI] page=8 rows=100 kept=45 total=360
[EMAPI] page=9 rows=100 kept=51 total=411
[EMAPI] page=10 rows=100 kept=48 total=459
[EMAPI] page=11 rows=100 kept=50 total=509
[EMAPI] page=12 rows=100 kept=51 total=560
[EMAPI] page=13 rows=100 kept=48 total=608
[EMAPI] page=14 rows=100 kept=53 total=661
[EMAPI] page=15 rows=100 kept=48 total=709
[EMAPI] page=16 rows=100 kept=49 total=758
[EMAPI] page=17 rows=100 kept=45 total=803
[EMAPI] page=18 rows=100 kept=50 total=853
[EMAPI] page=19 rows=100 kept=46 total=899
[EMAPI] page=20 rows=100 kept=41 total=940
[EMAPI] page=21 rows=100 kept=31 total=971
[EMAPI] page=22 rows=100 kept=36 total=1007
[EMAPI] page=23 rows=100 kept=47 total=1054
[EMAPI] page=24 rows=100 kept=33 total=1087
[EMAPI] page=25 rows=100 kept=40 total=1127
[SCAN] round=340 market=1127 picks=7 ts=2026-03-23T15:01:24.366Z
[EMAPI] page=1 rows=100 kept=44 total=44
[EMAPI] page=2 rows=100 kept=49 total=93
[EMAPI] page=3 rows=100 kept=44 total=137
[EMAPI] page=4 rows=100 kept=43 total=180
[EMAPI] page=5 rows=100 kept=36 total=216
[EMAPI] page=6 rows=100 kept=51 total=267
[EMAPI] page=7 rows=100 kept=48 total=315
[EMAPI] page=8 rows=100 kept=45 total=360
[EMAPI] page=9 rows=100 kept=51 total=411
[EMAPI] page=10 rows=100 kept=48 total=459
[EMAPI] page=11 rows=100 kept=50 total=509
[EMAPI] page=12 rows=100 kept=51 total=560
[EMAPI] page=13 rows=100 kept=48 total=608
[EMAPI] page=14 rows=100 kept=53 total=661
[EMAPI] page=15 rows=100 kept=48 total=709
[EMAPI] page=16 rows=100 kept=49 total=758
[EMAPI] page=17 rows=100 kept=45 total=803
[EMAPI] page=18 rows=100 kept=50 total=853
[EMAPI] page=19 rows=100 kept=46 total=899
[EMAPI] page=20 rows=100 kept=41 total=940
[EMAPI] page=21 rows=100 kept=31 total=971
[EMAPI] page=22 rows=100 kept=36 total=1007
[EMAPI] page=23 rows=100 kept=47 total=1054
[EMAPI] page=24 rows=100 kept=33 total=1087
[EMAPI] page=25 rows=100 kept=40 total=1127
[SCAN] round=341 market=1127 picks=7 ts=2026-03-23T15:02:23.775Z
[EMAPI] page=1 rows=100 kept=44 total=44
[EMAPI] page=2 rows=100 kept=49 total=93
[EMAPI] page=3 rows=100 kept=44 total=137
[EMAPI] page=4 rows=100 kept=43 total=180
[EMAPI] page=5 rows=100 kept=36 total=216
[EMAPI] page=6 rows=100 kept=51 total=267
[EMAPI] page=7 rows=100 kept=48 total=315
[EMAPI] page=8 rows=100 kept=45 total=360
[EMAPI] page=9 rows=100 kept=51 total=411
[EMAPI] page=10 rows=100 kept=48 total=459
[EMAPI] page=11 rows=100 kept=50 total=509
[EMAPI] page=12 rows=100 kept=51 total=560
[EMAPI] page=13 rows=100 kept=48 total=608
[EMAPI] page=14 rows=100 kept=53 total=661
[EMAPI] page=15 rows=100 kept=48 total=709
[EMAPI] page=16 rows=100 kept=49 total=758
[EMAPI] page=17 rows=100 kept=45 total=803
[EMAPI] page=18 rows=100 kept=50 total=853
[EMAPI] page=19 rows=100 kept=46 total=899
[EMAPI] page=20 rows=100 kept=41 total=940
[EMAPI] page=21 rows=100 kept=31 total=971
[EMAPI] page=22 rows=100 kept=36 total=1007
[EMAPI] page=23 rows=100 kept=47 total=1054
[EMAPI] page=24 rows=100 kept=33 total=1087
[EMAPI] page=25 rows=100 kept=40 total=1127
[SCAN] round=342 market=1127 picks=7 ts=2026-03-23T15:03:23.769Z
[EMAPI] page=1 rows=100 kept=44 total=44
[EMAPI] page=2 rows=100 kept=49 total=93
[EMAPI] page=3 rows=100 kept=44 total=137
[EMAPI] page=4 rows=100 kept=43 total=180
[EMAPI] page=5 rows=100 kept=36 total=216
[EMAPI] page=6 rows=100 kept=51 total=267
[EMAPI] page=7 rows=100 kept=48 total=315
[EMAPI] page=8 rows=100 kept=45 total=360
[EMAPI] page=9 rows=100 kept=51 total=411
[EMAPI] page=10 rows=100 kept=48 total=459
[EMAPI] page=11 rows=100 kept=50 total=509
[EMAPI] page=12 rows=100 kept=51 total=560
[EMAPI] page=13 rows=100 kept=48 total=608
[EMAPI] page=14 rows=100 kept=53 total=661
[EMAPI] page=15 rows=100 kept=48 total=709
[EMAPI] page=16 rows=100 kept=49 total=758
[EMAPI] page=17 rows=100 kept=45 total=803
[EMAPI] page=18 rows=100 kept=50 total=853
[EMAPI] page=19 rows=100 kept=46 total=899
[EMAPI] page=20 rows=100 kept=41 total=940
[EMAPI] page=21 rows=100 kept=31 total=971
[EMAPI] page=22 rows=100 kept=36 total=1007
[EMAPI] page=23 rows=100 kept=47 total=1054
[EMAPI] page=24 rows=100 kept=33 total=1087
[EMAPI] page=25 rows=100 kept=40 total=1127
[SCAN] round=343 market=1127 picks=7 ts=2026-03-23T15:04:23.261Z
[EMAPI] page=1 rows=100 kept=44 total=44
[EMAPI] page=2 rows=100 kept=49 total=93
[EMAPI] page=3 rows=100 kept=44 total=137
[EMAPI] page=4 rows=100 kept=43 total=180
[EMAPI] page=5 rows=100 kept=36 total=216
[EMAPI] page=6 rows=100 kept=51 total=267
[EMAPI] page=7 rows=100 kept=48 total=315
[EMAPI] page=8 rows=100 kept=45 total=360
[EMAPI] page=9 rows=100 kept=51 total=411
[EMAPI] page=10 rows=100 kept=48 total=459
[EMAPI] page=11 rows=100 kept=50 total=509
[EMAPI] page=12 rows=100 kept=51 total=560
[EMAPI] page=13 rows=100 kept=48 total=608
[EMAPI] page=14 rows=100 kept=53 total=661
[EMAPI] page=15 rows=100 kept=48 total=709
[EMAPI] page=16 rows=100 kept=49 total=758
[EMAPI] page=17 rows=100 kept=45 total=803
[EMAPI] page=18 rows=100 kept=50 total=853
[EMAPI] page=19 rows=100 kept=46 total=899
[EMAPI] page=20 rows=100 kept=41 total=940
[EMAPI] page=21 rows=100 kept=31 total=971
[EMAPI] page=22 rows=100 kept=36 total=1007
[EMAPI] page=23 rows=100 kept=47 total=1054
[EMAPI] page=24 rows=100 kept=33 total=1087
[EMAPI] page=25 rows=100 kept=40 total=1127
[SCAN] round=344 market=1127 picks=7 ts=2026-03-23T15:05:24.700Z
[EMAPI] page=1 rows=100 kept=44 total=44
[EMAPI] page=2 rows=100 kept=49 total=93
[EMAPI] page=3 rows=100 kept=44 total=137
[EMAPI] page=4 rows=100 kept=43 total=180
[EMAPI] page=5 rows=100 kept=36 total=216
[EMAPI] page=6 rows=100 kept=51 total=267
[EMAPI] page=7 rows=100 kept=48 total=315
[EMAPI] page=8 rows=100 kept=45 total=360
[EMAPI] page=9 rows=100 kept=51 total=411
[EMAPI] page=10 rows=100 kept=48 total=459
[EMAPI] page=11 rows=100 kept=50 total=509
[EMAPI] page=12 rows=100 kept=51 total=560
[EMAPI] page=13 rows=100 kept=48 total=608
[EMAPI] page=14 rows=100 kept=53 total=661
[EMAPI] page=15 rows=100 kept=48 total=709
[EMAPI] page=16 rows=100 kept=49 total=758
[EMAPI] page=17 rows=100 kept=45 total=803
[EMAPI] page=18 rows=100 kept=50 total=853
[EMAPI] page=19 rows=100 kept=46 total=899
[EMAPI] page=20 rows=100 kept=41 total=940
[EMAPI] page=21 rows=100 kept=31 total=971
[EMAPI] page=22 rows=100 kept=36 total=1007
[EMAPI] page=23 rows=100 kept=47 total=1054
[EMAPI] page=24 rows=100 kept=33 total=1087
[EMAPI] page=25 rows=100 kept=40 total=1127
[SCAN] round=345 market=1127 picks=7 ts=2026-03-23T15:06:23.641Z
[EMAPI] page=1 rows=100 kept=44 total=44
[EMAPI] page=2 rows=100 kept=49 total=93
[EMAPI] page=3 rows=100 kept=44 total=137
[EMAPI] page=4 rows=100 kept=43 total=180
[EMAPI] page=5 rows=100 kept=36 total=216
[EMAPI] page=6 rows=100 kept=51 total=267
[EMAPI] page=7 rows=100 kept=48 total=315
[EMAPI] page=8 rows=100 kept=45 total=360
[EMAPI] page=9 rows=100 kept=51 total=411
[EMAPI] page=10 rows=100 kept=48 total=459
[EMAPI] page=11 rows=100 kept=50 total=509
[EMAPI] page=12 rows=100 kept=51 total=560
[EMAPI] page=13 rows=100 kept=48 total=608
[EMAPI] page=14 rows=100 kept=53 total=661
[EMAPI] page=15 rows=100 kept=48 total=709
[EMAPI] page=16 rows=100 kept=49 total=758
[EMAPI] page=17 rows=100 kept=45 total=803
[EMAPI] page=18 rows=100 kept=50 total=853
[EMAPI] page=19 rows=100 kept=46 total=899
[EMAPI] page=20 rows=100 kept=41 total=940
[EMAPI] page=21 rows=100 kept=31 total=971
[EMAPI] page=22 rows=100 kept=36 total=1007
[EMAPI] page=23 rows=100 kept=47 total=1054
[EMAPI] page=24 rows=100 kept=33 total=1087
[EMAPI] page=25 rows=100 kept=40 total=1127
[SCAN] round=346 market=1127 picks=7 ts=2026-03-23T15:07:23.818Z
[EMAPI] page=1 rows=100 kept=44 total=44
[EMAPI] page=2 rows=100 kept=49 total=93
[EMAPI] page=3 rows=100 kept=44 total=137
[EMAPI] page=4 rows=100 kept=43 total=180
[EMAPI] page=5 rows=100 kept=36 total=216
[EMAPI] page=6 rows=100 kept=51 total=267
[EMAPI] page=7 rows=100 kept=48 total=315
[EMAPI] page=8 rows=100 kept=45 total=360
[EMAPI] page=9 rows=100 kept=51 total=411
[EMAPI] page=10 rows=100 kept=48 total=459
[EMAPI] page=11 rows=100 kept=50 total=509
[EMAPI] page=12 rows=100 kept=51 total=560
[EMAPI] page=13 rows=100 kept=48 total=608
[EMAPI] page=14 rows=100 kept=53 total=661
[EMAPI] page=15 rows=100 kept=48 total=709
[EMAPI] page=16 rows=100 kept=49 total=758
[EMAPI] page=17 rows=100 kept=45 total=803
[EMAPI] page=18 rows=100 kept=50 total=853
[EMAPI] page=19 rows=100 kept=46 total=899
[EMAPI] page=20 rows=100 kept=41 total=940
[EMAPI] page=21 rows=100 kept=31 total=971
[EMAPI] page=22 rows=100 kept=36 total=1007
[EMAPI] page=23 rows=100 kept=47 total=1054
[EMAPI] page=24 rows=100 kept=33 total=1087
[EMAPI] page=25 rows=100 kept=40 total=1127
[SCAN] round=347 market=1127 picks=7 ts=2026-03-23T15:08:24.140Z
[EMAPI] page=1 rows=100 kept=44 total=44
[EMAPI] page=2 rows=100 kept=49 total=93
[EMAPI] page=3 rows=100 kept=44 total=137
[EMAPI] page=4 rows=100 kept=43 total=180
[EMAPI] page=5 rows=100 kept=36 total=216
[EMAPI] page=6 rows=100 kept=51 total=267
[EMAPI] page=7 rows=100 kept=48 total=315
[EMAPI] page=8 rows=100 kept=45 total=360
[EMAPI] page=9 rows=100 kept=51 total=411
[EMAPI] page=10 rows=100 kept=48 total=459
[EMAPI] page=11 rows=100 kept=50 total=509
[EMAPI] page=12 rows=100 kept=51 total=560
[EMAPI] page=13 rows=100 kept=48 total=608
[EMAPI] page=14 rows=100 kept=53 total=661
[EMAPI] page=15 rows=100 kept=48 total=709
[EMAPI] page=16 rows=100 kept=49 total=758
[EMAPI] page=17 rows=100 kept=45 total=803
[EMAPI] page=18 rows=100 kept=50 total=853
[EMAPI] page=19 rows=100 kept=46 total=899
[EMAPI] page=20 rows=100 kept=41 total=940
[EMAPI] page=21 rows=100 kept=31 total=971
[EMAPI] page=22 rows=100 kept=36 total=1007
[EMAPI] page=23 rows=100 kept=47 total=1054
[EMAPI] page=24 rows=100 kept=33 total=1087
[EMAPI] page=25 rows=100 kept=40 total=1127
[SCAN] round=348 market=1127 picks=7 ts=2026-03-23T15:09:23.038Z
[EMAPI] page=1 rows=100 kept=44 total=44
[EMAPI] page=2 rows=100 kept=49 total=93
[EMAPI] page=3 rows=100 kept=44 total=137
[EMAPI] page=4 rows=100 kept=43 total=180
[EMAPI] page=5 rows=100 kept=36 total=216
[EMAPI] page=6 rows=100 kept=51 total=267
[EMAPI] page=7 rows=100 kept=48 total=315
[EMAPI] page=8 rows=100 kept=45 total=360
[EMAPI] page=9 rows=100 kept=51 total=411
[EMAPI] page=10 rows=100 kept=48 total=459
[EMAPI] page=11 rows=100 kept=50 total=509
[EMAPI] page=12 rows=100 kept=51 total=560
[EMAPI] page=13 rows=100 kept=48 total=608
[EMAPI] page=14 rows=100 kept=53 total=661
[EMAPI] page=15 rows=100 kept=48 total=709
[EMAPI] page=16 rows=100 kept=49 total=758
[EMAPI] page=17 rows=100 kept=45 total=803
[EMAPI] page=18 rows=100 kept=50 total=853
[EMAPI] page=19 rows=100 kept=46 total=899
[EMAPI] page=20 rows=100 kept=41 total=940
[EMAPI] page=21 rows=100 kept=31 total=971
[EMAPI] page=22 rows=100 kept=36 total=1007
[EMAPI] page=23 rows=100 kept=47 total=1054
[EMAPI] page=24 rows=100 kept=33 total=1087
[EMAPI] page=25 rows=100 kept=40 total=1127
[SCAN] round=349 market=1127 picks=7 ts=2026-03-23T15:10:25.009Z
[EMAPI] page=1 rows=100 kept=44 total=44
[EMAPI] page=2 rows=100 kept=49 total=93
[EMAPI] page=3 rows=100 kept=44 total=137
[EMAPI] page=4 rows=100 kept=43 total=180
[EMAPI] page=5 rows=100 kept=36 total=216
[EMAPI] page=6 rows=100 kept=51 total=267
[EMAPI] page=7 rows=100 kept=48 total=315
[EMAPI] page=8 rows=100 kept=45 total=360
[EMAPI] page=9 rows=100 kept=51 total=411
[EMAPI] page=10 rows=100 kept=48 total=459
[EMAPI] page=11 rows=100 kept=50 total=509
[EMAPI] page=12 rows=100 kept=51 total=560
[EMAPI] page=13 rows=100 kept=48 total=608
[EMAPI] page=14 rows=100 kept=53 total=661
[EMAPI] page=15 rows=100 kept=48 total=709
[EMAPI] page=16 rows=100 kept=49 total=758
[EMAPI] page=17 rows=100 kept=45 total=803
[EMAPI] page=18 rows=100 kept=50 total=853
[EMAPI] page=19 rows=100 kept=46 total=899
[EMAPI] page=20 rows=100 kept=41 total=940
[EMAPI] page=21 rows=100 kept=31 total=971
[EMAPI] page=22 rows=100 kept=36 total=1007
[EMAPI] page=23 rows=100 kept=47 total=1054
[EMAPI] page=24 rows=100 kept=33 total=1087
[EMAPI] page=25 rows=100 kept=40 total=1127
[SCAN] round=350 market=1127 picks=7 ts=2026-03-23T15:11:23.858Z
[EMAPI] page=1 rows=100 kept=44 total=44
[EMAPI] page=2 rows=100 kept=49 total=93
[EMAPI] page=3 rows=100 kept=44 total=137
[EMAPI] page=4 rows=100 kept=43 total=180
[EMAPI] page=5 rows=100 kept=36 total=216
[EMAPI] page=6 rows=100 kept=51 total=267
[EMAPI] page=7 rows=100 kept=48 total=315
[EMAPI] page=8 rows=100 kept=45 total=360
[EMAPI] page=9 rows=100 kept=51 total=411
[EMAPI] page=10 rows=100 kept=48 total=459
[EMAPI] page=11 rows=100 kept=50 total=509
[EMAPI] page=12 rows=100 kept=51 total=560
[EMAPI] page=13 rows=100 kept=48 total=608
[EMAPI] page=14 rows=100 kept=53 total=661
[EMAPI] page=15 rows=100 kept=48 total=709
[EMAPI] page=16 rows=100 kept=49 total=758
[EMAPI] page=17 rows=100 kept=45 total=803
[EMAPI] page=18 rows=100 kept=50 total=853
[EMAPI] page=19 rows=100 kept=46 total=899
[EMAPI] page=20 rows=100 kept=41 total=940
[EMAPI] page=21 rows=100 kept=31 total=971
[EMAPI] page=22 rows=100 kept=36 total=1007
[EMAPI] page=23 rows=100 kept=47 total=1054
[EMAPI] page=24 rows=100 kept=33 total=1087
[EMAPI] page=25 rows=100 kept=40 total=1127
[SCAN] round=351 market=1127 picks=7 ts=2026-03-23T15:12:23.535Z
[EMAPI] page=1 rows=100 kept=44 total=44
[EMAPI] page=2 rows=100 kept=49 total=93
[EMAPI] page=3 rows=100 kept=44 total=137
[EMAPI] page=4 rows=100 kept=43 total=180
[EMAPI] page=5 rows=100 kept=36 total=216
[EMAPI] page=6 rows=100 kept=51 total=267
[EMAPI] page=7 rows=100 kept=48 total=315
[EMAPI] page=8 rows=100 kept=45 total=360
[EMAPI] page=9 rows=100 kept=51 total=411
[EMAPI] page=10 rows=100 kept=48 total=459
[EMAPI] page=11 rows=100 kept=50 total=509
[EMAPI] page=12 rows=100 kept=51 total=560
[EMAPI] page=13 rows=100 kept=48 total=608
[EMAPI] page=14 rows=100 kept=53 total=661
[EMAPI] page=15 rows=100 kept=48 total=709
[EMAPI] page=16 rows=100 kept=49 total=758
[EMAPI] page=17 rows=100 kept=45 total=803
[EMAPI] page=18 rows=100 kept=50 total=853
[EMAPI] page=19 rows=100 kept=46 total=899
[EMAPI] page=20 rows=100 kept=41 total=940
[EMAPI] page=21 rows=100 kept=31 total=971
[EMAPI] page=22 rows=100 kept=36 total=1007
[EMAPI] page=23 rows=100 kept=47 total=1054
[EMAPI] page=24 rows=100 kept=33 total=1087
[EMAPI] page=25 rows=100 kept=40 total=1127
[SCAN] round=352 market=1127 picks=7 ts=2026-03-23T15:13:24.098Z
[EMAPI] page=1 rows=100 kept=44 total=44
[EMAPI] page=2 rows=100 kept=49 total=93
[EMAPI] page=3 rows=100 kept=44 total=137
[EMAPI] page=4 rows=100 kept=43 total=180
[EMAPI] page=5 rows=100 kept=36 total=216
[EMAPI] page=6 rows=100 kept=51 total=267
[EMAPI] page=7 rows=100 kept=48 total=315
[EMAPI] page=8 rows=100 kept=45 total=360
[EMAPI] page=9 rows=100 kept=51 total=411
[EMAPI] page=10 rows=100 kept=48 total=459
[EMAPI] page=11 rows=100 kept=50 total=509
[EMAPI] page=12 rows=100 kept=51 total=560
[EMAPI] page=13 rows=100 kept=48 total=608
[EMAPI] page=14 rows=100 kept=53 total=661
[EMAPI] page=15 rows=100 kept=48 total=709
[EMAPI] page=16 rows=100 kept=49 total=758
[EMAPI] page=17 rows=100 kept=45 total=803
[EMAPI] page=18 rows=100 kept=50 total=853
[EMAPI] page=19 rows=100 kept=46 total=899
[EMAPI] page=20 rows=100 kept=41 total=940
[EMAPI] page=21 rows=100 kept=31 total=971
[EMAPI] page=22 rows=100 kept=36 total=1007
[EMAPI] page=23 rows=100 kept=47 total=1054
[EMAPI] page=24 rows=100 kept=33 total=1087
[EMAPI] page=25 rows=100 kept=40 total=1127
[SCAN] round=353 market=1127 picks=7 ts=2026-03-23T15:14:23.966Z
[EMAPI] page=1 rows=100 kept=44 total=44
[EMAPI] page=2 rows=100 kept=49 total=93
[EMAPI] page=3 rows=100 kept=44 total=137
[EMAPI] page=4 rows=100 kept=43 total=180
[EMAPI] page=5 rows=100 kept=36 total=216
[EMAPI] page=6 rows=100 kept=51 total=267
[EMAPI] page=7 rows=100 kept=48 total=315
[EMAPI] page=8 rows=100 kept=45 total=360
[EMAPI] page=9 rows=100 kept=51 total=411
[EMAPI] page=10 rows=100 kept=48 total=459
[EMAPI] page=11 rows=100 kept=50 total=509
[EMAPI] page=12 rows=100 kept=51 total=560
[EMAPI] page=13 rows=100 kept=48 total=608
[EMAPI] page=14 rows=100 kept=53 total=661
[EMAPI] page=15 rows=100 kept=48 total=709
[EMAPI] page=16 rows=100 kept=49 total=758
[EMAPI] page=17 rows=100 kept=45 total=803
[EMAPI] page=18 rows=100 kept=50 total=853
[EMAPI] page=19 rows=100 kept=46 total=899
[EMAPI] page=20 rows=100 kept=41 total=940
[EMAPI] page=21 rows=100 kept=31 total=971
[EMAPI] page=22 rows=100 kept=36 total=1007
[EMAPI] page=23 rows=100 kept=47 total=1054
[EMAPI] page=24 rows=100 kept=33 total=1087
[EMAPI] page=25 rows=100 kept=40 total=1127
[SCAN] round=354 market=1127 picks=7 ts=2026-03-23T15:15:25.244Z
[EMAPI] page=1 rows=100 kept=44 total=44
[EMAPI] page=2 rows=100 kept=49 total=93
[EMAPI] page=3 rows=100 kept=44 total=137
[EMAPI] page=4 rows=100 kept=43 total=180
[EMAPI] page=5 rows=100 kept=36 total=216
[EMAPI] page=6 rows=100 kept=51 total=267
[EMAPI] page=7 rows=100 kept=48 total=315
[EMAPI] page=8 rows=100 kept=45 total=360
[EMAPI] page=9 rows=100 kept=51 total=411
[EMAPI] page=10 rows=100 kept=48 total=459
[EMAPI] page=11 rows=100 kept=50 total=509
[EMAPI] page=12 rows=100 kept=51 total=560
[EMAPI] page=13 rows=100 kept=48 total=608
[EMAPI] page=14 rows=100 kept=53 total=661
[EMAPI] page=15 rows=100 kept=48 total=709
[EMAPI] page=16 rows=100 kept=49 total=758
[EMAPI] page=17 rows=100 kept=45 total=803
[EMAPI] page=18 rows=100 kept=50 total=853
[EMAPI] page=19 rows=100 kept=46 total=899
[EMAPI] page=20 rows=100 kept=41 total=940
[EMAPI] page=21 rows=100 kept=31 total=971
[EMAPI] page=22 rows=100 kept=36 total=1007
[EMAPI] page=23 rows=100 kept=47 total=1054
[EMAPI] page=24 rows=100 kept=33 total=1087
[EMAPI] page=25 rows=100 kept=40 total=1127
[SCAN] round=355 market=1127 picks=7 ts=2026-03-23T15:16:25.193Z
[EMAPI] page=1 rows=100 kept=44 total=44
[EMAPI] page=2 rows=100 kept=49 total=93
[EMAPI] page=3 rows=100 kept=44 total=137
[EMAPI] page=4 rows=100 kept=43 total=180
[EMAPI] page=5 rows=100 kept=36 total=216
[EMAPI] page=6 rows=100 kept=51 total=267
[EMAPI] page=7 rows=100 kept=48 total=315
[EMAPI] page=8 rows=100 kept=45 total=360
[EMAPI] page=9 rows=100 kept=51 total=411
[EMAPI] page=10 rows=100 kept=48 total=459
[EMAPI] page=11 rows=100 kept=50 total=509
[EMAPI] page=12 rows=100 kept=51 total=560
[EMAPI] page=13 rows=100 kept=48 total=608
[EMAPI] page=14 rows=100 kept=53 total=661
[EMAPI] page=15 rows=100 kept=48 total=709
[EMAPI] page=16 rows=100 kept=49 total=758
[EMAPI] page=17 rows=100 kept=45 total=803
[EMAPI] page=18 rows=100 kept=50 total=853
[EMAPI] page=19 rows=100 kept=46 total=899
[EMAPI] page=20 rows=100 kept=41 total=940
[EMAPI] page=21 rows=100 kept=31 total=971
[EMAPI] page=22 rows=100 kept=36 total=1007
[EMAPI] page=23 rows=100 kept=47 total=1054
[EMAPI] page=24 rows=100 kept=33 total=1087
[EMAPI] page=25 rows=100 kept=40 total=1127
[SCAN] round=356 market=1127 picks=7 ts=2026-03-23T15:17:24.819Z
[EMAPI] page=1 rows=100 kept=44 total=44
[EMAPI] page=2 rows=100 kept=49 total=93
[EMAPI] page=3 rows=100 kept=44 total=137
[EMAPI] page=4 rows=100 kept=43 total=180
[EMAPI] page=5 rows=100 kept=36 total=216
[EMAPI] page=6 rows=100 kept=51 total=267
[EMAPI] page=7 rows=100 kept=48 total=315
[EMAPI] page=8 rows=100 kept=45 total=360
[EMAPI] page=9 rows=100 kept=51 total=411
[EMAPI] page=10 rows=100 kept=48 total=459
[EMAPI] page=11 rows=100 kept=50 total=509
[EMAPI] page=12 rows=100 kept=51 total=560
[EMAPI] page=13 rows=100 kept=48 total=608
[EMAPI] page=14 rows=100 kept=53 total=661
[EMAPI] page=15 rows=100 kept=48 total=709
[EMAPI] page=16 rows=100 kept=49 total=758
[EMAPI] page=17 rows=100 kept=45 total=803
[EMAPI] page=18 rows=100 kept=50 total=853
[EMAPI] page=19 rows=100 kept=46 total=899
[EMAPI] page=20 rows=100 kept=41 total=940
[EMAPI] page=21 rows=100 kept=31 total=971
[EMAPI] page=22 rows=100 kept=36 total=1007
[EMAPI] page=23 rows=100 kept=47 total=1054
[EMAPI] page=24 rows=100 kept=33 total=1087
[EMAPI] page=25 rows=100 kept=40 total=1127
[SCAN] round=357 market=1127 picks=7 ts=2026-03-23T15:18:24.390Z
[EMAPI] page=1 rows=100 kept=44 total=44
[EMAPI] page=2 rows=100 kept=49 total=93
[EMAPI] page=3 rows=100 kept=44 total=137
[EMAPI] page=4 rows=100 kept=43 total=180
[EMAPI] page=5 rows=100 kept=36 total=216
[EMAPI] page=6 rows=100 kept=51 total=267
[EMAPI] page=7 rows=100 kept=48 total=315
[EMAPI] page=8 rows=100 kept=45 total=360
[EMAPI] page=9 rows=100 kept=51 total=411
[EMAPI] page=10 rows=100 kept=48 total=459
[EMAPI] page=11 rows=100 kept=50 total=509
[EMAPI] page=12 rows=100 kept=51 total=560
[EMAPI] page=13 rows=100 kept=48 total=608
[EMAPI] page=14 rows=100 kept=53 total=661
[EMAPI] page=15 rows=100 kept=48 total=709
[EMAPI] page=16 rows=100 kept=49 total=758
[EMAPI] page=17 rows=100 kept=45 total=803
[EMAPI] page=18 rows=100 kept=50 total=853
[EMAPI] page=19 rows=100 kept=46 total=899
[EMAPI] page=20 rows=100 kept=41 total=940
[EMAPI] page=21 rows=100 kept=31 total=971
[EMAPI] page=22 rows=100 kept=36 total=1007
[EMAPI] page=23 rows=100 kept=47 total=1054
[EMAPI] page=24 rows=100 kept=33 total=1087
[EMAPI] page=25 rows=100 kept=40 total=1127
[SCAN] round=358 market=1127 picks=7 ts=2026-03-23T15:19:24.850Z
[EMAPI] page=1 rows=100 kept=44 total=44
[EMAPI] page=2 rows=100 kept=49 total=93
[EMAPI] page=3 rows=100 kept=44 total=137
[EMAPI] page=4 rows=100 kept=43 total=180
[EMAPI] page=5 rows=100 kept=36 total=216
[EMAPI] page=6 rows=100 kept=51 total=267
[EMAPI] page=7 rows=100 kept=48 total=315
[EMAPI] page=8 rows=100 kept=45 total=360
[EMAPI] page=9 rows=100 kept=51 total=411
[EMAPI] page=10 rows=100 kept=48 total=459
[EMAPI] page=11 rows=100 kept=50 total=509
[EMAPI] page=12 rows=100 kept=51 total=560
[EMAPI] page=13 rows=100 kept=48 total=608
[EMAPI] page=14 rows=100 kept=53 total=661
[EMAPI] page=15 rows=100 kept=48 total=709
[EMAPI] page=16 rows=100 kept=49 total=758
[EMAPI] page=17 rows=100 kept=45 total=803
[EMAPI] page=18 rows=100 kept=50 total=853
[EMAPI] page=19 rows=100 kept=46 total=899
[EMAPI] page=20 rows=100 kept=41 total=940
[EMAPI] page=21 rows=100 kept=31 total=971
[EMAPI] page=22 rows=100 kept=36 total=1007
[EMAPI] page=23 rows=100 kept=47 total=1054
[EMAPI] page=24 rows=100 kept=33 total=1087
[EMAPI] page=25 rows=100 kept=40 total=1127
[SCAN] round=359 market=1127 picks=7 ts=2026-03-23T15:20:23.913Z
[EMAPI] page=1 rows=100 kept=44 total=44
[EMAPI] page=2 rows=100 kept=49 total=93
[EMAPI] page=3 rows=100 kept=44 total=137
[EMAPI] page=4 rows=100 kept=43 total=180
[EMAPI] page=5 rows=100 kept=36 total=216
[EMAPI] page=6 rows=100 kept=51 total=267
[EMAPI] page=7 rows=100 kept=48 total=315
[EMAPI] page=8 rows=100 kept=45 total=360
[EMAPI] page=9 rows=100 kept=51 total=411
[EMAPI] page=10 rows=100 kept=48 total=459
[EMAPI] page=11 rows=100 kept=50 total=509
[EMAPI] page=12 rows=100 kept=51 total=560
[EMAPI] page=13 rows=100 kept=48 total=608
[EMAPI] page=14 rows=100 kept=53 total=661
[EMAPI] page=15 rows=100 kept=48 total=709
[EMAPI] page=16 rows=100 kept=49 total=758
[EMAPI] page=17 rows=100 kept=45 total=803
[EMAPI] page=18 rows=100 kept=50 total=853
[EMAPI] page=19 rows=100 kept=46 total=899
[EMAPI] page=20 rows=100 kept=41 total=940
[EMAPI] page=21 rows=100 kept=31 total=971
[EMAPI] page=22 rows=100 kept=36 total=1007
[EMAPI] page=23 rows=100 kept=47 total=1054
[EMAPI] page=24 rows=100 kept=33 total=1087
[EMAPI] page=25 rows=100 kept=40 total=1127
[SCAN] round=360 market=1127 picks=7 ts=2026-03-23T15:21:25.546Z
[EMAPI] page=1 rows=100 kept=44 total=44
[EMAPI] page=2 rows=100 kept=49 total=93
[EMAPI] page=3 rows=100 kept=44 total=137
[EMAPI] page=4 rows=100 kept=43 total=180
[EMAPI] page=5 rows=100 kept=36 total=216
[EMAPI] page=6 rows=100 kept=51 total=267
[EMAPI] page=7 rows=100 kept=48 total=315
[EMAPI] page=8 rows=100 kept=45 total=360
[EMAPI] page=9 rows=100 kept=51 total=411
[EMAPI] page=10 rows=100 kept=48 total=459
[EMAPI] page=11 rows=100 kept=50 total=509
[EMAPI] page=12 rows=100 kept=51 total=560
[EMAPI] page=13 rows=100 kept=48 total=608
[EMAPI] page=14 rows=100 kept=53 total=661
[EMAPI] page=15 rows=100 kept=48 total=709
[EMAPI] page=16 rows=100 kept=49 total=758
[EMAPI] page=17 rows=100 kept=45 total=803
[EMAPI] page=18 rows=100 kept=50 total=853
[EMAPI] page=19 rows=100 kept=46 total=899
[EMAPI] page=20 rows=100 kept=41 total=940
[EMAPI] page=21 rows=100 kept=31 total=971
[EMAPI] page=22 rows=100 kept=36 total=1007
[EMAPI] page=23 rows=100 kept=47 total=1054
[EMAPI] page=24 rows=100 kept=33 total=1087
[EMAPI] page=25 rows=100 kept=40 total=1127
[SCAN] round=361 market=1127 picks=7 ts=2026-03-23T15:22:24.839Z
[EMAPI] page=1 rows=100 kept=44 total=44
[EMAPI] page=2 rows=100 kept=49 total=93
[EMAPI] page=3 rows=100 kept=44 total=137
[EMAPI] page=4 rows=100 kept=43 total=180
[EMAPI] page=5 rows=100 kept=36 total=216
[EMAPI] page=6 rows=100 kept=51 total=267
[EMAPI] page=7 rows=100 kept=48 total=315
[EMAPI] page=8 rows=100 kept=45 total=360
[EMAPI] page=9 rows=100 kept=51 total=411
[EMAPI] page=10 rows=100 kept=48 total=459
[EMAPI] page=11 rows=100 kept=50 total=509
[EMAPI] page=12 rows=100 kept=51 total=560
[EMAPI] page=13 rows=100 kept=48 total=608
[EMAPI] page=14 rows=100 kept=53 total=661
[EMAPI] page=15 rows=100 kept=48 total=709
[EMAPI] page=16 rows=100 kept=49 total=758
[EMAPI] page=17 rows=100 kept=45 total=803
[EMAPI] page=18 rows=100 kept=50 total=853
[EMAPI] page=19 rows=100 kept=46 total=899
[EMAPI] page=20 rows=100 kept=41 total=940
[EMAPI] page=21 rows=100 kept=31 total=971
[EMAPI] page=22 rows=100 kept=36 total=1007
[EMAPI] page=23 rows=100 kept=47 total=1054
[EMAPI] page=24 rows=100 kept=33 total=1087
[EMAPI] page=25 rows=100 kept=40 total=1127
[SCAN] round=362 market=1127 picks=7 ts=2026-03-23T15:23:24.274Z
[EMAPI] page=1 rows=100 kept=44 total=44
[EMAPI] page=2 rows=100 kept=49 total=93
[EMAPI] page=3 rows=100 kept=44 total=137
[EMAPI] page=4 rows=100 kept=43 total=180
[EMAPI] page=5 rows=100 kept=36 total=216
[EMAPI] page=6 rows=100 kept=51 total=267
[EMAPI] page=7 rows=100 kept=48 total=315
[EMAPI] page=8 rows=100 kept=45 total=360
[EMAPI] page=9 rows=100 kept=51 total=411
[EMAPI] page=10 rows=100 kept=48 total=459
[EMAPI] page=11 rows=100 kept=50 total=509
[EMAPI] page=12 rows=100 kept=51 total=560
[EMAPI] page=13 rows=100 kept=48 total=608
[EMAPI] page=14 rows=100 kept=53 total=661
[EMAPI] page=15 rows=100 kept=48 total=709
[EMAPI] page=16 rows=100 kept=49 total=758
[EMAPI] page=17 rows=100 kept=45 total=803
[EMAPI] page=18 rows=100 kept=50 total=853
[EMAPI] page=19 rows=100 kept=46 total=899
[EMAPI] page=20 rows=100 kept=41 total=940
[EMAPI] page=21 rows=100 kept=31 total=971
[EMAPI] page=22 rows=100 kept=36 total=1007
[EMAPI] page=23 rows=100 kept=47 total=1054
[EMAPI] page=24 rows=100 kept=33 total=1087
[EMAPI] page=25 rows=100 kept=40 total=1127
[SCAN] round=363 market=1127 picks=7 ts=2026-03-23T15:24:23.793Z
[EMAPI] page=1 rows=100 kept=44 total=44
[EMAPI] page=2 rows=100 kept=49 total=93
[EMAPI] page=3 rows=100 kept=44 total=137
[EMAPI] page=4 rows=100 kept=43 total=180
[EMAPI] page=5 rows=100 kept=36 total=216
[EMAPI] page=6 rows=100 kept=51 total=267
[EMAPI] page=7 rows=100 kept=48 total=315
[EMAPI] page=8 rows=100 kept=45 total=360
[EMAPI] page=9 rows=100 kept=51 total=411
[EMAPI] page=10 rows=100 kept=48 total=459
[EMAPI] page=11 rows=100 kept=50 total=509
[EMAPI] page=12 rows=100 kept=51 total=560
[EMAPI] page=13 rows=100 kept=48 total=608
[EMAPI] page=14 rows=100 kept=53 total=661
[EMAPI] page=15 rows=100 kept=48 total=709
[EMAPI] page=16 rows=100 kept=49 total=758
[EMAPI] page=17 rows=100 kept=45 total=803
[EMAPI] page=18 rows=100 kept=50 total=853
[EMAPI] page=19 rows=100 kept=46 total=899
[EMAPI] page=20 rows=100 kept=41 total=940
[EMAPI] page=21 rows=100 kept=31 total=971
[EMAPI] page=22 rows=100 kept=36 total=1007
[EMAPI] page=23 rows=100 kept=47 total=1054
[EMAPI] page=24 rows=100 kept=33 total=1087
[EMAPI] page=25 rows=100 kept=40 total=1127
[SCAN] round=364 market=1127 picks=7 ts=2026-03-23T15:25:24.170Z
[EMAPI] page=1 rows=100 kept=44 total=44
[EMAPI] page=2 rows=100 kept=49 total=93
[EMAPI] page=3 rows=100 kept=44 total=137
[EMAPI] page=4 rows=100 kept=43 total=180
[EMAPI] page=5 rows=100 kept=36 total=216
[EMAPI] page=6 rows=100 kept=51 total=267
[EMAPI] page=7 rows=100 kept=48 total=315
[EMAPI] page=8 rows=100 kept=45 total=360
[EMAPI] page=9 rows=100 kept=51 total=411
[EMAPI] page=10 rows=100 kept=48 total=459
[EMAPI] page=11 rows=100 kept=50 total=509
[EMAPI] page=12 rows=100 kept=51 total=560
[EMAPI] page=13 rows=100 kept=48 total=608
[EMAPI] page=14 rows=100 kept=53 total=661
[EMAPI] page=15 rows=100 kept=48 total=709
[EMAPI] page=16 rows=100 kept=49 total=758
[EMAPI] page=17 rows=100 kept=45 total=803
[EMAPI] page=18 rows=100 kept=50 total=853
[EMAPI] page=19 rows=100 kept=46 total=899
[EMAPI] page=20 rows=100 kept=41 total=940
[EMAPI] page=21 rows=100 kept=31 total=971
[EMAPI] page=22 rows=100 kept=36 total=1007
[EMAPI] page=23 rows=100 kept=47 total=1054
[EMAPI] page=24 rows=100 kept=33 total=1087
[EMAPI] page=25 rows=100 kept=40 total=1127
[SCAN] round=365 market=1127 picks=7 ts=2026-03-23T15:26:24.692Z
[EMAPI] page=1 rows=100 kept=44 total=44
[EMAPI] page=2 rows=100 kept=49 total=93
[EMAPI] page=3 rows=100 kept=44 total=137
[EMAPI] page=4 rows=100 kept=43 total=180
[EMAPI] page=5 rows=100 kept=36 total=216
[EMAPI] page=6 rows=100 kept=51 total=267
[EMAPI] page=7 rows=100 kept=48 total=315
[EMAPI] page=8 rows=100 kept=45 total=360
[EMAPI] page=9 rows=100 kept=51 total=411
[EMAPI] page=10 rows=100 kept=48 total=459
[EMAPI] page=11 rows=100 kept=50 total=509
[EMAPI] page=12 rows=100 kept=51 total=560
[EMAPI] page=13 rows=100 kept=48 total=608
[EMAPI] page=14 rows=100 kept=53 total=661
[EMAPI] page=15 rows=100 kept=48 total=709
[EMAPI] page=16 rows=100 kept=49 total=758
[EMAPI] page=17 rows=100 kept=45 total=803
[EMAPI] page=18 rows=100 kept=50 total=853
[EMAPI] page=19 rows=100 kept=46 total=899
[EMAPI] page=20 rows=100 kept=41 total=940
[EMAPI] page=21 rows=100 kept=31 total=971
[EMAPI] page=22 rows=100 kept=36 total=1007
[EMAPI] page=23 rows=100 kept=47 total=1054
[EMAPI] page=24 rows=100 kept=33 total=1087
[EMAPI] page=25 rows=100 kept=40 total=1127
[SCAN] round=366 market=1127 picks=7 ts=2026-03-23T15:27:24.330Z
[EMAPI] page=1 rows=100 kept=44 total=44
[EMAPI] page=2 rows=100 kept=49 total=93
[EMAPI] page=3 rows=100 kept=44 total=137
[EMAPI] page=4 rows=100 kept=43 total=180
[EMAPI] page=5 rows=100 kept=36 total=216
[EMAPI] page=6 rows=100 kept=51 total=267
[EMAPI] page=7 rows=100 kept=48 total=315
[EMAPI] page=8 rows=100 kept=45 total=360
[EMAPI] page=9 rows=100 kept=51 total=411
[EMAPI] page=10 rows=100 kept=48 total=459
[EMAPI] page=11 rows=100 kept=50 total=509
[EMAPI] page=12 rows=100 kept=51 total=560
[EMAPI] page=13 rows=100 kept=48 total=608
[EMAPI] page=14 rows=100 kept=53 total=661
[EMAPI] page=15 rows=100 kept=48 total=709
[EMAPI] page=16 rows=100 kept=49 total=758
[EMAPI] page=17 rows=100 kept=45 total=803
[EMAPI] page=18 rows=100 kept=50 total=853
[EMAPI] page=19 rows=100 kept=46 total=899
[EMAPI] page=20 rows=100 kept=41 total=940
[EMAPI] page=21 rows=100 kept=31 total=971
[EMAPI] page=22 rows=100 kept=36 total=1007
[EMAPI] page=23 rows=100 kept=47 total=1054
[EMAPI] page=24 rows=100 kept=33 total=1087
[EMAPI] page=25 rows=100 kept=40 total=1127
[SCAN] round=367 market=1127 picks=7 ts=2026-03-23T15:28:23.216Z
[EMAPI] page=1 rows=100 kept=44 total=44
[EMAPI] page=2 rows=100 kept=49 total=93
[EMAPI] page=3 rows=100 kept=44 total=137
[EMAPI] page=4 rows=100 kept=43 total=180
[EMAPI] page=5 rows=100 kept=36 total=216
[EMAPI] page=6 rows=100 kept=51 total=267
[EMAPI] page=7 rows=100 kept=48 total=315
[EMAPI] page=8 rows=100 kept=45 total=360
[EMAPI] page=9 rows=100 kept=51 total=411
[EMAPI] page=10 rows=100 kept=48 total=459
[EMAPI] page=11 rows=100 kept=50 total=509
[EMAPI] page=12 rows=100 kept=51 total=560
[EMAPI] page=13 rows=100 kept=48 total=608
[EMAPI] page=14 rows=100 kept=53 total=661
[EMAPI] page=15 rows=100 kept=48 total=709
[EMAPI] page=16 rows=100 kept=49 total=758
[EMAPI] page=17 rows=100 kept=45 total=803
[EMAPI] page=18 rows=100 kept=50 total=853
[EMAPI] page=19 rows=100 kept=46 total=899
[EMAPI] page=20 rows=100 kept=41 total=940
[EMAPI] page=21 rows=100 kept=31 total=971
[EMAPI] page=22 rows=100 kept=36 total=1007
[EMAPI] page=23 rows=100 kept=47 total=1054
[EMAPI] page=24 rows=100 kept=33 total=1087
[EMAPI] page=25 rows=100 kept=40 total=1127
[SCAN] round=368 market=1127 picks=7 ts=2026-03-23T15:29:24.435Z
[EMAPI] page=1 rows=100 kept=44 total=44
[EMAPI] page=2 rows=100 kept=49 total=93
[EMAPI] page=3 rows=100 kept=44 total=137
[EMAPI] page=4 rows=100 kept=43 total=180
[EMAPI] page=5 rows=100 kept=36 total=216
[EMAPI] page=6 rows=100 kept=51 total=267
[EMAPI] page=7 rows=100 kept=48 total=315
[EMAPI] page=8 rows=100 kept=45 total=360
[EMAPI] page=9 rows=100 kept=51 total=411
[EMAPI] page=10 rows=100 kept=48 total=459
[EMAPI] page=11 rows=100 kept=50 total=509
[EMAPI] page=12 rows=100 kept=51 total=560
[EMAPI] page=13 rows=100 kept=48 total=608
[EMAPI] page=14 rows=100 kept=53 total=661
[EMAPI] page=15 rows=100 kept=48 total=709
[EMAPI] page=16 rows=100 kept=49 total=758
[EMAPI] page=17 rows=100 kept=45 total=803
[EMAPI] page=18 rows=100 kept=50 total=853
[EMAPI] page=19 rows=100 kept=46 total=899
[EMAPI] page=20 rows=100 kept=41 total=940
[EMAPI] page=21 rows=100 kept=31 total=971
[EMAPI] page=22 rows=100 kept=36 total=1007
[EMAPI] page=23 rows=100 kept=47 total=1054
[EMAPI] page=24 rows=100 kept=33 total=1087
[EMAPI] page=25 rows=100 kept=40 total=1127
[SCAN] round=369 market=1127 picks=7 ts=2026-03-23T15:30:23.084Z
[EMAPI] page=1 rows=100 kept=44 total=44
[EMAPI] page=2 rows=100 kept=49 total=93
[EMAPI] page=3 rows=100 kept=44 total=137
[EMAPI] page=4 rows=100 kept=43 total=180
[EMAPI] page=5 rows=100 kept=36 total=216
[EMAPI] page=6 rows=100 kept=51 total=267
[EMAPI] page=7 rows=100 kept=48 total=315
[EMAPI] page=8 rows=100 kept=45 total=360
[EMAPI] page=9 rows=100 kept=51 total=411
[EMAPI] page=10 rows=100 kept=48 total=459
[EMAPI] page=11 rows=100 kept=50 total=509
[EMAPI] page=12 rows=100 kept=51 total=560
[EMAPI] page=13 rows=100 kept=48 total=608
[EMAPI] page=14 rows=100 kept=53 total=661
[EMAPI] page=15 rows=100 kept=48 total=709
[EMAPI] page=16 rows=100 kept=49 total=758
[EMAPI] page=17 rows=100 kept=45 total=803
[EMAPI] page=18 rows=100 kept=50 total=853
[EMAPI] page=19 rows=100 kept=46 total=899
[EMAPI] page=20 rows=100 kept=41 total=940
[EMAPI] page=21 rows=100 kept=31 total=971
[EMAPI] page=22 rows=100 kept=36 total=1007
[EMAPI] page=23 rows=100 kept=47 total=1054
[EMAPI] page=24 rows=100 kept=33 total=1087
[EMAPI] page=25 rows=100 kept=40 total=1127
[SCAN] round=370 market=1127 picks=7 ts=2026-03-23T15:31:22.961Z
[EMAPI] page=1 rows=100 kept=44 total=44
[EMAPI] page=2 rows=100 kept=49 total=93
[EMAPI] page=3 rows=100 kept=44 total=137
[EMAPI] page=4 rows=100 kept=43 total=180
[EMAPI] page=5 rows=100 kept=36 total=216
[EMAPI] page=6 rows=100 kept=51 total=267
[EMAPI] page=7 rows=100 kept=48 total=315
[EMAPI] page=8 rows=100 kept=45 total=360
[EMAPI] page=9 rows=100 kept=51 total=411
[EMAPI] page=10 rows=100 kept=48 total=459
[EMAPI] page=11 rows=100 kept=50 total=509
[EMAPI] page=12 rows=100 kept=51 total=560
[EMAPI] page=13 rows=100 kept=48 total=608
[EMAPI] page=14 rows=100 kept=53 total=661
[EMAPI] page=15 rows=100 kept=48 total=709
[EMAPI] page=16 rows=100 kept=49 total=758
[EMAPI] page=17 rows=100 kept=45 total=803
[EMAPI] page=18 rows=100 kept=50 total=853
[EMAPI] page=19 rows=100 kept=46 total=899
[EMAPI] page=20 rows=100 kept=41 total=940
[EMAPI] page=21 rows=100 kept=31 total=971
[EMAPI] page=22 rows=100 kept=36 total=1007
[EMAPI] page=23 rows=100 kept=47 total=1054
[EMAPI] page=24 rows=100 kept=33 total=1087
[EMAPI] page=25 rows=100 kept=40 total=1127
[SCAN] round=371 market=1127 picks=7 ts=2026-03-23T15:32:24.526Z
[EMAPI] page=1 rows=100 kept=44 total=44
[EMAPI] page=2 rows=100 kept=49 total=93
[EMAPI] page=3 rows=100 kept=44 total=137
[EMAPI] page=4 rows=100 kept=43 total=180
[EMAPI] page=5 rows=100 kept=36 total=216
[EMAPI] page=6 rows=100 kept=51 total=267
[EMAPI] page=7 rows=100 kept=48 total=315
[EMAPI] page=8 rows=100 kept=45 total=360
[EMAPI] page=9 rows=100 kept=51 total=411
[EMAPI] page=10 rows=100 kept=48 total=459
[EMAPI] page=11 rows=100 kept=50 total=509
[EMAPI] page=12 rows=100 kept=51 total=560
[EMAPI] page=13 rows=100 kept=48 total=608
[EMAPI] page=14 rows=100 kept=53 total=661
[EMAPI] page=15 rows=100 kept=48 total=709
[EMAPI] page=16 rows=100 kept=49 total=758
[EMAPI] page=17 rows=100 kept=45 total=803
[EMAPI] page=18 rows=100 kept=50 total=853
[EMAPI] page=19 rows=100 kept=46 total=899
[EMAPI] page=20 rows=100 kept=41 total=940
[EMAPI] page=21 rows=100 kept=31 total=971
[EMAPI] page=22 rows=100 kept=36 total=1007
[EMAPI] page=23 rows=100 kept=47 total=1054
[EMAPI] page=24 rows=100 kept=33 total=1087
[EMAPI] page=25 rows=100 kept=40 total=1127
[SCAN] round=372 market=1127 picks=7 ts=2026-03-23T15:33:24.472Z
[EMAPI] page=1 rows=100 kept=44 total=44
[EMAPI] page=2 rows=100 kept=49 total=93
[EMAPI] page=3 rows=100 kept=44 total=137
[EMAPI] page=4 rows=100 kept=43 total=180
[EMAPI] page=5 rows=100 kept=36 total=216
[EMAPI] page=6 rows=100 kept=51 total=267
[EMAPI] page=7 rows=100 kept=48 total=315
[EMAPI] page=8 rows=100 kept=45 total=360
[EMAPI] page=9 rows=100 kept=51 total=411
[EMAPI] page=10 rows=100 kept=48 total=459
[EMAPI] page=11 rows=100 kept=50 total=509
[EMAPI] page=12 rows=100 kept=51 total=560
[EMAPI] page=13 rows=100 kept=48 total=608
[EMAPI] page=14 rows=100 kept=53 total=661
[EMAPI] page=15 rows=100 kept=48 total=709
[EMAPI] page=16 rows=100 kept=49 total=758
[EMAPI] page=17 rows=100 kept=45 total=803
[EMAPI] page=18 rows=100 kept=50 total=853
[EMAPI] page=19 rows=100 kept=46 total=899
[EMAPI] page=20 rows=100 kept=41 total=940
[EMAPI] page=21 rows=100 kept=31 total=971
[EMAPI] page=22 rows=100 kept=36 total=1007
[EMAPI] page=23 rows=100 kept=47 total=1054
[EMAPI] page=24 rows=100 kept=33 total=1087
[EMAPI] page=25 rows=100 kept=40 total=1127
[SCAN] round=373 market=1127 picks=7 ts=2026-03-23T15:34:23.957Z
[EMAPI] page=1 rows=100 kept=44 total=44
[EMAPI] page=2 rows=100 kept=49 total=93
[EMAPI] page=3 rows=100 kept=44 total=137
[EMAPI] page=4 rows=100 kept=43 total=180
[EMAPI] page=5 rows=100 kept=36 total=216
[EMAPI] page=6 rows=100 kept=51 total=267
[EMAPI] page=7 rows=100 kept=48 total=315
[EMAPI] page=8 rows=100 kept=45 total=360
[EMAPI] page=9 rows=100 kept=51 total=411
[EMAPI] page=10 rows=100 kept=48 total=459
[EMAPI] page=11 rows=100 kept=50 total=509
[EMAPI] page=12 rows=100 kept=51 total=560
[EMAPI] page=13 rows=100 kept=48 total=608
[EMAPI] page=14 rows=100 kept=53 total=661
[EMAPI] page=15 rows=100 kept=48 total=709
[EMAPI] page=16 rows=100 kept=49 total=758
[EMAPI] page=17 rows=100 kept=45 total=803
[EMAPI] page=18 rows=100 kept=50 total=853
[EMAPI] page=19 rows=100 kept=46 total=899
[EMAPI] page=20 rows=100 kept=41 total=940
[EMAPI] page=21 rows=100 kept=31 total=971
[EMAPI] page=22 rows=100 kept=36 total=1007
[EMAPI] page=23 rows=100 kept=47 total=1054
[EMAPI] page=24 rows=100 kept=33 total=1087
[EMAPI] page=25 rows=100 kept=40 total=1127
[SCAN] round=374 market=1127 picks=7 ts=2026-03-23T15:35:24.843Z
[EMAPI] page=1 rows=100 kept=44 total=44
[EMAPI] page=2 rows=100 kept=49 total=93
[EMAPI] page=3 rows=100 kept=44 total=137
[EMAPI] page=4 rows=100 kept=43 total=180
[EMAPI] page=5 rows=100 kept=36 total=216
[EMAPI] page=6 rows=100 kept=51 total=267
[EMAPI] page=7 rows=100 kept=48 total=315
[EMAPI] page=8 rows=100 kept=45 total=360
[EMAPI] page=9 rows=100 kept=51 total=411
[EMAPI] page=10 rows=100 kept=48 total=459
[EMAPI] page=11 rows=100 kept=50 total=509
[EMAPI] page=12 rows=100 kept=51 total=560
[EMAPI] page=13 rows=100 kept=48 total=608
[EMAPI] page=14 rows=100 kept=53 total=661
[EMAPI] page=15 rows=100 kept=48 total=709
[EMAPI] page=16 rows=100 kept=49 total=758
[EMAPI] page=17 rows=100 kept=45 total=803
[EMAPI] page=18 rows=100 kept=50 total=853
[EMAPI] page=19 rows=100 kept=46 total=899
[EMAPI] page=20 rows=100 kept=41 total=940
[EMAPI] page=21 rows=100 kept=31 total=971
[EMAPI] page=22 rows=100 kept=36 total=1007
[EMAPI] page=23 rows=100 kept=47 total=1054
[EMAPI] page=24 rows=100 kept=33 total=1087
[EMAPI] page=25 rows=100 kept=40 total=1127
[SCAN] round=375 market=1127 picks=7 ts=2026-03-23T15:36:23.737Z
[EMAPI] page=1 rows=100 kept=44 total=44
[EMAPI] page=2 rows=100 kept=49 total=93
[EMAPI] page=3 rows=100 kept=44 total=137
[EMAPI] page=4 rows=100 kept=43 total=180
[EMAPI] page=5 rows=100 kept=36 total=216
[EMAPI] page=6 rows=100 kept=51 total=267
[EMAPI] page=7 rows=100 kept=48 total=315
[EMAPI] page=8 rows=100 kept=45 total=360
[EMAPI] page=9 rows=100 kept=51 total=411
[EMAPI] page=10 rows=100 kept=48 total=459
[EMAPI] page=11 rows=100 kept=50 total=509
[EMAPI] page=12 rows=100 kept=51 total=560
[EMAPI] page=13 rows=100 kept=48 total=608
[EMAPI] page=14 rows=100 kept=53 total=661
[EMAPI] page=15 rows=100 kept=48 total=709
[EMAPI] page=16 rows=100 kept=49 total=758
[EMAPI] page=17 rows=100 kept=45 total=803
[EMAPI] page=18 rows=100 kept=50 total=853
[EMAPI] page=19 rows=100 kept=46 total=899
[EMAPI] page=20 rows=100 kept=41 total=940
[EMAPI] page=21 rows=100 kept=31 total=971
[EMAPI] page=22 rows=100 kept=36 total=1007
[EMAPI] page=23 rows=100 kept=47 total=1054
[EMAPI] page=24 rows=100 kept=33 total=1087
[EMAPI] page=25 rows=100 kept=40 total=1127
[SCAN] round=376 market=1127 picks=7 ts=2026-03-23T15:37:23.534Z
[EMAPI] page=1 rows=100 kept=44 total=44
[EMAPI] page=2 rows=100 kept=49 total=93
[EMAPI] page=3 rows=100 kept=44 total=137
[EMAPI] page=4 rows=100 kept=43 total=180
[EMAPI] page=5 rows=100 kept=36 total=216
[EMAPI] page=6 rows=100 kept=51 total=267
[EMAPI] page=7 rows=100 kept=48 total=315
[EMAPI] page=8 rows=100 kept=45 total=360
[EMAPI] page=9 rows=100 kept=51 total=411
[EMAPI] page=10 rows=100 kept=48 total=459
[EMAPI] page=11 rows=100 kept=50 total=509
[EMAPI] page=12 rows=100 kept=51 total=560
[EMAPI] page=13 rows=100 kept=48 total=608
[EMAPI] page=14 rows=100 kept=53 total=661
[EMAPI] page=15 rows=100 kept=48 total=709
[EMAPI] page=16 rows=100 kept=49 total=758
[EMAPI] page=17 rows=100 kept=45 total=803
[EMAPI] page=18 rows=100 kept=50 total=853
[EMAPI] page=19 rows=100 kept=46 total=899
[EMAPI] page=20 rows=100 kept=41 total=940
[EMAPI] page=21 rows=100 kept=31 total=971
[EMAPI] page=22 rows=100 kept=36 total=1007
[EMAPI] page=23 rows=100 kept=47 total=1054
[EMAPI] page=24 rows=100 kept=33 total=1087
[EMAPI] page=25 rows=100 kept=40 total=1127
[SCAN] round=377 market=1127 picks=7 ts=2026-03-23T15:38:24.212Z
[EMAPI] page=1 rows=100 kept=44 total=44
[EMAPI] page=2 rows=100 kept=49 total=93
[EMAPI] page=3 rows=100 kept=44 total=137
[EMAPI] page=4 rows=100 kept=43 total=180
[EMAPI] page=5 rows=100 kept=36 total=216
[EMAPI] page=6 rows=100 kept=51 total=267
[EMAPI] page=7 rows=100 kept=48 total=315
[EMAPI] page=8 rows=100 kept=45 total=360
[EMAPI] page=9 rows=100 kept=51 total=411
[EMAPI] page=10 rows=100 kept=48 total=459
[EMAPI] page=11 rows=100 kept=50 total=509
[EMAPI] page=12 rows=100 kept=51 total=560
[EMAPI] page=13 rows=100 kept=48 total=608
[EMAPI] page=14 rows=100 kept=53 total=661
[EMAPI] page=15 rows=100 kept=48 total=709
[EMAPI] page=16 rows=100 kept=49 total=758
[EMAPI] page=17 rows=100 kept=45 total=803
[EMAPI] page=18 rows=100 kept=50 total=853
[EMAPI] page=19 rows=100 kept=46 total=899
[EMAPI] page=20 rows=100 kept=41 total=940
[EMAPI] page=21 rows=100 kept=31 total=971
[EMAPI] page=22 rows=100 kept=36 total=1007
[EMAPI] page=23 rows=100 kept=47 total=1054
[EMAPI] page=24 rows=100 kept=33 total=1087
[EMAPI] page=25 rows=100 kept=40 total=1127
[SCAN] round=378 market=1127 picks=7 ts=2026-03-23T15:39:24.365Z
[EMAPI] page=1 rows=100 kept=44 total=44
[EMAPI] page=2 rows=100 kept=49 total=93
[EMAPI] page=3 rows=100 kept=44 total=137
[EMAPI] page=4 rows=100 kept=43 total=180
[EMAPI] page=5 rows=100 kept=36 total=216
[EMAPI] page=6 rows=100 kept=51 total=267
[EMAPI] page=7 rows=100 kept=48 total=315
[EMAPI] page=8 rows=100 kept=45 total=360
[EMAPI] page=9 rows=100 kept=51 total=411
[EMAPI] page=10 rows=100 kept=48 total=459
[EMAPI] page=11 rows=100 kept=50 total=509
[EMAPI] page=12 rows=100 kept=51 total=560
[EMAPI] page=13 rows=100 kept=48 total=608
[EMAPI] page=14 rows=100 kept=53 total=661
[EMAPI] page=15 rows=100 kept=48 total=709
[EMAPI] page=16 rows=100 kept=49 total=758
[EMAPI] page=17 rows=100 kept=45 total=803
[EMAPI] page=18 rows=100 kept=50 total=853
[EMAPI] page=19 rows=100 kept=46 total=899
[EMAPI] page=20 rows=100 kept=41 total=940
[EMAPI] page=21 rows=100 kept=31 total=971
[EMAPI] page=22 rows=100 kept=36 total=1007
[EMAPI] page=23 rows=100 kept=47 total=1054
[EMAPI] page=24 rows=100 kept=33 total=1087
[EMAPI] page=25 rows=100 kept=40 total=1127
[SCAN] round=379 market=1127 picks=7 ts=2026-03-23T15:40:24.100Z
[EMAPI] page=1 rows=100 kept=44 total=44
[EMAPI] page=2 rows=100 kept=49 total=93
[EMAPI] page=3 rows=100 kept=44 total=137
[EMAPI] page=4 rows=100 kept=43 total=180
[EMAPI] page=5 rows=100 kept=36 total=216
[EMAPI] page=6 rows=100 kept=51 total=267
[EMAPI] page=7 rows=100 kept=48 total=315
[EMAPI] page=8 rows=100 kept=45 total=360
[EMAPI] page=9 rows=100 kept=51 total=411
[EMAPI] page=10 rows=100 kept=48 total=459
[EMAPI] page=11 rows=100 kept=50 total=509
[EMAPI] page=12 rows=100 kept=51 total=560
[EMAPI] page=13 rows=100 kept=48 total=608
[EMAPI] page=14 rows=100 kept=53 total=661
[EMAPI] page=15 rows=100 kept=48 total=709
[EMAPI] page=16 rows=100 kept=49 total=758
[EMAPI] page=17 rows=100 kept=45 total=803
[EMAPI] page=18 rows=100 kept=50 total=853
[EMAPI] page=19 rows=100 kept=46 total=899
[EMAPI] page=20 rows=100 kept=41 total=940
[EMAPI] page=21 rows=100 kept=31 total=971
[EMAPI] page=22 rows=100 kept=36 total=1007
[EMAPI] page=23 rows=100 kept=47 total=1054
[EMAPI] page=24 rows=100 kept=33 total=1087
[EMAPI] page=25 rows=100 kept=40 total=1127
[SCAN] round=380 market=1127 picks=7 ts=2026-03-23T15:41:23.419Z
[EMAPI] page=1 rows=100 kept=44 total=44
[EMAPI] page=2 rows=100 kept=49 total=93
[EMAPI] page=3 rows=100 kept=44 total=137
[EMAPI] page=4 rows=100 kept=43 total=180
[EMAPI] page=5 rows=100 kept=36 total=216
[EMAPI] page=6 rows=100 kept=51 total=267
[EMAPI] page=7 rows=100 kept=48 total=315
[EMAPI] page=8 rows=100 kept=45 total=360
[EMAPI] page=9 rows=100 kept=51 total=411
[EMAPI] page=10 rows=100 kept=48 total=459
[EMAPI] page=11 rows=100 kept=50 total=509
[EMAPI] page=12 rows=100 kept=51 total=560
[EMAPI] page=13 rows=100 kept=48 total=608
[EMAPI] page=14 rows=100 kept=53 total=661
[EMAPI] page=15 rows=100 kept=48 total=709
[EMAPI] page=16 rows=100 kept=49 total=758
[EMAPI] page=17 rows=100 kept=45 total=803
[EMAPI] page=18 rows=100 kept=50 total=853
[EMAPI] page=19 rows=100 kept=46 total=899
[EMAPI] page=20 rows=100 kept=41 total=940
[EMAPI] page=21 rows=100 kept=31 total=971
[EMAPI] page=22 rows=100 kept=36 total=1007
[EMAPI] page=23 rows=100 kept=47 total=1054
[EMAPI] page=24 rows=100 kept=33 total=1087
[EMAPI] page=25 rows=100 kept=40 total=1127
[SCAN] round=381 market=1127 picks=7 ts=2026-03-23T15:42:23.278Z
[EMAPI] page=1 rows=100 kept=44 total=44
[EMAPI] page=2 rows=100 kept=49 total=93
[EMAPI] page=3 rows=100 kept=44 total=137
[EMAPI] page=4 rows=100 kept=43 total=180
[EMAPI] page=5 rows=100 kept=36 total=216
[EMAPI] page=6 rows=100 kept=51 total=267
[EMAPI] page=7 rows=100 kept=48 total=315
[EMAPI] page=8 rows=100 kept=45 total=360
[EMAPI] page=9 rows=100 kept=51 total=411
[EMAPI] page=10 rows=100 kept=48 total=459
[EMAPI] page=11 rows=100 kept=50 total=509
[EMAPI] page=12 rows=100 kept=51 total=560
[EMAPI] page=13 rows=100 kept=48 total=608
[EMAPI] page=14 rows=100 kept=53 total=661
[EMAPI] page=15 rows=100 kept=48 total=709
[EMAPI] page=16 rows=100 kept=49 total=758
[EMAPI] page=17 rows=100 kept=45 total=803
[EMAPI] page=18 rows=100 kept=50 total=853
[EMAPI] page=19 rows=100 kept=46 total=899
[EMAPI] page=20 rows=100 kept=41 total=940
[EMAPI] page=21 rows=100 kept=31 total=971
[EMAPI] page=22 rows=100 kept=36 total=1007
[EMAPI] page=23 rows=100 kept=47 total=1054
[EMAPI] page=24 rows=100 kept=33 total=1087
[EMAPI] page=25 rows=100 kept=40 total=1127
[SCAN] round=382 market=1127 picks=7 ts=2026-03-23T15:43:24.661Z
[EMAPI] page=1 rows=100 kept=44 total=44
[EMAPI] page=2 rows=100 kept=49 total=93
[EMAPI] page=3 rows=100 kept=44 total=137
[EMAPI] page=4 rows=100 kept=43 total=180
[EMAPI] page=5 rows=100 kept=36 total=216
[EMAPI] page=6 rows=100 kept=51 total=267
[EMAPI] page=7 rows=100 kept=48 total=315
[EMAPI] page=8 rows=100 kept=45 total=360
[EMAPI] page=9 rows=100 kept=51 total=411
[EMAPI] page=10 rows=100 kept=48 total=459
[EMAPI] page=11 rows=100 kept=50 total=509
[EMAPI] page=12 rows=100 kept=51 total=560
[EMAPI] page=13 rows=100 kept=48 total=608
[EMAPI] page=14 rows=100 kept=53 total=661
[EMAPI] page=15 rows=100 kept=48 total=709
[EMAPI] page=16 rows=100 kept=49 total=758
[EMAPI] page=17 rows=100 kept=45 total=803
[EMAPI] page=18 rows=100 kept=50 total=853
[EMAPI] page=19 rows=100 kept=46 total=899
[EMAPI] page=20 rows=100 kept=41 total=940
[EMAPI] page=21 rows=100 kept=31 total=971
[EMAPI] page=22 rows=100 kept=36 total=1007
[EMAPI] page=23 rows=100 kept=47 total=1054
[EMAPI] page=24 rows=100 kept=33 total=1087
[EMAPI] page=25 rows=100 kept=40 total=1127
[SCAN] round=383 market=1127 picks=7 ts=2026-03-23T15:44:24.192Z
[EMAPI] page=1 rows=100 kept=44 total=44
[EMAPI] page=2 rows=100 kept=49 total=93
[EMAPI] page=3 rows=100 kept=44 total=137
[EMAPI] page=4 rows=100 kept=43 total=180
[EMAPI] page=5 rows=100 kept=36 total=216
[EMAPI] page=6 rows=100 kept=51 total=267
[EMAPI] page=7 rows=100 kept=48 total=315
[EMAPI] page=8 rows=100 kept=45 total=360
[EMAPI] page=9 rows=100 kept=51 total=411
[EMAPI] page=10 rows=100 kept=48 total=459
[EMAPI] page=11 rows=100 kept=50 total=509
[EMAPI] page=12 rows=100 kept=51 total=560
[EMAPI] page=13 rows=100 kept=48 total=608
[EMAPI] page=14 rows=100 kept=53 total=661
[EMAPI] page=15 rows=100 kept=48 total=709
[EMAPI] page=16 rows=100 kept=49 total=758
[EMAPI] page=17 rows=100 kept=45 total=803
[EMAPI] page=18 rows=100 kept=50 total=853
[EMAPI] page=19 rows=100 kept=46 total=899
[EMAPI] page=20 rows=100 kept=41 total=940
[EMAPI] page=21 rows=100 kept=31 total=971
[EMAPI] page=22 rows=100 kept=36 total=1007
[EMAPI] page=23 rows=100 kept=47 total=1054
[EMAPI] page=24 rows=100 kept=33 total=1087
[EMAPI] page=25 rows=100 kept=40 total=1127
[SCAN] round=384 market=1127 picks=7 ts=2026-03-23T15:45:23.608Z
[EMAPI] page=1 rows=100 kept=44 total=44
[EMAPI] page=2 rows=100 kept=49 total=93
[EMAPI] page=3 rows=100 kept=44 total=137
[EMAPI] page=4 rows=100 kept=43 total=180
[EMAPI] page=5 rows=100 kept=36 total=216
[EMAPI] page=6 rows=100 kept=51 total=267
[EMAPI] page=7 rows=100 kept=48 total=315
[EMAPI] page=8 rows=100 kept=45 total=360
[EMAPI] page=9 rows=100 kept=51 total=411
[EMAPI] page=10 rows=100 kept=48 total=459
[EMAPI] page=11 rows=100 kept=50 total=509
[EMAPI] page=12 rows=100 kept=51 total=560
[EMAPI] page=13 rows=100 kept=48 total=608
[EMAPI] page=14 rows=100 kept=53 total=661
[EMAPI] page=15 rows=100 kept=48 total=709
[EMAPI] page=16 rows=100 kept=49 total=758
[EMAPI] page=17 rows=100 kept=45 total=803
[EMAPI] page=18 rows=100 kept=50 total=853
[EMAPI] page=19 rows=100 kept=46 total=899
[EMAPI] page=20 rows=100 kept=41 total=940
[EMAPI] page=21 rows=100 kept=31 total=971
[EMAPI] page=22 rows=100 kept=36 total=1007
[EMAPI] page=23 rows=100 kept=47 total=1054
[EMAPI] page=24 rows=100 kept=33 total=1087
[EMAPI] page=25 rows=100 kept=40 total=1127
[SCAN] round=385 market=1127 picks=7 ts=2026-03-23T15:46:23.229Z
[EMAPI] page=1 rows=100 kept=44 total=44
[EMAPI] page=2 rows=100 kept=49 total=93
[EMAPI] page=3 rows=100 kept=44 total=137
[EMAPI] page=4 rows=100 kept=43 total=180
[EMAPI] page=5 rows=100 kept=36 total=216
[EMAPI] page=6 rows=100 kept=51 total=267
[EMAPI] page=7 rows=100 kept=48 total=315
[EMAPI] page=8 rows=100 kept=45 total=360
[EMAPI] page=9 rows=100 kept=51 total=411
[EMAPI] page=10 rows=100 kept=48 total=459
[EMAPI] page=11 rows=100 kept=50 total=509
[EMAPI] page=12 rows=100 kept=51 total=560
[EMAPI] page=13 rows=100 kept=48 total=608
[EMAPI] page=14 rows=100 kept=53 total=661
[EMAPI] page=15 rows=100 kept=48 total=709
[EMAPI] page=16 rows=100 kept=49 total=758
[EMAPI] page=17 rows=100 kept=45 total=803
[EMAPI] page=18 rows=100 kept=50 total=853
[EMAPI] page=19 rows=100 kept=46 total=899
[EMAPI] page=20 rows=100 kept=41 total=940
[EMAPI] page=21 rows=100 kept=31 total=971
[EMAPI] page=22 rows=100 kept=36 total=1007
[EMAPI] page=23 rows=100 kept=47 total=1054
[EMAPI] page=24 rows=100 kept=33 total=1087
[EMAPI] page=25 rows=100 kept=40 total=1127
[SCAN] round=386 market=1127 picks=7 ts=2026-03-23T15:47:24.475Z
[EMAPI] page=1 rows=100 kept=44 total=44
[EMAPI] page=2 rows=100 kept=49 total=93
[EMAPI] page=3 rows=100 kept=44 total=137
[EMAPI] page=4 rows=100 kept=43 total=180
[EMAPI] page=5 rows=100 kept=36 total=216
[EMAPI] page=6 rows=100 kept=51 total=267
[EMAPI] page=7 rows=100 kept=48 total=315
[EMAPI] page=8 rows=100 kept=45 total=360
[EMAPI] page=9 rows=100 kept=51 total=411
[EMAPI] page=10 rows=100 kept=48 total=459
[EMAPI] page=11 rows=100 kept=50 total=509
[EMAPI] page=12 rows=100 kept=51 total=560
[EMAPI] page=13 rows=100 kept=48 total=608
[EMAPI] page=14 rows=100 kept=53 total=661
[EMAPI] page=15 rows=100 kept=48 total=709
[EMAPI] page=16 rows=100 kept=49 total=758
[EMAPI] page=17 rows=100 kept=45 total=803
[EMAPI] page=18 rows=100 kept=50 total=853
[EMAPI] page=19 rows=100 kept=46 total=899
[EMAPI] page=20 rows=100 kept=41 total=940
[EMAPI] page=21 rows=100 kept=31 total=971
[EMAPI] page=22 rows=100 kept=36 total=1007
[EMAPI] page=23 rows=100 kept=47 total=1054
[EMAPI] page=24 rows=100 kept=33 total=1087
[EMAPI] page=25 rows=100 kept=40 total=1127
[SCAN] round=387 market=1127 picks=7 ts=2026-03-23T15:48:24.047Z
[EMAPI] page=1 rows=100 kept=44 total=44
[EMAPI] page=2 rows=100 kept=49 total=93
[EMAPI] page=3 rows=100 kept=44 total=137
[EMAPI] page=4 rows=100 kept=43 total=180
[EMAPI] page=5 rows=100 kept=36 total=216
[EMAPI] page=6 rows=100 kept=51 total=267
[EMAPI] page=7 rows=100 kept=48 total=315
[EMAPI] page=8 rows=100 kept=45 total=360
[EMAPI] page=9 rows=100 kept=51 total=411
[EMAPI] page=10 rows=100 kept=48 total=459
[EMAPI] page=11 rows=100 kept=50 total=509
[EMAPI] page=12 rows=100 kept=51 total=560
[EMAPI] page=13 rows=100 kept=48 total=608
[EMAPI] page=14 rows=100 kept=53 total=661
[EMAPI] page=15 rows=100 kept=48 total=709
[EMAPI] page=16 rows=100 kept=49 total=758
[EMAPI] page=17 rows=100 kept=45 total=803
[EMAPI] page=18 rows=100 kept=50 total=853
[EMAPI] page=19 rows=100 kept=46 total=899
[EMAPI] page=20 rows=100 kept=41 total=940
[EMAPI] page=21 rows=100 kept=31 total=971
[EMAPI] page=22 rows=100 kept=36 total=1007
[EMAPI] page=23 rows=100 kept=47 total=1054
[EMAPI] page=24 rows=100 kept=33 total=1087
[EMAPI] page=25 rows=100 kept=40 total=1127
[SCAN] round=388 market=1127 picks=7 ts=2026-03-23T15:50:51.338Z
[EMAPI] page=1 rows=100 kept=44 total=44
[EMAPI] page=2 rows=100 kept=49 total=93
[EMAPI] page=3 rows=100 kept=44 total=137
[EMAPI] page=4 rows=100 kept=43 total=180
[EMAPI] page=5 rows=100 kept=36 total=216
[EMAPI] page=6 rows=100 kept=51 total=267
[EMAPI] page=7 rows=100 kept=48 total=315
[EMAPI] page=8 rows=100 kept=45 total=360
[EMAPI] page=9 rows=100 kept=51 total=411
[EMAPI] page=10 rows=100 kept=48 total=459
[EMAPI] page=11 rows=100 kept=50 total=509
[EMAPI] page=12 rows=100 kept=51 total=560
[EMAPI] page=13 rows=100 kept=48 total=608
[EMAPI] page=14 rows=100 kept=53 total=661
[EMAPI] page=15 rows=100 kept=48 total=709
[EMAPI] page=16 rows=100 kept=49 total=758
[EMAPI] page=17 rows=100 kept=45 total=803
[EMAPI] page=18 rows=100 kept=50 total=853
[EMAPI] page=19 rows=100 kept=46 total=899
[EMAPI] page=20 rows=100 kept=41 total=940
[EMAPI] page=21 rows=100 kept=31 total=971
[EMAPI] page=22 rows=100 kept=36 total=1007
[EMAPI] page=23 rows=100 kept=47 total=1054
[EMAPI] page=24 rows=100 kept=33 total=1087
[EMAPI] page=25 rows=100 kept=40 total=1127
[SCAN] round=389 market=1127 picks=7 ts=2026-03-23T15:51:50.663Z
[EMAPI] page=1 rows=100 kept=44 total=44
[EMAPI] page=2 rows=100 kept=49 total=93
[EMAPI] page=3 rows=100 kept=44 total=137
[EMAPI] page=4 rows=100 kept=43 total=180
[EMAPI] page=5 rows=100 kept=36 total=216
[EMAPI] page=6 rows=100 kept=51 total=267
[EMAPI] page=7 rows=100 kept=48 total=315
[EMAPI] page=8 rows=100 kept=45 total=360
[EMAPI] page=9 rows=100 kept=51 total=411
[EMAPI] page=10 rows=100 kept=48 total=459
[EMAPI] page=11 rows=100 kept=50 total=509
[EMAPI] page=12 rows=100 kept=51 total=560
[EMAPI] page=13 rows=100 kept=48 total=608
[EMAPI] page=14 rows=100 kept=53 total=661
[EMAPI] page=15 rows=100 kept=48 total=709
[EMAPI] page=16 rows=100 kept=49 total=758
[EMAPI] page=17 rows=100 kept=45 total=803
[EMAPI] page=18 rows=100 kept=50 total=853
[EMAPI] page=19 rows=100 kept=46 total=899
[EMAPI] page=20 rows=100 kept=41 total=940
[EMAPI] page=21 rows=100 kept=31 total=971
[EMAPI] page=22 rows=100 kept=36 total=1007
[EMAPI] page=23 rows=100 kept=47 total=1054
[EMAPI] page=24 rows=100 kept=33 total=1087
[EMAPI] page=25 rows=100 kept=40 total=1127
[SCAN] round=390 market=1127 picks=7 ts=2026-03-23T15:53:01.358Z
[EMAPI] page=1 rows=100 kept=44 total=44
[EMAPI] page=2 rows=100 kept=49 total=93
[EMAPI] page=3 rows=100 kept=44 total=137
[EMAPI] page=4 rows=100 kept=43 total=180
[EMAPI] page=5 rows=100 kept=36 total=216
[EMAPI] page=6 rows=100 kept=51 total=267
[EMAPI] page=7 rows=100 kept=48 total=315
[EMAPI] page=8 rows=100 kept=45 total=360
[EMAPI] page=9 rows=100 kept=51 total=411
[EMAPI] page=10 rows=100 kept=48 total=459
[EMAPI] page=11 rows=100 kept=50 total=509
[EMAPI] page=12 rows=100 kept=51 total=560
[EMAPI] page=13 rows=100 kept=48 total=608
[EMAPI] page=14 rows=100 kept=53 total=661
[EMAPI] page=15 rows=100 kept=48 total=709
[EMAPI] page=16 rows=100 kept=49 total=758
[EMAPI] page=17 rows=100 kept=45 total=803
[EMAPI] page=18 rows=100 kept=50 total=853
[EMAPI] page=19 rows=100 kept=46 total=899
[EMAPI] page=20 rows=100 kept=41 total=940
[EMAPI] page=21 rows=100 kept=31 total=971
[EMAPI] page=22 rows=100 kept=36 total=1007
[EMAPI] page=23 rows=100 kept=47 total=1054
[EMAPI] page=24 rows=100 kept=33 total=1087
[EMAPI] page=25 rows=100 kept=40 total=1127
[SCAN] round=391 market=1127 picks=7 ts=2026-03-23T15:54:00.626Z
[EMAPI] page=1 rows=100 kept=44 total=44
[EMAPI] page=2 rows=100 kept=49 total=93
[EMAPI] page=3 rows=100 kept=44 total=137
[EMAPI] page=4 rows=100 kept=43 total=180
[EMAPI] page=5 rows=100 kept=36 total=216
[EMAPI] page=6 rows=100 kept=51 total=267
[EMAPI] page=7 rows=100 kept=48 total=315
[EMAPI] page=8 rows=100 kept=45 total=360
[EMAPI] page=9 rows=100 kept=51 total=411
[EMAPI] page=10 rows=100 kept=48 total=459
[EMAPI] page=11 rows=100 kept=50 total=509
[EMAPI] page=12 rows=100 kept=51 total=560
[EMAPI] page=13 rows=100 kept=48 total=608
[EMAPI] page=14 rows=100 kept=53 total=661
[EMAPI] page=15 rows=100 kept=48 total=709
[EMAPI] page=16 rows=100 kept=49 total=758
[EMAPI] page=17 rows=100 kept=45 total=803
[EMAPI] page=18 rows=100 kept=50 total=853
[EMAPI] page=19 rows=100 kept=46 total=899
[EMAPI] page=20 rows=100 kept=41 total=940
[EMAPI] page=21 rows=100 kept=31 total=971
[EMAPI] page=22 rows=100 kept=36 total=1007
[EMAPI] page=23 rows=100 kept=47 total=1054
[EMAPI] page=24 rows=100 kept=33 total=1087
[EMAPI] page=25 rows=100 kept=40 total=1127
[SCAN] round=392 market=1127 picks=7 ts=2026-03-23T15:55:01.411Z
[EMAPI] page=1 rows=100 kept=44 total=44
[EMAPI] page=2 rows=100 kept=49 total=93
[EMAPI] page=3 rows=100 kept=44 total=137
[EMAPI] page=4 rows=100 kept=43 total=180
[EMAPI] page=5 rows=100 kept=36 total=216
[EMAPI] page=6 rows=100 kept=51 total=267
[EMAPI] page=7 rows=100 kept=48 total=315
[EMAPI] page=8 rows=100 kept=45 total=360
[EMAPI] page=9 rows=100 kept=51 total=411
[EMAPI] page=10 rows=100 kept=48 total=459
[EMAPI] page=11 rows=100 kept=50 total=509
[EMAPI] page=12 rows=100 kept=51 total=560
[EMAPI] page=13 rows=100 kept=48 total=608
[EMAPI] page=14 rows=100 kept=53 total=661
[EMAPI] page=15 rows=100 kept=48 total=709
[EMAPI] page=16 rows=100 kept=49 total=758
[EMAPI] page=17 rows=100 kept=45 total=803
[EMAPI] page=18 rows=100 kept=50 total=853
[EMAPI] page=19 rows=100 kept=46 total=899
[EMAPI] page=20 rows=100 kept=41 total=940
[EMAPI] page=21 rows=100 kept=31 total=971
[EMAPI] page=22 rows=100 kept=36 total=1007
[EMAPI] page=23 rows=100 kept=47 total=1054
[EMAPI] page=24 rows=100 kept=33 total=1087
[EMAPI] page=25 rows=100 kept=40 total=1127
[SCAN] round=393 market=1127 picks=7 ts=2026-03-23T15:56:01.538Z
[EMAPI] page=1 rows=100 kept=44 total=44
[EMAPI] page=2 rows=100 kept=49 total=93
[EMAPI] page=3 rows=100 kept=44 total=137
[EMAPI] page=4 rows=100 kept=43 total=180
[EMAPI] page=5 rows=100 kept=36 total=216
[EMAPI] page=6 rows=100 kept=51 total=267
[EMAPI] page=7 rows=100 kept=48 total=315
[EMAPI] page=8 rows=100 kept=45 total=360
[EMAPI] page=9 rows=100 kept=51 total=411
[EMAPI] page=10 rows=100 kept=48 total=459
[EMAPI] page=11 rows=100 kept=50 total=509
[EMAPI] page=12 rows=100 kept=51 total=560
[EMAPI] page=13 rows=100 kept=48 total=608
[EMAPI] page=14 rows=100 kept=53 total=661
[EMAPI] page=15 rows=100 kept=48 total=709
[EMAPI] page=16 rows=100 kept=49 total=758
[EMAPI] page=17 rows=100 kept=45 total=803
[EMAPI] page=18 rows=100 kept=50 total=853
[EMAPI] page=19 rows=100 kept=46 total=899
[EMAPI] page=20 rows=100 kept=41 total=940
[EMAPI] page=21 rows=100 kept=31 total=971
[EMAPI] page=22 rows=100 kept=36 total=1007
[EMAPI] page=23 rows=100 kept=47 total=1054
[EMAPI] page=24 rows=100 kept=33 total=1087
[EMAPI] page=25 rows=100 kept=40 total=1127
[SCAN] round=394 market=1127 picks=7 ts=2026-03-23T15:57:02.360Z
[EMAPI] page=1 rows=100 kept=44 total=44
[EMAPI] page=2 rows=100 kept=49 total=93
[EMAPI] page=3 rows=100 kept=44 total=137
[EMAPI] page=4 rows=100 kept=43 total=180
[EMAPI] page=5 rows=100 kept=36 total=216
[EMAPI] page=6 rows=100 kept=51 total=267
[EMAPI] page=7 rows=100 kept=48 total=315
[EMAPI] page=8 rows=100 kept=45 total=360
[EMAPI] page=9 rows=100 kept=51 total=411
[EMAPI] page=10 rows=100 kept=48 total=459
[EMAPI] page=11 rows=100 kept=50 total=509
[EMAPI] page=12 rows=100 kept=51 total=560
[EMAPI] page=13 rows=100 kept=48 total=608
[EMAPI] page=14 rows=100 kept=53 total=661
[EMAPI] page=15 rows=100 kept=48 total=709
[EMAPI] page=16 rows=100 kept=49 total=758
[EMAPI] page=17 rows=100 kept=45 total=803
[EMAPI] page=18 rows=100 kept=50 total=853
[EMAPI] page=19 rows=100 kept=46 total=899
[EMAPI] page=20 rows=100 kept=41 total=940
[EMAPI] page=21 rows=100 kept=31 total=971
[EMAPI] page=22 rows=100 kept=36 total=1007
[EMAPI] page=23 rows=100 kept=47 total=1054
[EMAPI] page=24 rows=100 kept=33 total=1087
[EMAPI] page=25 rows=100 kept=40 total=1127
[SCAN] round=395 market=1127 picks=7 ts=2026-03-23T15:58:01.895Z
[EMAPI] page=1 rows=100 kept=44 total=44
[EMAPI] page=2 rows=100 kept=49 total=93
[EMAPI] page=3 rows=100 kept=44 total=137
[EMAPI] page=4 rows=100 kept=43 total=180
[EMAPI] page=5 rows=100 kept=36 total=216
[EMAPI] page=6 rows=100 kept=51 total=267
[EMAPI] page=7 rows=100 kept=48 total=315
[EMAPI] page=8 rows=100 kept=45 total=360
[EMAPI] page=9 rows=100 kept=51 total=411
[EMAPI] page=10 rows=100 kept=48 total=459
[EMAPI] page=11 rows=100 kept=50 total=509
[EMAPI] page=12 rows=100 kept=51 total=560
[EMAPI] page=13 rows=100 kept=48 total=608
[EMAPI] page=14 rows=100 kept=53 total=661
[EMAPI] page=15 rows=100 kept=48 total=709
[EMAPI] page=16 rows=100 kept=49 total=758
[EMAPI] page=17 rows=100 kept=45 total=803
[EMAPI] page=18 rows=100 kept=50 total=853
[EMAPI] page=19 rows=100 kept=46 total=899
[EMAPI] page=20 rows=100 kept=41 total=940
[EMAPI] page=21 rows=100 kept=31 total=971
[EMAPI] page=22 rows=100 kept=36 total=1007
[EMAPI] page=23 rows=100 kept=47 total=1054
[EMAPI] page=24 rows=100 kept=33 total=1087
[EMAPI] page=25 rows=100 kept=40 total=1127
[SCAN] round=396 market=1127 picks=7 ts=2026-03-23T15:59:00.824Z
[EMAPI] page=1 rows=100 kept=44 total=44
[EMAPI] page=2 rows=100 kept=49 total=93
[EMAPI] page=3 rows=100 kept=44 total=137
[EMAPI] page=4 rows=100 kept=43 total=180
[EMAPI] page=5 rows=100 kept=36 total=216
[EMAPI] page=6 rows=100 kept=51 total=267
[EMAPI] page=7 rows=100 kept=48 total=315
[EMAPI] page=8 rows=100 kept=45 total=360
[EMAPI] page=9 rows=100 kept=51 total=411
[EMAPI] page=10 rows=100 kept=48 total=459
[EMAPI] page=11 rows=100 kept=50 total=509
[EMAPI] page=12 rows=100 kept=51 total=560
[EMAPI] page=13 rows=100 kept=48 total=608
[EMAPI] page=14 rows=100 kept=53 total=661
[EMAPI] page=15 rows=100 kept=48 total=709
[EMAPI] page=16 rows=100 kept=49 total=758
[EMAPI] page=17 rows=100 kept=45 total=803
[EMAPI] page=18 rows=100 kept=50 total=853
[EMAPI] page=19 rows=100 kept=46 total=899
[EMAPI] page=20 rows=100 kept=41 total=940
[EMAPI] page=21 rows=100 kept=31 total=971
[EMAPI] page=22 rows=100 kept=36 total=1007
[EMAPI] page=23 rows=100 kept=47 total=1054
[EMAPI] page=24 rows=100 kept=33 total=1087
[EMAPI] page=25 rows=100 kept=40 total=1127
[SCAN] round=397 market=1127 picks=7 ts=2026-03-23T16:00:03.542Z
[EMAPI] page=1 rows=100 kept=44 total=44
[EMAPI] page=2 rows=100 kept=49 total=93
[EMAPI] page=3 rows=100 kept=44 total=137
[EMAPI] page=4 rows=100 kept=43 total=180
[EMAPI] page=5 rows=100 kept=36 total=216
[EMAPI] page=6 rows=100 kept=51 total=267
[EMAPI] page=7 rows=100 kept=48 total=315
[EMAPI] page=8 rows=100 kept=45 total=360
[EMAPI] page=9 rows=100 kept=51 total=411
[EMAPI] page=10 rows=100 kept=48 total=459
[EMAPI] page=11 rows=100 kept=50 total=509
[EMAPI] page=12 rows=100 kept=51 total=560
[EMAPI] page=13 rows=100 kept=48 total=608
[EMAPI] page=14 rows=100 kept=53 total=661
[EMAPI] page=15 rows=100 kept=48 total=709
[EMAPI] page=16 rows=100 kept=49 total=758
[EMAPI] page=17 rows=100 kept=45 total=803
[EMAPI] page=18 rows=100 kept=50 total=853
[EMAPI] page=19 rows=100 kept=46 total=899
[EMAPI] page=20 rows=100 kept=41 total=940
[EMAPI] page=21 rows=100 kept=31 total=971
[EMAPI] page=22 rows=100 kept=36 total=1007
[EMAPI] page=23 rows=100 kept=47 total=1054
[EMAPI] page=24 rows=100 kept=33 total=1087
[EMAPI] page=25 rows=100 kept=40 total=1127
[SCAN] round=398 market=1127 picks=7 ts=2026-03-23T16:01:01.412Z
[EMAPI] page=1 rows=100 kept=44 total=44
[EMAPI] page=2 rows=100 kept=49 total=93
[EMAPI] page=3 rows=100 kept=44 total=137
[EMAPI] page=4 rows=100 kept=43 total=180
[EMAPI] page=5 rows=100 kept=36 total=216
[EMAPI] page=6 rows=100 kept=51 total=267
[EMAPI] page=7 rows=100 kept=48 total=315
[EMAPI] page=8 rows=100 kept=45 total=360
[EMAPI] page=9 rows=100 kept=51 total=411
[EMAPI] page=10 rows=100 kept=48 total=459
[EMAPI] page=11 rows=100 kept=50 total=509
[EMAPI] page=12 rows=100 kept=51 total=560
[EMAPI] page=13 rows=100 kept=48 total=608
[EMAPI] page=14 rows=100 kept=53 total=661
[EMAPI] page=15 rows=100 kept=48 total=709
[EMAPI] page=16 rows=100 kept=49 total=758
[EMAPI] page=17 rows=100 kept=45 total=803
[EMAPI] page=18 rows=100 kept=50 total=853
[EMAPI] page=19 rows=100 kept=46 total=899
[EMAPI] page=20 rows=100 kept=41 total=940
[EMAPI] page=21 rows=100 kept=31 total=971
[EMAPI] page=22 rows=100 kept=36 total=1007
[EMAPI] page=23 rows=100 kept=47 total=1054
[EMAPI] page=24 rows=100 kept=33 total=1087
[EMAPI] page=25 rows=100 kept=40 total=1127
[SCAN] round=399 market=1127 picks=7 ts=2026-03-23T16:02:00.800Z
[EMAPI] page=1 rows=100 kept=44 total=44
[EMAPI] page=2 rows=100 kept=49 total=93
[EMAPI] page=3 rows=100 kept=44 total=137
[EMAPI] page=4 rows=100 kept=43 total=180
[EMAPI] page=5 rows=100 kept=36 total=216
[EMAPI] page=6 rows=100 kept=51 total=267
[EMAPI] page=7 rows=100 kept=48 total=315
[EMAPI] page=8 rows=100 kept=45 total=360
[EMAPI] page=9 rows=100 kept=51 total=411
[EMAPI] page=10 rows=100 kept=48 total=459
[EMAPI] page=11 rows=100 kept=50 total=509
[EMAPI] page=12 rows=100 kept=51 total=560
[EMAPI] page=13 rows=100 kept=48 total=608
[EMAPI] page=14 rows=100 kept=53 total=661
[EMAPI] page=15 rows=100 kept=48 total=709
[EMAPI] page=16 rows=100 kept=49 total=758
[EMAPI] page=17 rows=100 kept=45 total=803
[EMAPI] page=18 rows=100 kept=50 total=853
[EMAPI] page=19 rows=100 kept=46 total=899
[EMAPI] page=20 rows=100 kept=41 total=940
[EMAPI] page=21 rows=100 kept=31 total=971
[EMAPI] page=22 rows=100 kept=36 total=1007
[EMAPI] page=23 rows=100 kept=47 total=1054
[EMAPI] page=24 rows=100 kept=33 total=1087
[EMAPI] page=25 rows=100 kept=40 total=1127
[SCAN] round=400 market=1127 picks=7 ts=2026-03-23T16:03:01.477Z
[EMAPI] page=1 rows=100 kept=44 total=44
[EMAPI] page=2 rows=100 kept=49 total=93
[EMAPI] page=3 rows=100 kept=44 total=137
[EMAPI] page=4 rows=100 kept=43 total=180
[EMAPI] page=5 rows=100 kept=36 total=216
[EMAPI] page=6 rows=100 kept=51 total=267
[EMAPI] page=7 rows=100 kept=48 total=315
[EMAPI] page=8 rows=100 kept=45 total=360
[EMAPI] page=9 rows=100 kept=51 total=411
[EMAPI] page=10 rows=100 kept=48 total=459
[EMAPI] page=11 rows=100 kept=50 total=509
[EMAPI] page=12 rows=100 kept=51 total=560
[EMAPI] page=13 rows=100 kept=48 total=608
[EMAPI] page=14 rows=100 kept=53 total=661
[EMAPI] page=15 rows=100 kept=48 total=709
[EMAPI] page=16 rows=100 kept=49 total=758
[EMAPI] page=17 rows=100 kept=45 total=803
[EMAPI] page=18 rows=100 kept=50 total=853
[EMAPI] page=19 rows=100 kept=46 total=899
[EMAPI] page=20 rows=100 kept=41 total=940
[EMAPI] page=21 rows=100 kept=31 total=971
[EMAPI] page=22 rows=100 kept=36 total=1007
[EMAPI] page=23 rows=100 kept=47 total=1054
[EMAPI] page=24 rows=100 kept=33 total=1087
[EMAPI] page=25 rows=100 kept=40 total=1127
[SCAN] round=401 market=1127 picks=7 ts=2026-03-23T16:04:02.052Z
[EMAPI] page=1 rows=100 kept=44 total=44
[EMAPI] page=2 rows=100 kept=49 total=93
[EMAPI] page=3 rows=100 kept=44 total=137
[EMAPI] page=4 rows=100 kept=43 total=180
[EMAPI] page=5 rows=100 kept=36 total=216
[EMAPI] page=6 rows=100 kept=51 total=267
[EMAPI] page=7 rows=100 kept=48 total=315
[EMAPI] page=8 rows=100 kept=45 total=360
[EMAPI] page=9 rows=100 kept=51 total=411
[EMAPI] page=10 rows=100 kept=48 total=459
[EMAPI] page=11 rows=100 kept=50 total=509
[EMAPI] page=12 rows=100 kept=51 total=560
[EMAPI] page=13 rows=100 kept=48 total=608
[EMAPI] page=14 rows=100 kept=53 total=661
[EMAPI] page=15 rows=100 kept=48 total=709
[EMAPI] page=16 rows=100 kept=49 total=758
[EMAPI] page=17 rows=100 kept=45 total=803
[EMAPI] page=18 rows=100 kept=50 total=853
[EMAPI] page=19 rows=100 kept=46 total=899
[EMAPI] page=20 rows=100 kept=41 total=940
[EMAPI] page=21 rows=100 kept=31 total=971
[EMAPI] page=22 rows=100 kept=36 total=1007
[EMAPI] page=23 rows=100 kept=47 total=1054
[EMAPI] page=24 rows=100 kept=33 total=1087
[EMAPI] page=25 rows=100 kept=40 total=1127
[SCAN] round=402 market=1127 picks=7 ts=2026-03-23T16:05:00.841Z
[EMAPI] page=1 rows=100 kept=44 total=44
[EMAPI] page=2 rows=100 kept=49 total=93
[EMAPI] page=3 rows=100 kept=44 total=137
[EMAPI] page=4 rows=100 kept=43 total=180
[EMAPI] page=5 rows=100 kept=36 total=216
[EMAPI] page=6 rows=100 kept=51 total=267
[EMAPI] page=7 rows=100 kept=48 total=315
[EMAPI] page=8 rows=100 kept=45 total=360
[EMAPI] page=9 rows=100 kept=51 total=411
[EMAPI] page=10 rows=100 kept=48 total=459
[EMAPI] page=11 rows=100 kept=50 total=509
[EMAPI] page=12 rows=100 kept=51 total=560
[EMAPI] page=13 rows=100 kept=48 total=608
[EMAPI] page=14 rows=100 kept=53 total=661
[EMAPI] page=15 rows=100 kept=48 total=709
[EMAPI] page=16 rows=100 kept=49 total=758
[EMAPI] page=17 rows=100 kept=45 total=803
[EMAPI] page=18 rows=100 kept=50 total=853
[EMAPI] page=19 rows=100 kept=46 total=899
[EMAPI] page=20 rows=100 kept=41 total=940
[EMAPI] page=21 rows=100 kept=31 total=971
[EMAPI] page=22 rows=100 kept=36 total=1007
[EMAPI] page=23 rows=100 kept=47 total=1054
[EMAPI] page=24 rows=100 kept=33 total=1087
[EMAPI] page=25 rows=100 kept=40 total=1127
[SCAN] round=403 market=1127 picks=7 ts=2026-03-23T16:06:00.515Z
[EMAPI] page=1 rows=100 kept=44 total=44
[EMAPI] page=2 rows=100 kept=49 total=93
[EMAPI] page=3 rows=100 kept=44 total=137
[EMAPI] page=4 rows=100 kept=43 total=180
[EMAPI] page=5 rows=100 kept=36 total=216
[EMAPI] page=6 rows=100 kept=51 total=267
[EMAPI] page=7 rows=100 kept=48 total=315
[EMAPI] page=8 rows=100 kept=45 total=360
[EMAPI] page=9 rows=100 kept=51 total=411
[EMAPI] page=10 rows=100 kept=48 total=459
[EMAPI] page=11 rows=100 kept=50 total=509
[EMAPI] page=12 rows=100 kept=51 total=560
[EMAPI] page=13 rows=100 kept=48 total=608
[EMAPI] page=14 rows=100 kept=53 total=661
[EMAPI] page=15 rows=100 kept=48 total=709
[EMAPI] page=16 rows=100 kept=49 total=758
[EMAPI] page=17 rows=100 kept=45 total=803
[EMAPI] page=18 rows=100 kept=50 total=853
[EMAPI] page=19 rows=100 kept=46 total=899
[EMAPI] page=20 rows=100 kept=41 total=940
[EMAPI] page=21 rows=100 kept=31 total=971
[EMAPI] page=22 rows=100 kept=36 total=1007
[EMAPI] page=23 rows=100 kept=47 total=1054
[EMAPI] page=24 rows=100 kept=33 total=1087
[EMAPI] page=25 rows=100 kept=40 total=1127
[SCAN] round=404 market=1127 picks=7 ts=2026-03-23T16:07:00.435Z
[EMAPI] page=1 rows=100 kept=44 total=44
[EMAPI] page=2 rows=100 kept=49 total=93
[EMAPI] page=3 rows=100 kept=44 total=137
[EMAPI] page=4 rows=100 kept=43 total=180
[EMAPI] page=5 rows=100 kept=36 total=216
[EMAPI] page=6 rows=100 kept=51 total=267
[EMAPI] page=7 rows=100 kept=48 total=315
[EMAPI] page=8 rows=100 kept=45 total=360
[EMAPI] page=9 rows=100 kept=51 total=411
[EMAPI] page=10 rows=100 kept=48 total=459
[EMAPI] page=11 rows=100 kept=50 total=509
[EMAPI] page=12 rows=100 kept=51 total=560
[EMAPI] page=13 rows=100 kept=48 total=608
[EMAPI] page=14 rows=100 kept=53 total=661
[EMAPI] page=15 rows=100 kept=48 total=709
[EMAPI] page=16 rows=100 kept=49 total=758
[EMAPI] page=17 rows=100 kept=45 total=803
[EMAPI] page=18 rows=100 kept=50 total=853
[EMAPI] page=19 rows=100 kept=46 total=899
[EMAPI] page=20 rows=100 kept=41 total=940
[EMAPI] page=21 rows=100 kept=31 total=971
[EMAPI] page=22 rows=100 kept=36 total=1007
[EMAPI] page=23 rows=100 kept=47 total=1054
[EMAPI] page=24 rows=100 kept=33 total=1087
[EMAPI] page=25 rows=100 kept=40 total=1127
[SCAN] round=405 market=1127 picks=7 ts=2026-03-23T16:08:00.537Z
[EMAPI] page=1 rows=100 kept=44 total=44
[EMAPI] page=2 rows=100 kept=49 total=93
[EMAPI] page=3 rows=100 kept=44 total=137
[EMAPI] page=4 rows=100 kept=43 total=180
[EMAPI] page=5 rows=100 kept=36 total=216
[EMAPI] page=6 rows=100 kept=51 total=267
[EMAPI] page=7 rows=100 kept=48 total=315
[EMAPI] page=8 rows=100 kept=45 total=360
[EMAPI] page=9 rows=100 kept=51 total=411
[EMAPI] page=10 rows=100 kept=48 total=459
[EMAPI] page=11 rows=100 kept=50 total=509
[EMAPI] page=12 rows=100 kept=51 total=560
[EMAPI] page=13 rows=100 kept=48 total=608
[EMAPI] page=14 rows=100 kept=53 total=661
[EMAPI] page=15 rows=100 kept=48 total=709
[EMAPI] page=16 rows=100 kept=49 total=758
[EMAPI] page=17 rows=100 kept=45 total=803
[EMAPI] page=18 rows=100 kept=50 total=853
[EMAPI] page=19 rows=100 kept=46 total=899
[EMAPI] page=20 rows=100 kept=41 total=940
[EMAPI] page=21 rows=100 kept=31 total=971
[EMAPI] page=22 rows=100 kept=36 total=1007
[EMAPI] page=23 rows=100 kept=47 total=1054
[EMAPI] page=24 rows=100 kept=33 total=1087
[EMAPI] page=25 rows=100 kept=40 total=1127
[SCAN] round=406 market=1127 picks=7 ts=2026-03-23T16:09:01.335Z
[EMAPI] page=1 rows=100 kept=44 total=44
[EMAPI] page=2 rows=100 kept=49 total=93
[EMAPI] page=3 rows=100 kept=44 total=137
[EMAPI] page=4 rows=100 kept=43 total=180
[EMAPI] page=5 rows=100 kept=36 total=216
[EMAPI] page=6 rows=100 kept=51 total=267
[EMAPI] page=7 rows=100 kept=48 total=315
[EMAPI] page=8 rows=100 kept=45 total=360
[EMAPI] page=9 rows=100 kept=51 total=411
[EMAPI] page=10 rows=100 kept=48 total=459
[EMAPI] page=11 rows=100 kept=50 total=509
[EMAPI] page=12 rows=100 kept=51 total=560
[EMAPI] page=13 rows=100 kept=48 total=608
[EMAPI] page=14 rows=100 kept=53 total=661
[EMAPI] page=15 rows=100 kept=48 total=709
[EMAPI] page=16 rows=100 kept=49 total=758
[EMAPI] page=17 rows=100 kept=45 total=803
[EMAPI] page=18 rows=100 kept=50 total=853
[EMAPI] page=19 rows=100 kept=46 total=899
[EMAPI] page=20 rows=100 kept=41 total=940
[EMAPI] page=21 rows=100 kept=31 total=971
[EMAPI] page=22 rows=100 kept=36 total=1007
[EMAPI] page=23 rows=100 kept=47 total=1054
[EMAPI] page=24 rows=100 kept=33 total=1087
[EMAPI] page=25 rows=100 kept=40 total=1127
[SCAN] round=407 market=1127 picks=7 ts=2026-03-23T16:10:00.409Z
[EMAPI] page=1 rows=100 kept=44 total=44
[EMAPI] page=2 rows=100 kept=49 total=93
[EMAPI] page=3 rows=100 kept=44 total=137
[EMAPI] page=4 rows=100 kept=43 total=180
[EMAPI] page=5 rows=100 kept=36 total=216
[EMAPI] page=6 rows=100 kept=51 total=267
[EMAPI] page=7 rows=100 kept=48 total=315
[EMAPI] page=8 rows=100 kept=45 total=360
[EMAPI] page=9 rows=100 kept=51 total=411
[EMAPI] page=10 rows=100 kept=48 total=459
[EMAPI] page=11 rows=100 kept=50 total=509
[EMAPI] page=12 rows=100 kept=51 total=560
[EMAPI] page=13 rows=100 kept=48 total=608
[EMAPI] page=14 rows=100 kept=53 total=661
[EMAPI] page=15 rows=100 kept=48 total=709
[EMAPI] page=16 rows=100 kept=49 total=758
[EMAPI] page=17 rows=100 kept=45 total=803
[EMAPI] page=18 rows=100 kept=50 total=853
[EMAPI] page=19 rows=100 kept=46 total=899
[EMAPI] page=20 rows=100 kept=41 total=940
[EMAPI] page=21 rows=100 kept=31 total=971
[EMAPI] page=22 rows=100 kept=36 total=1007
[EMAPI] page=23 rows=100 kept=47 total=1054
[EMAPI] page=24 rows=100 kept=33 total=1087
[EMAPI] page=25 rows=100 kept=40 total=1127
[SCAN] round=408 market=1127 picks=7 ts=2026-03-23T16:11:02.408Z
[EMAPI] page=1 rows=100 kept=44 total=44
[EMAPI] page=2 rows=100 kept=49 total=93
[EMAPI] page=3 rows=100 kept=44 total=137
[EMAPI] page=4 rows=100 kept=43 total=180
[EMAPI] page=5 rows=100 kept=36 total=216
[EMAPI] page=6 rows=100 kept=51 total=267
[EMAPI] page=7 rows=100 kept=48 total=315
[EMAPI] page=8 rows=100 kept=45 total=360
[EMAPI] page=9 rows=100 kept=51 total=411
[EMAPI] page=10 rows=100 kept=48 total=459
[EMAPI] page=11 rows=100 kept=50 total=509
[EMAPI] page=12 rows=100 kept=51 total=560
[EMAPI] page=13 rows=100 kept=48 total=608
[EMAPI] page=14 rows=100 kept=53 total=661
[EMAPI] page=15 rows=100 kept=48 total=709
[EMAPI] page=16 rows=100 kept=49 total=758
[EMAPI] page=17 rows=100 kept=45 total=803
[EMAPI] page=18 rows=100 kept=50 total=853
[EMAPI] page=19 rows=100 kept=46 total=899
[EMAPI] page=20 rows=100 kept=41 total=940
[EMAPI] page=21 rows=100 kept=31 total=971
[EMAPI] page=22 rows=100 kept=36 total=1007
[EMAPI] page=23 rows=100 kept=47 total=1054
[EMAPI] page=24 rows=100 kept=33 total=1087
[EMAPI] page=25 rows=100 kept=40 total=1127
[SCAN] round=409 market=1127 picks=7 ts=2026-03-23T16:12:02.215Z
[EMAPI] page=1 rows=100 kept=44 total=44
[EMAPI] page=2 rows=100 kept=49 total=93
[EMAPI] page=3 rows=100 kept=44 total=137
[EMAPI] page=4 rows=100 kept=43 total=180
[EMAPI] page=5 rows=100 kept=36 total=216
[EMAPI] page=6 rows=100 kept=51 total=267
[EMAPI] page=7 rows=100 kept=48 total=315
[EMAPI] page=8 rows=100 kept=45 total=360
[EMAPI] page=9 rows=100 kept=51 total=411
[EMAPI] page=10 rows=100 kept=48 total=459
[EMAPI] page=11 rows=100 kept=50 total=509
[EMAPI] page=12 rows=100 kept=51 total=560
[EMAPI] page=13 rows=100 kept=48 total=608
[EMAPI] page=14 rows=100 kept=53 total=661
[EMAPI] page=15 rows=100 kept=48 total=709
[EMAPI] page=16 rows=100 kept=49 total=758
[EMAPI] page=17 rows=100 kept=45 total=803
[EMAPI] page=18 rows=100 kept=50 total=853
[EMAPI] page=19 rows=100 kept=46 total=899
[EMAPI] page=20 rows=100 kept=41 total=940
[EMAPI] page=21 rows=100 kept=31 total=971
[EMAPI] page=22 rows=100 kept=36 total=1007
[EMAPI] page=23 rows=100 kept=47 total=1054
[EMAPI] page=24 rows=100 kept=33 total=1087
[EMAPI] page=25 rows=100 kept=40 total=1127
[SCAN] round=410 market=1127 picks=7 ts=2026-03-23T16:13:02.419Z
[EMAPI] page=1 rows=100 kept=44 total=44
[EMAPI] page=2 rows=100 kept=49 total=93
[EMAPI] page=3 rows=100 kept=44 total=137
[EMAPI] page=4 rows=100 kept=43 total=180
[EMAPI] page=5 rows=100 kept=36 total=216
[EMAPI] page=6 rows=100 kept=51 total=267
[EMAPI] page=7 rows=100 kept=48 total=315
[EMAPI] page=8 rows=100 kept=45 total=360
[EMAPI] page=9 rows=100 kept=51 total=411
[EMAPI] page=10 rows=100 kept=48 total=459
[EMAPI] page=11 rows=100 kept=50 total=509
[EMAPI] page=12 rows=100 kept=51 total=560
[EMAPI] page=13 rows=100 kept=48 total=608
[EMAPI] page=14 rows=100 kept=53 total=661
[EMAPI] page=15 rows=100 kept=48 total=709
[EMAPI] page=16 rows=100 kept=49 total=758
[EMAPI] page=17 rows=100 kept=45 total=803
[EMAPI] page=18 rows=100 kept=50 total=853
[EMAPI] page=19 rows=100 kept=46 total=899
[EMAPI] page=20 rows=100 kept=41 total=940
[EMAPI] page=21 rows=100 kept=31 total=971
[EMAPI] page=22 rows=100 kept=36 total=1007
[EMAPI] page=23 rows=100 kept=47 total=1054
[EMAPI] page=24 rows=100 kept=33 total=1087
[EMAPI] page=25 rows=100 kept=40 total=1127
[SCAN] round=411 market=1127 picks=7 ts=2026-03-23T16:14:01.771Z
[EMAPI] page=1 rows=100 kept=44 total=44
[EMAPI] page=2 rows=100 kept=49 total=93
[EMAPI] page=3 rows=100 kept=44 total=137
[EMAPI] page=4 rows=100 kept=43 total=180
[EMAPI] page=5 rows=100 kept=36 total=216
[EMAPI] page=6 rows=100 kept=51 total=267
[EMAPI] page=7 rows=100 kept=48 total=315
[EMAPI] page=8 rows=100 kept=45 total=360
[EMAPI] page=9 rows=100 kept=51 total=411
[EMAPI] page=10 rows=100 kept=48 total=459
[EMAPI] page=11 rows=100 kept=50 total=509
[EMAPI] page=12 rows=100 kept=51 total=560
[EMAPI] page=13 rows=100 kept=48 total=608
[EMAPI] page=14 rows=100 kept=53 total=661
[EMAPI] page=15 rows=100 kept=48 total=709
[EMAPI] page=16 rows=100 kept=49 total=758
[EMAPI] page=17 rows=100 kept=45 total=803
[EMAPI] page=18 rows=100 kept=50 total=853
[EMAPI] page=19 rows=100 kept=46 total=899
[EMAPI] page=20 rows=100 kept=41 total=940
[EMAPI] page=21 rows=100 kept=31 total=971
[EMAPI] page=22 rows=100 kept=36 total=1007
[EMAPI] page=23 rows=100 kept=47 total=1054
[EMAPI] page=24 rows=100 kept=33 total=1087
[EMAPI] page=25 rows=100 kept=40 total=1127
[SCAN] round=412 market=1127 picks=7 ts=2026-03-23T16:15:01.554Z
[EMAPI] page=1 rows=100 kept=44 total=44
[EMAPI] page=2 rows=100 kept=49 total=93
[EMAPI] page=3 rows=100 kept=44 total=137
[EMAPI] page=4 rows=100 kept=43 total=180
[EMAPI] page=5 rows=100 kept=36 total=216
[EMAPI] page=6 rows=100 kept=51 total=267
[EMAPI] page=7 rows=100 kept=48 total=315
[EMAPI] page=8 rows=100 kept=45 total=360
[EMAPI] page=9 rows=100 kept=51 total=411
[EMAPI] page=10 rows=100 kept=48 total=459
[EMAPI] page=11 rows=100 kept=50 total=509
[EMAPI] page=12 rows=100 kept=51 total=560
[EMAPI] page=13 rows=100 kept=48 total=608
[EMAPI] page=14 rows=100 kept=53 total=661
[EMAPI] page=15 rows=100 kept=48 total=709
[EMAPI] page=16 rows=100 kept=49 total=758
[EMAPI] page=17 rows=100 kept=45 total=803
[EMAPI] page=18 rows=100 kept=50 total=853
[EMAPI] page=19 rows=100 kept=46 total=899
[EMAPI] page=20 rows=100 kept=41 total=940
[EMAPI] page=21 rows=100 kept=31 total=971
[EMAPI] page=22 rows=100 kept=36 total=1007
[EMAPI] page=23 rows=100 kept=47 total=1054
[EMAPI] page=24 rows=100 kept=33 total=1087
[EMAPI] page=25 rows=100 kept=40 total=1127
[SCAN] round=413 market=1127 picks=7 ts=2026-03-23T16:16:01.018Z
[EMAPI] page=1 rows=100 kept=44 total=44
[EMAPI] page=2 rows=100 kept=49 total=93
[EMAPI] page=3 rows=100 kept=44 total=137
[EMAPI] page=4 rows=100 kept=43 total=180
[EMAPI] page=5 rows=100 kept=36 total=216
[EMAPI] page=6 rows=100 kept=51 total=267
[EMAPI] page=7 rows=100 kept=48 total=315
[EMAPI] page=8 rows=100 kept=45 total=360
[EMAPI] page=9 rows=100 kept=51 total=411
[EMAPI] page=10 rows=100 kept=48 total=459
[EMAPI] page=11 rows=100 kept=50 total=509
[EMAPI] page=12 rows=100 kept=51 total=560
[EMAPI] page=13 rows=100 kept=48 total=608
[EMAPI] page=14 rows=100 kept=53 total=661
[EMAPI] page=15 rows=100 kept=48 total=709
[EMAPI] page=16 rows=100 kept=49 total=758
[EMAPI] page=17 rows=100 kept=45 total=803
[EMAPI] page=18 rows=100 kept=50 total=853
[EMAPI] page=19 rows=100 kept=46 total=899
[EMAPI] page=20 rows=100 kept=41 total=940
[EMAPI] page=21 rows=100 kept=31 total=971
[EMAPI] page=22 rows=100 kept=36 total=1007
[EMAPI] page=23 rows=100 kept=47 total=1054
[EMAPI] page=24 rows=100 kept=33 total=1087
[EMAPI] page=25 rows=100 kept=40 total=1127
[SCAN] round=414 market=1127 picks=7 ts=2026-03-23T16:17:01.356Z
[EMAPI] page=1 rows=100 kept=44 total=44
[EMAPI] page=2 rows=100 kept=49 total=93
[EMAPI] page=3 rows=100 kept=44 total=137
[EMAPI] page=4 rows=100 kept=43 total=180
[EMAPI] page=5 rows=100 kept=36 total=216
[EMAPI] page=6 rows=100 kept=51 total=267
[EMAPI] page=7 rows=100 kept=48 total=315
[EMAPI] page=8 rows=100 kept=45 total=360
[EMAPI] page=9 rows=100 kept=51 total=411
[EMAPI] page=10 rows=100 kept=48 total=459
[EMAPI] page=11 rows=100 kept=50 total=509
[EMAPI] page=12 rows=100 kept=51 total=560
[EMAPI] page=13 rows=100 kept=48 total=608
[EMAPI] page=14 rows=100 kept=53 total=661
[EMAPI] page=15 rows=100 kept=48 total=709
[EMAPI] page=16 rows=100 kept=49 total=758
[EMAPI] page=17 rows=100 kept=45 total=803
[EMAPI] page=18 rows=100 kept=50 total=853
[EMAPI] page=19 rows=100 kept=46 total=899
[EMAPI] page=20 rows=100 kept=41 total=940
[EMAPI] page=21 rows=100 kept=31 total=971
[EMAPI] page=22 rows=100 kept=36 total=1007
[EMAPI] page=23 rows=100 kept=47 total=1054
[EMAPI] page=24 rows=100 kept=33 total=1087
[EMAPI] page=25 rows=100 kept=40 total=1127
[SCAN] round=415 market=1127 picks=7 ts=2026-03-23T16:18:01.771Z
[EMAPI] page=1 rows=100 kept=44 total=44
[EMAPI] page=2 rows=100 kept=49 total=93
[EMAPI] page=3 rows=100 kept=44 total=137
[EMAPI] page=4 rows=100 kept=43 total=180
[EMAPI] page=5 rows=100 kept=36 total=216
[EMAPI] page=6 rows=100 kept=51 total=267
[EMAPI] page=7 rows=100 kept=48 total=315
[EMAPI] page=8 rows=100 kept=45 total=360
[EMAPI] page=9 rows=100 kept=51 total=411
[EMAPI] page=10 rows=100 kept=48 total=459
[EMAPI] page=11 rows=100 kept=50 total=509
[EMAPI] page=12 rows=100 kept=51 total=560
[EMAPI] page=13 rows=100 kept=48 total=608
[EMAPI] page=14 rows=100 kept=53 total=661
[EMAPI] page=15 rows=100 kept=48 total=709
[EMAPI] page=16 rows=100 kept=49 total=758
[EMAPI] page=17 rows=100 kept=45 total=803
[EMAPI] page=18 rows=100 kept=50 total=853
[EMAPI] page=19 rows=100 kept=46 total=899
[EMAPI] page=20 rows=100 kept=41 total=940
[EMAPI] page=21 rows=100 kept=31 total=971
[EMAPI] page=22 rows=100 kept=36 total=1007
[EMAPI] page=23 rows=100 kept=47 total=1054
[EMAPI] page=24 rows=100 kept=33 total=1087
[EMAPI] page=25 rows=100 kept=40 total=1127
[SCAN] round=416 market=1127 picks=7 ts=2026-03-23T16:19:01.382Z
[EMAPI] page=1 rows=100 kept=44 total=44
[EMAPI] page=2 rows=100 kept=49 total=93
[EMAPI] page=3 rows=100 kept=44 total=137
[EMAPI] page=4 rows=100 kept=43 total=180
[EMAPI] page=5 rows=100 kept=36 total=216
[EMAPI] page=6 rows=100 kept=51 total=267
[EMAPI] page=7 rows=100 kept=48 total=315
[EMAPI] page=8 rows=100 kept=45 total=360
[EMAPI] page=9 rows=100 kept=51 total=411
[EMAPI] page=10 rows=100 kept=48 total=459
[EMAPI] page=11 rows=100 kept=50 total=509
[EMAPI] page=12 rows=100 kept=51 total=560
[EMAPI] page=13 rows=100 kept=48 total=608
[EMAPI] page=14 rows=100 kept=53 total=661
[EMAPI] page=15 rows=100 kept=48 total=709
[EMAPI] page=16 rows=100 kept=49 total=758
[EMAPI] page=17 rows=100 kept=45 total=803
[EMAPI] page=18 rows=100 kept=50 total=853
[EMAPI] page=19 rows=100 kept=46 total=899
[EMAPI] page=20 rows=100 kept=41 total=940
[EMAPI] page=21 rows=100 kept=31 total=971
[EMAPI] page=22 rows=100 kept=36 total=1007
[EMAPI] page=23 rows=100 kept=47 total=1054
[EMAPI] page=24 rows=100 kept=33 total=1087
[EMAPI] page=25 rows=100 kept=40 total=1127
[SCAN] round=417 market=1127 picks=7 ts=2026-03-23T16:20:01.135Z
[EMAPI] page=1 rows=100 kept=44 total=44
[EMAPI] page=2 rows=100 kept=49 total=93
[EMAPI] page=3 rows=100 kept=44 total=137
[EMAPI] page=4 rows=100 kept=43 total=180
[EMAPI] page=5 rows=100 kept=36 total=216
[EMAPI] page=6 rows=100 kept=51 total=267
[EMAPI] page=7 rows=100 kept=48 total=315
[EMAPI] page=8 rows=100 kept=45 total=360
[EMAPI] page=9 rows=100 kept=51 total=411
[EMAPI] page=10 rows=100 kept=48 total=459
[EMAPI] page=11 rows=100 kept=50 total=509
[EMAPI] page=12 rows=100 kept=51 total=560
[EMAPI] page=13 rows=100 kept=48 total=608
[EMAPI] page=14 rows=100 kept=53 total=661
[EMAPI] page=15 rows=100 kept=48 total=709
[EMAPI] page=16 rows=100 kept=49 total=758
[EMAPI] page=17 rows=100 kept=45 total=803
[EMAPI] page=18 rows=100 kept=50 total=853
[EMAPI] page=19 rows=100 kept=46 total=899
[EMAPI] page=20 rows=100 kept=41 total=940
[EMAPI] page=21 rows=100 kept=31 total=971
[EMAPI] page=22 rows=100 kept=36 total=1007
[EMAPI] page=23 rows=100 kept=47 total=1054
[EMAPI] page=24 rows=100 kept=33 total=1087
[EMAPI] page=25 rows=100 kept=40 total=1127
[SCAN] round=418 market=1127 picks=7 ts=2026-03-23T16:21:01.034Z
[EMAPI] page=1 rows=100 kept=44 total=44
[EMAPI] page=2 rows=100 kept=49 total=93
[EMAPI] page=3 rows=100 kept=44 total=137
[EMAPI] page=4 rows=100 kept=43 total=180
[EMAPI] page=5 rows=100 kept=36 total=216
[EMAPI] page=6 rows=100 kept=51 total=267
[EMAPI] page=7 rows=100 kept=48 total=315
[EMAPI] page=8 rows=100 kept=45 total=360
[EMAPI] page=9 rows=100 kept=51 total=411
[EMAPI] page=10 rows=100 kept=48 total=459
[EMAPI] page=11 rows=100 kept=50 total=509
[EMAPI] page=12 rows=100 kept=51 total=560
[EMAPI] page=13 rows=100 kept=48 total=608
[EMAPI] page=14 rows=100 kept=53 total=661
[EMAPI] page=15 rows=100 kept=48 total=709
[EMAPI] page=16 rows=100 kept=49 total=758
[EMAPI] page=17 rows=100 kept=45 total=803
[EMAPI] page=18 rows=100 kept=50 total=853
[EMAPI] page=19 rows=100 kept=46 total=899
[EMAPI] page=20 rows=100 kept=41 total=940
[EMAPI] page=21 rows=100 kept=31 total=971
[EMAPI] page=22 rows=100 kept=36 total=1007
[EMAPI] page=23 rows=100 kept=47 total=1054
[EMAPI] page=24 rows=100 kept=33 total=1087
[EMAPI] page=25 rows=100 kept=40 total=1127
[SCAN] round=419 market=1127 picks=7 ts=2026-03-23T16:22:00.926Z
[EMAPI] page=1 rows=100 kept=44 total=44
[EMAPI] page=2 rows=100 kept=49 total=93
[EMAPI] page=3 rows=100 kept=44 total=137
[EMAPI] page=4 rows=100 kept=43 total=180
[EMAPI] page=5 rows=100 kept=36 total=216
[EMAPI] page=6 rows=100 kept=51 total=267
[EMAPI] page=7 rows=100 kept=48 total=315
[EMAPI] page=8 rows=100 kept=45 total=360
[EMAPI] page=9 rows=100 kept=51 total=411
[EMAPI] page=10 rows=100 kept=48 total=459
[EMAPI] page=11 rows=100 kept=50 total=509
[EMAPI] page=12 rows=100 kept=51 total=560
[EMAPI] page=13 rows=100 kept=48 total=608
[EMAPI] page=14 rows=100 kept=53 total=661
[EMAPI] page=15 rows=100 kept=48 total=709
[EMAPI] page=16 rows=100 kept=49 total=758
[EMAPI] page=17 rows=100 kept=45 total=803
[EMAPI] page=18 rows=100 kept=50 total=853
[EMAPI] page=19 rows=100 kept=46 total=899
[EMAPI] page=20 rows=100 kept=41 total=940
[EMAPI] page=21 rows=100 kept=31 total=971
[EMAPI] page=22 rows=100 kept=36 total=1007
[EMAPI] page=23 rows=100 kept=47 total=1054
[EMAPI] page=24 rows=100 kept=33 total=1087
[EMAPI] page=25 rows=100 kept=40 total=1127
[SCAN] round=420 market=1127 picks=7 ts=2026-03-23T16:23:01.093Z
[EMAPI] page=1 rows=100 kept=44 total=44
[EMAPI] page=2 rows=100 kept=49 total=93
[EMAPI] page=3 rows=100 kept=44 total=137
[EMAPI] page=4 rows=100 kept=43 total=180
[EMAPI] page=5 rows=100 kept=36 total=216
[EMAPI] page=6 rows=100 kept=51 total=267
[EMAPI] page=7 rows=100 kept=48 total=315
[EMAPI] page=8 rows=100 kept=45 total=360
[EMAPI] page=9 rows=100 kept=51 total=411
[EMAPI] page=10 rows=100 kept=48 total=459
[EMAPI] page=11 rows=100 kept=50 total=509
[EMAPI] page=12 rows=100 kept=51 total=560
[EMAPI] page=13 rows=100 kept=48 total=608
[EMAPI] page=14 rows=100 kept=53 total=661
[EMAPI] page=15 rows=100 kept=48 total=709
[EMAPI] page=16 rows=100 kept=49 total=758
[EMAPI] page=17 rows=100 kept=45 total=803
[EMAPI] page=18 rows=100 kept=50 total=853
[EMAPI] page=19 rows=100 kept=46 total=899
[EMAPI] page=20 rows=100 kept=41 total=940
[EMAPI] page=21 rows=100 kept=31 total=971
[EMAPI] page=22 rows=100 kept=36 total=1007
[EMAPI] page=23 rows=100 kept=47 total=1054
[EMAPI] page=24 rows=100 kept=33 total=1087
[EMAPI] page=25 rows=100 kept=40 total=1127
[SCAN] round=421 market=1127 picks=7 ts=2026-03-23T16:24:00.921Z
[EMAPI] page=1 rows=100 kept=44 total=44
[EMAPI] page=2 rows=100 kept=49 total=93
[EMAPI] page=3 rows=100 kept=44 total=137
[EMAPI] page=4 rows=100 kept=43 total=180
[EMAPI] page=5 rows=100 kept=36 total=216
[EMAPI] page=6 rows=100 kept=51 total=267
[EMAPI] page=7 rows=100 kept=48 total=315
[EMAPI] page=8 rows=100 kept=45 total=360
[EMAPI] page=9 rows=100 kept=51 total=411
[EMAPI] page=10 rows=100 kept=48 total=459
[EMAPI] page=11 rows=100 kept=50 total=509
[EMAPI] page=12 rows=100 kept=51 total=560
[EMAPI] page=13 rows=100 kept=48 total=608
[EMAPI] page=14 rows=100 kept=53 total=661
[EMAPI] page=15 rows=100 kept=48 total=709
[EMAPI] page=16 rows=100 kept=49 total=758
[EMAPI] page=17 rows=100 kept=45 total=803
[EMAPI] page=18 rows=100 kept=50 total=853
[EMAPI] page=19 rows=100 kept=46 total=899
[EMAPI] page=20 rows=100 kept=41 total=940
[EMAPI] page=21 rows=100 kept=31 total=971
[EMAPI] page=22 rows=100 kept=36 total=1007
[EMAPI] page=23 rows=100 kept=47 total=1054
[EMAPI] page=24 rows=100 kept=33 total=1087
[EMAPI] page=25 rows=100 kept=40 total=1127
[SCAN] round=422 market=1127 picks=7 ts=2026-03-23T16:25:01.967Z
[EMAPI] page=1 rows=100 kept=44 total=44
[EMAPI] page=2 rows=100 kept=49 total=93
[EMAPI] page=3 rows=100 kept=44 total=137
[EMAPI] page=4 rows=100 kept=43 total=180
[EMAPI] page=5 rows=100 kept=36 total=216
[EMAPI] page=6 rows=100 kept=51 total=267
[EMAPI] page=7 rows=100 kept=48 total=315
[EMAPI] page=8 rows=100 kept=45 total=360
[EMAPI] page=9 rows=100 kept=51 total=411
[EMAPI] page=10 rows=100 kept=48 total=459
[EMAPI] page=11 rows=100 kept=50 total=509
[EMAPI] page=12 rows=100 kept=51 total=560
[EMAPI] page=13 rows=100 kept=48 total=608
[EMAPI] page=14 rows=100 kept=53 total=661
[EMAPI] page=15 rows=100 kept=48 total=709
[EMAPI] page=16 rows=100 kept=49 total=758
[EMAPI] page=17 rows=100 kept=45 total=803
[EMAPI] page=18 rows=100 kept=50 total=853
[EMAPI] page=19 rows=100 kept=46 total=899
[EMAPI] page=20 rows=100 kept=41 total=940
[EMAPI] page=21 rows=100 kept=31 total=971
[EMAPI] page=22 rows=100 kept=36 total=1007
[EMAPI] page=23 rows=100 kept=47 total=1054
[EMAPI] page=24 rows=100 kept=33 total=1087
[EMAPI] page=25 rows=100 kept=40 total=1127
[SCAN] round=423 market=1127 picks=7 ts=2026-03-23T16:26:01.230Z
[EMAPI] page=1 rows=100 kept=44 total=44
[EMAPI] page=2 rows=100 kept=49 total=93
[EMAPI] page=3 rows=100 kept=44 total=137
[EMAPI] page=4 rows=100 kept=43 total=180
[EMAPI] page=5 rows=100 kept=36 total=216
[EMAPI] page=6 rows=100 kept=51 total=267
[EMAPI] page=7 rows=100 kept=48 total=315
[EMAPI] page=8 rows=100 kept=45 total=360
[EMAPI] page=9 rows=100 kept=51 total=411
[EMAPI] page=10 rows=100 kept=48 total=459
[EMAPI] page=11 rows=100 kept=50 total=509
[EMAPI] page=12 rows=100 kept=51 total=560
[EMAPI] page=13 rows=100 kept=48 total=608
[EMAPI] page=14 rows=100 kept=53 total=661
[EMAPI] page=15 rows=100 kept=48 total=709
[EMAPI] page=16 rows=100 kept=49 total=758
[EMAPI] page=17 rows=100 kept=45 total=803
[EMAPI] page=18 rows=100 kept=50 total=853
[EMAPI] page=19 rows=100 kept=46 total=899
[EMAPI] page=20 rows=100 kept=41 total=940
[EMAPI] page=21 rows=100 kept=31 total=971
[EMAPI] page=22 rows=100 kept=36 total=1007
[EMAPI] page=23 rows=100 kept=47 total=1054
[EMAPI] page=24 rows=100 kept=33 total=1087
[EMAPI] page=25 rows=100 kept=40 total=1127
[SCAN] round=424 market=1127 picks=7 ts=2026-03-23T16:27:01.230Z
[EMAPI] page=1 rows=100 kept=44 total=44
[EMAPI] page=2 rows=100 kept=49 total=93
[EMAPI] page=3 rows=100 kept=44 total=137
[EMAPI] page=4 rows=100 kept=43 total=180
[EMAPI] page=5 rows=100 kept=36 total=216
[EMAPI] page=6 rows=100 kept=51 total=267
[EMAPI] page=7 rows=100 kept=48 total=315
[EMAPI] page=8 rows=100 kept=45 total=360
[EMAPI] page=9 rows=100 kept=51 total=411
[EMAPI] page=10 rows=100 kept=48 total=459
[EMAPI] page=11 rows=100 kept=50 total=509
[EMAPI] page=12 rows=100 kept=51 total=560
[EMAPI] page=13 rows=100 kept=48 total=608
[EMAPI] page=14 rows=100 kept=53 total=661
[EMAPI] page=15 rows=100 kept=48 total=709
[EMAPI] page=16 rows=100 kept=49 total=758
[EMAPI] page=17 rows=100 kept=45 total=803
[EMAPI] page=18 rows=100 kept=50 total=853
[EMAPI] page=19 rows=100 kept=46 total=899
[EMAPI] page=20 rows=100 kept=41 total=940
[EMAPI] page=21 rows=100 kept=31 total=971
[EMAPI] page=22 rows=100 kept=36 total=1007
[EMAPI] page=23 rows=100 kept=47 total=1054
[EMAPI] page=24 rows=100 kept=33 total=1087
[EMAPI] page=25 rows=100 kept=40 total=1127
[SCAN] round=425 market=1127 picks=7 ts=2026-03-23T16:28:01.173Z
[EMAPI] page=1 rows=100 kept=44 total=44
[EMAPI] page=2 rows=100 kept=49 total=93
[EMAPI] page=3 rows=100 kept=44 total=137
[EMAPI] page=4 rows=100 kept=43 total=180
[EMAPI] page=5 rows=100 kept=36 total=216
[EMAPI] page=6 rows=100 kept=51 total=267
[EMAPI] page=7 rows=100 kept=48 total=315
[EMAPI] page=8 rows=100 kept=45 total=360
[EMAPI] page=9 rows=100 kept=51 total=411
[EMAPI] page=10 rows=100 kept=48 total=459
[EMAPI] page=11 rows=100 kept=50 total=509
[EMAPI] page=12 rows=100 kept=51 total=560
[EMAPI] page=13 rows=100 kept=48 total=608
[EMAPI] page=14 rows=100 kept=53 total=661
[EMAPI] page=15 rows=100 kept=48 total=709
[EMAPI] page=16 rows=100 kept=49 total=758
[EMAPI] page=17 rows=100 kept=45 total=803
[EMAPI] page=18 rows=100 kept=50 total=853
[EMAPI] page=19 rows=100 kept=46 total=899
[EMAPI] page=20 rows=100 kept=41 total=940
[EMAPI] page=21 rows=100 kept=31 total=971
[EMAPI] page=22 rows=100 kept=36 total=1007
[EMAPI] page=23 rows=100 kept=47 total=1054
[EMAPI] page=24 rows=100 kept=33 total=1087
[EMAPI] page=25 rows=100 kept=40 total=1127
[SCAN] round=426 market=1127 picks=7 ts=2026-03-23T16:29:01.186Z
[EMAPI] page=1 rows=100 kept=44 total=44
[EMAPI] page=2 rows=100 kept=49 total=93
[EMAPI] page=3 rows=100 kept=44 total=137
[EMAPI] page=4 rows=100 kept=43 total=180
[EMAPI] page=5 rows=100 kept=36 total=216
[EMAPI] page=6 rows=100 kept=51 total=267
[EMAPI] page=7 rows=100 kept=48 total=315
[EMAPI] page=8 rows=100 kept=45 total=360
[EMAPI] page=9 rows=100 kept=51 total=411
[EMAPI] page=10 rows=100 kept=48 total=459
[EMAPI] page=11 rows=100 kept=50 total=509
[EMAPI] page=12 rows=100 kept=51 total=560
[EMAPI] page=13 rows=100 kept=48 total=608
[EMAPI] page=14 rows=100 kept=53 total=661
[EMAPI] page=15 rows=100 kept=48 total=709
[EMAPI] page=16 rows=100 kept=49 total=758
[EMAPI] page=17 rows=100 kept=45 total=803
[EMAPI] page=18 rows=100 kept=50 total=853
[EMAPI] page=19 rows=100 kept=46 total=899
[EMAPI] page=20 rows=100 kept=41 total=940
[EMAPI] page=21 rows=100 kept=31 total=971
[EMAPI] page=22 rows=100 kept=36 total=1007
[EMAPI] page=23 rows=100 kept=47 total=1054
[EMAPI] page=24 rows=100 kept=33 total=1087
[EMAPI] page=25 rows=100 kept=40 total=1127
[SCAN] round=427 market=1127 picks=7 ts=2026-03-23T16:30:00.551Z
[EMAPI] page=1 rows=100 kept=44 total=44
[EMAPI] page=2 rows=100 kept=49 total=93
[EMAPI] page=3 rows=100 kept=44 total=137
[EMAPI] page=4 rows=100 kept=43 total=180
[EMAPI] page=5 rows=100 kept=36 total=216
[EMAPI] page=6 rows=100 kept=51 total=267
[EMAPI] page=7 rows=100 kept=48 total=315
[EMAPI] page=8 rows=100 kept=45 total=360
[EMAPI] page=9 rows=100 kept=51 total=411
[EMAPI] page=10 rows=100 kept=48 total=459
[EMAPI] page=11 rows=100 kept=50 total=509
[EMAPI] page=12 rows=100 kept=51 total=560
[EMAPI] page=13 rows=100 kept=48 total=608
[EMAPI] page=14 rows=100 kept=53 total=661
[EMAPI] page=15 rows=100 kept=48 total=709
[EMAPI] page=16 rows=100 kept=49 total=758
[EMAPI] page=17 rows=100 kept=45 total=803
[EMAPI] page=18 rows=100 kept=50 total=853
[EMAPI] page=19 rows=100 kept=46 total=899
[EMAPI] page=20 rows=100 kept=41 total=940
[EMAPI] page=21 rows=100 kept=31 total=971
[EMAPI] page=22 rows=100 kept=36 total=1007
[EMAPI] page=23 rows=100 kept=47 total=1054
[EMAPI] page=24 rows=100 kept=33 total=1087
[EMAPI] page=25 rows=100 kept=40 total=1127
[SCAN] round=428 market=1127 picks=7 ts=2026-03-23T16:31:02.131Z
[EMAPI] page=1 rows=100 kept=44 total=44
[EMAPI] page=2 rows=100 kept=49 total=93
[EMAPI] page=3 rows=100 kept=44 total=137
[EMAPI] page=4 rows=100 kept=43 total=180
[EMAPI] page=5 rows=100 kept=36 total=216
[EMAPI] page=6 rows=100 kept=51 total=267
[EMAPI] page=7 rows=100 kept=48 total=315
[EMAPI] page=8 rows=100 kept=45 total=360
[EMAPI] page=9 rows=100 kept=51 total=411
[EMAPI] page=10 rows=100 kept=48 total=459
[EMAPI] page=11 rows=100 kept=50 total=509
[EMAPI] page=12 rows=100 kept=51 total=560
[EMAPI] page=13 rows=100 kept=48 total=608
[EMAPI] page=14 rows=100 kept=53 total=661
[EMAPI] page=15 rows=100 kept=48 total=709
[EMAPI] page=16 rows=100 kept=49 total=758
[EMAPI] page=17 rows=100 kept=45 total=803
[EMAPI] page=18 rows=100 kept=50 total=853
[EMAPI] page=19 rows=100 kept=46 total=899
[EMAPI] page=20 rows=100 kept=41 total=940
[EMAPI] page=21 rows=100 kept=31 total=971
[EMAPI] page=22 rows=100 kept=36 total=1007
[EMAPI] page=23 rows=100 kept=47 total=1054
[EMAPI] page=24 rows=100 kept=33 total=1087
[EMAPI] page=25 rows=100 kept=40 total=1127
[SCAN] round=429 market=1127 picks=7 ts=2026-03-23T16:32:01.107Z
[EMAPI] page=1 rows=100 kept=44 total=44
[EMAPI] page=2 rows=100 kept=49 total=93
[EMAPI] page=3 rows=100 kept=44 total=137
[EMAPI] page=4 rows=100 kept=43 total=180
[EMAPI] page=5 rows=100 kept=36 total=216
[EMAPI] page=6 rows=100 kept=51 total=267
[EMAPI] page=7 rows=100 kept=48 total=315
[EMAPI] page=8 rows=100 kept=45 total=360
[EMAPI] page=9 rows=100 kept=51 total=411
[EMAPI] page=10 rows=100 kept=48 total=459
[EMAPI] page=11 rows=100 kept=50 total=509
[EMAPI] page=12 rows=100 kept=51 total=560
[EMAPI] page=13 rows=100 kept=48 total=608
[EMAPI] page=14 rows=100 kept=53 total=661
[EMAPI] page=15 rows=100 kept=48 total=709
[EMAPI] page=16 rows=100 kept=49 total=758
[EMAPI] page=17 rows=100 kept=45 total=803
[EMAPI] page=18 rows=100 kept=50 total=853
[EMAPI] page=19 rows=100 kept=46 total=899
[EMAPI] page=20 rows=100 kept=41 total=940
[EMAPI] page=21 rows=100 kept=31 total=971
[EMAPI] page=22 rows=100 kept=36 total=1007
[EMAPI] page=23 rows=100 kept=47 total=1054
[EMAPI] page=24 rows=100 kept=33 total=1087
[EMAPI] page=25 rows=100 kept=40 total=1127
[SCAN] round=430 market=1127 picks=7 ts=2026-03-23T16:33:01.107Z
[EMAPI] page=1 rows=100 kept=44 total=44
[EMAPI] page=2 rows=100 kept=49 total=93
[EMAPI] page=3 rows=100 kept=44 total=137
[EMAPI] page=4 rows=100 kept=43 total=180
[EMAPI] page=5 rows=100 kept=36 total=216
[EMAPI] page=6 rows=100 kept=51 total=267
[EMAPI] page=7 rows=100 kept=48 total=315
[EMAPI] page=8 rows=100 kept=45 total=360
[EMAPI] page=9 rows=100 kept=51 total=411
[EMAPI] page=10 rows=100 kept=48 total=459
[EMAPI] page=11 rows=100 kept=50 total=509
[EMAPI] page=12 rows=100 kept=51 total=560
[EMAPI] page=13 rows=100 kept=48 total=608
[EMAPI] page=14 rows=100 kept=53 total=661
[EMAPI] page=15 rows=100 kept=48 total=709
[EMAPI] page=16 rows=100 kept=49 total=758
[EMAPI] page=17 rows=100 kept=45 total=803
[EMAPI] page=18 rows=100 kept=50 total=853
[EMAPI] page=19 rows=100 kept=46 total=899
[EMAPI] page=20 rows=100 kept=41 total=940
[EMAPI] page=21 rows=100 kept=31 total=971
[EMAPI] page=22 rows=100 kept=36 total=1007
[EMAPI] page=23 rows=100 kept=47 total=1054
[EMAPI] page=24 rows=100 kept=33 total=1087
[EMAPI] page=25 rows=100 kept=40 total=1127
[SCAN] round=431 market=1127 picks=7 ts=2026-03-23T16:34:02.080Z
[EMAPI] page=1 rows=100 kept=44 total=44
[EMAPI] page=2 rows=100 kept=49 total=93
[EMAPI] page=3 rows=100 kept=44 total=137
[EMAPI] page=4 rows=100 kept=43 total=180
[EMAPI] page=5 rows=100 kept=36 total=216
[EMAPI] page=6 rows=100 kept=51 total=267
[EMAPI] page=7 rows=100 kept=48 total=315
[EMAPI] page=8 rows=100 kept=45 total=360
[EMAPI] page=9 rows=100 kept=51 total=411
[EMAPI] page=10 rows=100 kept=48 total=459
[EMAPI] page=11 rows=100 kept=50 total=509
[EMAPI] page=12 rows=100 kept=51 total=560
[EMAPI] page=13 rows=100 kept=48 total=608
[EMAPI] page=14 rows=100 kept=53 total=661
[EMAPI] page=15 rows=100 kept=48 total=709
[EMAPI] page=16 rows=100 kept=49 total=758
[EMAPI] page=17 rows=100 kept=45 total=803
[EMAPI] page=18 rows=100 kept=50 total=853
[EMAPI] page=19 rows=100 kept=46 total=899
[EMAPI] page=20 rows=100 kept=41 total=940
[EMAPI] page=21 rows=100 kept=31 total=971
[EMAPI] page=22 rows=100 kept=36 total=1007
[EMAPI] page=23 rows=100 kept=47 total=1054
[EMAPI] page=24 rows=100 kept=33 total=1087
[EMAPI] page=25 rows=100 kept=40 total=1127
[SCAN] round=432 market=1127 picks=7 ts=2026-03-23T16:35:01.068Z
[EMAPI] page=1 rows=100 kept=44 total=44
[EMAPI] page=2 rows=100 kept=49 total=93
[EMAPI] page=3 rows=100 kept=44 total=137
[EMAPI] page=4 rows=100 kept=43 total=180
[EMAPI] page=5 rows=100 kept=36 total=216
[EMAPI] page=6 rows=100 kept=51 total=267
[EMAPI] page=7 rows=100 kept=48 total=315
[EMAPI] page=8 rows=100 kept=45 total=360
[EMAPI] page=9 rows=100 kept=51 total=411
[EMAPI] page=10 rows=100 kept=48 total=459
[EMAPI] page=11 rows=100 kept=50 total=509
[EMAPI] page=12 rows=100 kept=51 total=560
[EMAPI] page=13 rows=100 kept=48 total=608
[EMAPI] page=14 rows=100 kept=53 total=661
[EMAPI] page=15 rows=100 kept=48 total=709
[EMAPI] page=16 rows=100 kept=49 total=758
[EMAPI] page=17 rows=100 kept=45 total=803
[EMAPI] page=18 rows=100 kept=50 total=853
[EMAPI] page=19 rows=100 kept=46 total=899
[EMAPI] page=20 rows=100 kept=41 total=940
[EMAPI] page=21 rows=100 kept=31 total=971
[EMAPI] page=22 rows=100 kept=36 total=1007
[EMAPI] page=23 rows=100 kept=47 total=1054
[EMAPI] page=24 rows=100 kept=33 total=1087
[EMAPI] page=25 rows=100 kept=40 total=1127
[SCAN] round=433 market=1127 picks=7 ts=2026-03-23T16:36:01.815Z
[EMAPI] page=1 rows=100 kept=44 total=44
[EMAPI] page=2 rows=100 kept=49 total=93
[EMAPI] page=3 rows=100 kept=44 total=137
[EMAPI] page=4 rows=100 kept=43 total=180
[EMAPI] page=5 rows=100 kept=36 total=216
[EMAPI] page=6 rows=100 kept=51 total=267
[EMAPI] page=7 rows=100 kept=48 total=315
[EMAPI] page=8 rows=100 kept=45 total=360
[EMAPI] page=9 rows=100 kept=51 total=411
[EMAPI] page=10 rows=100 kept=48 total=459
[EMAPI] page=11 rows=100 kept=50 total=509
[EMAPI] page=12 rows=100 kept=51 total=560
[EMAPI] page=13 rows=100 kept=48 total=608
[EMAPI] page=14 rows=100 kept=53 total=661
[EMAPI] page=15 rows=100 kept=48 total=709
[EMAPI] page=16 rows=100 kept=49 total=758
[EMAPI] page=17 rows=100 kept=45 total=803
[EMAPI] page=18 rows=100 kept=50 total=853
[EMAPI] page=19 rows=100 kept=46 total=899
[EMAPI] page=20 rows=100 kept=41 total=940
[EMAPI] page=21 rows=100 kept=31 total=971
[EMAPI] page=22 rows=100 kept=36 total=1007
[EMAPI] page=23 rows=100 kept=47 total=1054
[EMAPI] page=24 rows=100 kept=33 total=1087
[EMAPI] page=25 rows=100 kept=40 total=1127
[SCAN] round=434 market=1127 picks=7 ts=2026-03-23T16:37:01.108Z
[EMAPI] page=1 rows=100 kept=44 total=44
[EMAPI] page=2 rows=100 kept=49 total=93
[EMAPI] page=3 rows=100 kept=44 total=137
[EMAPI] page=4 rows=100 kept=43 total=180
[EMAPI] page=5 rows=100 kept=36 total=216
[EMAPI] page=6 rows=100 kept=51 total=267
[EMAPI] page=7 rows=100 kept=48 total=315
[EMAPI] page=8 rows=100 kept=45 total=360
[EMAPI] page=9 rows=100 kept=51 total=411
[EMAPI] page=10 rows=100 kept=48 total=459
[EMAPI] page=11 rows=100 kept=50 total=509
[EMAPI] page=12 rows=100 kept=51 total=560
[EMAPI] page=13 rows=100 kept=48 total=608
[EMAPI] page=14 rows=100 kept=53 total=661
[EMAPI] page=15 rows=100 kept=48 total=709
[EMAPI] page=16 rows=100 kept=49 total=758
[EMAPI] page=17 rows=100 kept=45 total=803
[EMAPI] page=18 rows=100 kept=50 total=853
[EMAPI] page=19 rows=100 kept=46 total=899
[EMAPI] page=20 rows=100 kept=41 total=940
[EMAPI] page=21 rows=100 kept=31 total=971
[EMAPI] page=22 rows=100 kept=36 total=1007
[EMAPI] page=23 rows=100 kept=47 total=1054
[EMAPI] page=24 rows=100 kept=33 total=1087
[EMAPI] page=25 rows=100 kept=40 total=1127
[SCAN] round=435 market=1127 picks=7 ts=2026-03-23T16:38:01.210Z
[EMAPI] page=1 rows=100 kept=44 total=44
[EMAPI] page=2 rows=100 kept=49 total=93
[EMAPI] page=3 rows=100 kept=44 total=137
[EMAPI] page=4 rows=100 kept=43 total=180
[EMAPI] page=5 rows=100 kept=36 total=216
[EMAPI] page=6 rows=100 kept=51 total=267
[EMAPI] page=7 rows=100 kept=48 total=315
[EMAPI] page=8 rows=100 kept=45 total=360
[EMAPI] page=9 rows=100 kept=51 total=411
[EMAPI] page=10 rows=100 kept=48 total=459
[EMAPI] page=11 rows=100 kept=50 total=509
[EMAPI] page=12 rows=100 kept=51 total=560
[EMAPI] page=13 rows=100 kept=48 total=608
[EMAPI] page=14 rows=100 kept=53 total=661
[EMAPI] page=15 rows=100 kept=48 total=709
[EMAPI] page=16 rows=100 kept=49 total=758
[EMAPI] page=17 rows=100 kept=45 total=803
[EMAPI] page=18 rows=100 kept=50 total=853
[EMAPI] page=19 rows=100 kept=46 total=899
[EMAPI] page=20 rows=100 kept=41 total=940
[EMAPI] page=21 rows=100 kept=31 total=971
[EMAPI] page=22 rows=100 kept=36 total=1007
[EMAPI] page=23 rows=100 kept=47 total=1054
[EMAPI] page=24 rows=100 kept=33 total=1087
[EMAPI] page=25 rows=100 kept=40 total=1127
[SCAN] round=436 market=1127 picks=7 ts=2026-03-23T16:39:01.426Z
[EMAPI] page=1 rows=100 kept=44 total=44
[EMAPI] page=2 rows=100 kept=49 total=93
[EMAPI] page=3 rows=100 kept=44 total=137
[EMAPI] page=4 rows=100 kept=43 total=180
[EMAPI] page=5 rows=100 kept=36 total=216
[EMAPI] page=6 rows=100 kept=51 total=267
[EMAPI] page=7 rows=100 kept=48 total=315
[EMAPI] page=8 rows=100 kept=45 total=360
[EMAPI] page=9 rows=100 kept=51 total=411
[EMAPI] page=10 rows=100 kept=48 total=459
[EMAPI] page=11 rows=100 kept=50 total=509
[EMAPI] page=12 rows=100 kept=51 total=560
[EMAPI] page=13 rows=100 kept=48 total=608
[EMAPI] page=14 rows=100 kept=53 total=661
[EMAPI] page=15 rows=100 kept=48 total=709
[EMAPI] page=16 rows=100 kept=49 total=758
[EMAPI] page=17 rows=100 kept=45 total=803
[EMAPI] page=18 rows=100 kept=50 total=853
[EMAPI] page=19 rows=100 kept=46 total=899
[EMAPI] page=20 rows=100 kept=41 total=940
[EMAPI] page=21 rows=100 kept=31 total=971
[EMAPI] page=22 rows=100 kept=36 total=1007
[EMAPI] page=23 rows=100 kept=47 total=1054
[EMAPI] page=24 rows=100 kept=33 total=1087
[EMAPI] page=25 rows=100 kept=40 total=1127
[SCAN] round=437 market=1127 picks=7 ts=2026-03-23T16:40:00.475Z
[EMAPI] page=1 rows=100 kept=44 total=44
[EMAPI] page=2 rows=100 kept=49 total=93
[EMAPI] page=3 rows=100 kept=44 total=137
[EMAPI] page=4 rows=100 kept=43 total=180
[EMAPI] page=5 rows=100 kept=36 total=216
[EMAPI] page=6 rows=100 kept=51 total=267
[EMAPI] page=7 rows=100 kept=48 total=315
[EMAPI] page=8 rows=100 kept=45 total=360
[EMAPI] page=9 rows=100 kept=51 total=411
[EMAPI] page=10 rows=100 kept=48 total=459
[EMAPI] page=11 rows=100 kept=50 total=509
[EMAPI] page=12 rows=100 kept=51 total=560
[EMAPI] page=13 rows=100 kept=48 total=608
[EMAPI] page=14 rows=100 kept=53 total=661
[EMAPI] page=15 rows=100 kept=48 total=709
[EMAPI] page=16 rows=100 kept=49 total=758
[EMAPI] page=17 rows=100 kept=45 total=803
[EMAPI] page=18 rows=100 kept=50 total=853
[EMAPI] page=19 rows=100 kept=46 total=899
[EMAPI] page=20 rows=100 kept=41 total=940
[EMAPI] page=21 rows=100 kept=31 total=971
[EMAPI] page=22 rows=100 kept=36 total=1007
[EMAPI] page=23 rows=100 kept=47 total=1054
[EMAPI] page=24 rows=100 kept=33 total=1087
[EMAPI] page=25 rows=100 kept=40 total=1127
[SCAN] round=438 market=1127 picks=7 ts=2026-03-23T16:41:00.510Z
[EMAPI] page=1 rows=100 kept=44 total=44
[EMAPI] page=2 rows=100 kept=49 total=93
[EMAPI] page=3 rows=100 kept=44 total=137
[EMAPI] page=4 rows=100 kept=43 total=180
[EMAPI] page=5 rows=100 kept=36 total=216
[EMAPI] page=6 rows=100 kept=51 total=267
[EMAPI] page=7 rows=100 kept=48 total=315
[EMAPI] page=8 rows=100 kept=45 total=360
[EMAPI] page=9 rows=100 kept=51 total=411
[EMAPI] page=10 rows=100 kept=48 total=459
[EMAPI] page=11 rows=100 kept=50 total=509
[EMAPI] page=12 rows=100 kept=51 total=560
[EMAPI] page=13 rows=100 kept=48 total=608
[EMAPI] page=14 rows=100 kept=53 total=661
[EMAPI] page=15 rows=100 kept=48 total=709
[EMAPI] page=16 rows=100 kept=49 total=758
[EMAPI] page=17 rows=100 kept=45 total=803
[EMAPI] page=18 rows=100 kept=50 total=853
[EMAPI] page=19 rows=100 kept=46 total=899
[EMAPI] page=20 rows=100 kept=41 total=940
[EMAPI] page=21 rows=100 kept=31 total=971
[EMAPI] page=22 rows=100 kept=36 total=1007
[EMAPI] page=23 rows=100 kept=47 total=1054
[EMAPI] page=24 rows=100 kept=33 total=1087
[EMAPI] page=25 rows=100 kept=40 total=1127
[SCAN] round=439 market=1127 picks=7 ts=2026-03-23T16:42:02.096Z
[EMAPI] page=1 rows=100 kept=44 total=44
[EMAPI] page=2 rows=100 kept=49 total=93
[EMAPI] page=3 rows=100 kept=44 total=137
[EMAPI] page=4 rows=100 kept=43 total=180
[EMAPI] page=5 rows=100 kept=36 total=216
[EMAPI] page=6 rows=100 kept=51 total=267
[EMAPI] page=7 rows=100 kept=48 total=315
[EMAPI] page=8 rows=100 kept=45 total=360
[EMAPI] page=9 rows=100 kept=51 total=411
[EMAPI] page=10 rows=100 kept=48 total=459
[EMAPI] page=11 rows=100 kept=50 total=509
[EMAPI] page=12 rows=100 kept=51 total=560
[EMAPI] page=13 rows=100 kept=48 total=608
[EMAPI] page=14 rows=100 kept=53 total=661
[EMAPI] page=15 rows=100 kept=48 total=709
[EMAPI] page=16 rows=100 kept=49 total=758
[EMAPI] page=17 rows=100 kept=45 total=803
[EMAPI] page=18 rows=100 kept=50 total=853
[EMAPI] page=19 rows=100 kept=46 total=899
[EMAPI] page=20 rows=100 kept=41 total=940
[EMAPI] page=21 rows=100 kept=31 total=971
[EMAPI] page=22 rows=100 kept=36 total=1007
[EMAPI] page=23 rows=100 kept=47 total=1054
[EMAPI] page=24 rows=100 kept=33 total=1087
[EMAPI] page=25 rows=100 kept=40 total=1127
[SCAN] round=440 market=1127 picks=7 ts=2026-03-23T16:43:01.608Z
[EMAPI] page=1 rows=100 kept=44 total=44
[EMAPI] page=2 rows=100 kept=49 total=93
[EMAPI] page=3 rows=100 kept=44 total=137
[EMAPI] page=4 rows=100 kept=43 total=180
[EMAPI] page=5 rows=100 kept=36 total=216
[EMAPI] page=6 rows=100 kept=51 total=267
[EMAPI] page=7 rows=100 kept=48 total=315
[EMAPI] page=8 rows=100 kept=45 total=360
[EMAPI] page=9 rows=100 kept=51 total=411
[EMAPI] page=10 rows=100 kept=48 total=459
[EMAPI] page=11 rows=100 kept=50 total=509
[EMAPI] page=12 rows=100 kept=51 total=560
[EMAPI] page=13 rows=100 kept=48 total=608
[EMAPI] page=14 rows=100 kept=53 total=661
[EMAPI] page=15 rows=100 kept=48 total=709
[EMAPI] page=16 rows=100 kept=49 total=758
[EMAPI] page=17 rows=100 kept=45 total=803
[EMAPI] page=18 rows=100 kept=50 total=853
[EMAPI] page=19 rows=100 kept=46 total=899
[EMAPI] page=20 rows=100 kept=41 total=940
[EMAPI] page=21 rows=100 kept=31 total=971
[EMAPI] page=22 rows=100 kept=36 total=1007
[EMAPI] page=23 rows=100 kept=47 total=1054
[EMAPI] page=24 rows=100 kept=33 total=1087
[EMAPI] page=25 rows=100 kept=40 total=1127
[SCAN] round=441 market=1127 picks=7 ts=2026-03-23T16:44:01.108Z
[EMAPI] page=1 rows=100 kept=44 total=44
[EMAPI] page=2 rows=100 kept=49 total=93
[EMAPI] page=3 rows=100 kept=44 total=137
[EMAPI] page=4 rows=100 kept=43 total=180
[EMAPI] page=5 rows=100 kept=36 total=216
[EMAPI] page=6 rows=100 kept=51 total=267
[EMAPI] page=7 rows=100 kept=48 total=315
[EMAPI] page=8 rows=100 kept=45 total=360
[EMAPI] page=9 rows=100 kept=51 total=411
[EMAPI] page=10 rows=100 kept=48 total=459
[EMAPI] page=11 rows=100 kept=50 total=509
[EMAPI] page=12 rows=100 kept=51 total=560
[EMAPI] page=13 rows=100 kept=48 total=608
[EMAPI] page=14 rows=100 kept=53 total=661
[EMAPI] page=15 rows=100 kept=48 total=709
[EMAPI] page=16 rows=100 kept=49 total=758
[EMAPI] page=17 rows=100 kept=45 total=803
[EMAPI] page=18 rows=100 kept=50 total=853
[EMAPI] page=19 rows=100 kept=46 total=899
[EMAPI] page=20 rows=100 kept=41 total=940
[EMAPI] page=21 rows=100 kept=31 total=971
[EMAPI] page=22 rows=100 kept=36 total=1007
[EMAPI] page=23 rows=100 kept=47 total=1054
[EMAPI] page=24 rows=100 kept=33 total=1087
[EMAPI] page=25 rows=100 kept=40 total=1127
[SCAN] round=442 market=1127 picks=7 ts=2026-03-23T16:45:01.389Z
[EMAPI] page=1 rows=100 kept=44 total=44
[EMAPI] page=2 rows=100 kept=49 total=93
[EMAPI] page=3 rows=100 kept=44 total=137
[EMAPI] page=4 rows=100 kept=43 total=180
[EMAPI] page=5 rows=100 kept=36 total=216
[EMAPI] page=6 rows=100 kept=51 total=267
[EMAPI] page=7 rows=100 kept=48 total=315
[EMAPI] page=8 rows=100 kept=45 total=360
[EMAPI] page=9 rows=100 kept=51 total=411
[EMAPI] page=10 rows=100 kept=48 total=459
[EMAPI] page=11 rows=100 kept=50 total=509
[EMAPI] page=12 rows=100 kept=51 total=560
[EMAPI] page=13 rows=100 kept=48 total=608
[EMAPI] page=14 rows=100 kept=53 total=661
[EMAPI] page=15 rows=100 kept=48 total=709
[EMAPI] page=16 rows=100 kept=49 total=758
[EMAPI] page=17 rows=100 kept=45 total=803
[EMAPI] page=18 rows=100 kept=50 total=853
[EMAPI] page=19 rows=100 kept=46 total=899
[EMAPI] page=20 rows=100 kept=41 total=940
[EMAPI] page=21 rows=100 kept=31 total=971
[EMAPI] page=22 rows=100 kept=36 total=1007
[EMAPI] page=23 rows=100 kept=47 total=1054
[EMAPI] page=24 rows=100 kept=33 total=1087
[EMAPI] page=25 rows=100 kept=40 total=1127
[SCAN] round=443 market=1127 picks=7 ts=2026-03-23T16:46:01.108Z
[EMAPI] page=1 rows=100 kept=44 total=44
[EMAPI] page=2 rows=100 kept=49 total=93
[EMAPI] page=3 rows=100 kept=44 total=137
[EMAPI] page=4 rows=100 kept=43 total=180
[EMAPI] page=5 rows=100 kept=36 total=216
[EMAPI] page=6 rows=100 kept=51 total=267
[EMAPI] page=7 rows=100 kept=48 total=315
[EMAPI] page=8 rows=100 kept=45 total=360
[EMAPI] page=9 rows=100 kept=51 total=411
[EMAPI] page=10 rows=100 kept=48 total=459
[EMAPI] page=11 rows=100 kept=50 total=509
[EMAPI] page=12 rows=100 kept=51 total=560
[EMAPI] page=13 rows=100 kept=48 total=608
[EMAPI] page=14 rows=100 kept=53 total=661
[EMAPI] page=15 rows=100 kept=48 total=709
[EMAPI] page=16 rows=100 kept=49 total=758
[EMAPI] page=17 rows=100 kept=45 total=803
[EMAPI] page=18 rows=100 kept=50 total=853
[EMAPI] page=19 rows=100 kept=46 total=899
[EMAPI] page=20 rows=100 kept=41 total=940
[EMAPI] page=21 rows=100 kept=31 total=971
[EMAPI] page=22 rows=100 kept=36 total=1007
[EMAPI] page=23 rows=100 kept=47 total=1054
[EMAPI] page=24 rows=100 kept=33 total=1087
[EMAPI] page=25 rows=100 kept=40 total=1127
[SCAN] round=444 market=1127 picks=7 ts=2026-03-23T16:47:01.118Z
[EMAPI] page=1 rows=100 kept=44 total=44
[EMAPI] page=2 rows=100 kept=49 total=93
[EMAPI] page=3 rows=100 kept=44 total=137
[EMAPI] page=4 rows=100 kept=43 total=180
[EMAPI] page=5 rows=100 kept=36 total=216
[EMAPI] page=6 rows=100 kept=51 total=267
[EMAPI] page=7 rows=100 kept=48 total=315
[EMAPI] page=8 rows=100 kept=45 total=360
[EMAPI] page=9 rows=100 kept=51 total=411
[EMAPI] page=10 rows=100 kept=48 total=459
[EMAPI] page=11 rows=100 kept=50 total=509
[EMAPI] page=12 rows=100 kept=51 total=560
[EMAPI] page=13 rows=100 kept=48 total=608
[EMAPI] page=14 rows=100 kept=53 total=661
[EMAPI] page=15 rows=100 kept=48 total=709
[EMAPI] page=16 rows=100 kept=49 total=758
[EMAPI] page=17 rows=100 kept=45 total=803
[EMAPI] page=18 rows=100 kept=50 total=853
[EMAPI] page=19 rows=100 kept=46 total=899
[EMAPI] page=20 rows=100 kept=41 total=940
[EMAPI] page=21 rows=100 kept=31 total=971
[EMAPI] page=22 rows=100 kept=36 total=1007
[EMAPI] page=23 rows=100 kept=47 total=1054
[EMAPI] page=24 rows=100 kept=33 total=1087
[EMAPI] page=25 rows=100 kept=40 total=1127
[SCAN] round=445 market=1127 picks=7 ts=2026-03-23T16:48:01.500Z
[EMAPI] page=1 rows=100 kept=44 total=44
[EMAPI] page=2 rows=100 kept=49 total=93
[EMAPI] page=3 rows=100 kept=44 total=137
[EMAPI] page=4 rows=100 kept=43 total=180
[EMAPI] page=5 rows=100 kept=36 total=216
[EMAPI] page=6 rows=100 kept=51 total=267
[EMAPI] page=7 rows=100 kept=48 total=315
[EMAPI] page=8 rows=100 kept=45 total=360
[EMAPI] page=9 rows=100 kept=51 total=411
[EMAPI] page=10 rows=100 kept=48 total=459
[EMAPI] page=11 rows=100 kept=50 total=509
[EMAPI] page=12 rows=100 kept=51 total=560
[EMAPI] page=13 rows=100 kept=48 total=608
[EMAPI] page=14 rows=100 kept=53 total=661
[EMAPI] page=15 rows=100 kept=48 total=709
[EMAPI] page=16 rows=100 kept=49 total=758
[EMAPI] page=17 rows=100 kept=45 total=803
[EMAPI] page=18 rows=100 kept=50 total=853
[EMAPI] page=19 rows=100 kept=46 total=899
[EMAPI] page=20 rows=100 kept=41 total=940
[EMAPI] page=21 rows=100 kept=31 total=971
[EMAPI] page=22 rows=100 kept=36 total=1007
[EMAPI] page=23 rows=100 kept=47 total=1054
[EMAPI] page=24 rows=100 kept=33 total=1087
[EMAPI] page=25 rows=100 kept=40 total=1127
[SCAN] round=446 market=1127 picks=7 ts=2026-03-23T16:49:01.329Z
[EMAPI] page=1 rows=100 kept=44 total=44
[EMAPI] page=2 rows=100 kept=49 total=93
[EMAPI] page=3 rows=100 kept=44 total=137
[EMAPI] page=4 rows=100 kept=43 total=180
[EMAPI] page=5 rows=100 kept=36 total=216
[EMAPI] page=6 rows=100 kept=51 total=267
[EMAPI] page=7 rows=100 kept=48 total=315
[EMAPI] page=8 rows=100 kept=45 total=360
[EMAPI] page=9 rows=100 kept=51 total=411
[EMAPI] page=10 rows=100 kept=48 total=459
[EMAPI] page=11 rows=100 kept=50 total=509
[EMAPI] page=12 rows=100 kept=51 total=560
[EMAPI] page=13 rows=100 kept=48 total=608
[EMAPI] page=14 rows=100 kept=53 total=661
[EMAPI] page=15 rows=100 kept=48 total=709
[EMAPI] page=16 rows=100 kept=49 total=758
[EMAPI] page=17 rows=100 kept=45 total=803
[EMAPI] page=18 rows=100 kept=50 total=853
[EMAPI] page=19 rows=100 kept=46 total=899
[EMAPI] page=20 rows=100 kept=41 total=940
[EMAPI] page=21 rows=100 kept=31 total=971
[EMAPI] page=22 rows=100 kept=36 total=1007
[EMAPI] page=23 rows=100 kept=47 total=1054
[EMAPI] page=24 rows=100 kept=33 total=1087
[EMAPI] page=25 rows=100 kept=40 total=1127
[SCAN] round=447 market=1127 picks=7 ts=2026-03-23T16:50:02.145Z
[EMAPI] page=1 rows=100 kept=44 total=44
[EMAPI] page=2 rows=100 kept=49 total=93
[EMAPI] page=3 rows=100 kept=44 total=137
[EMAPI] page=4 rows=100 kept=43 total=180
[EMAPI] page=5 rows=100 kept=36 total=216
[EMAPI] page=6 rows=100 kept=51 total=267
[EMAPI] page=7 rows=100 kept=48 total=315
[EMAPI] page=8 rows=100 kept=45 total=360
[EMAPI] page=9 rows=100 kept=51 total=411
[EMAPI] page=10 rows=100 kept=48 total=459
[EMAPI] page=11 rows=100 kept=50 total=509
[EMAPI] page=12 rows=100 kept=51 total=560
[EMAPI] page=13 rows=100 kept=48 total=608
[EMAPI] page=14 rows=100 kept=53 total=661
[EMAPI] page=15 rows=100 kept=48 total=709
[EMAPI] page=16 rows=100 kept=49 total=758
[EMAPI] page=17 rows=100 kept=45 total=803
[EMAPI] page=18 rows=100 kept=50 total=853
[EMAPI] page=19 rows=100 kept=46 total=899
[EMAPI] page=20 rows=100 kept=41 total=940
[EMAPI] page=21 rows=100 kept=31 total=971
[EMAPI] page=22 rows=100 kept=36 total=1007
[EMAPI] page=23 rows=100 kept=47 total=1054
[EMAPI] page=24 rows=100 kept=33 total=1087
[EMAPI] page=25 rows=100 kept=40 total=1127
[SCAN] round=448 market=1127 picks=7 ts=2026-03-23T16:51:01.782Z
[EMAPI] page=1 rows=100 kept=44 total=44
[EMAPI] page=2 rows=100 kept=49 total=93
[EMAPI] page=3 rows=100 kept=44 total=137
[EMAPI] page=4 rows=100 kept=43 total=180
[EMAPI] page=5 rows=100 kept=36 total=216
[EMAPI] page=6 rows=100 kept=51 total=267
[EMAPI] page=7 rows=100 kept=48 total=315
[EMAPI] page=8 rows=100 kept=45 total=360
[EMAPI] page=9 rows=100 kept=51 total=411
[EMAPI] page=10 rows=100 kept=48 total=459
[EMAPI] page=11 rows=100 kept=50 total=509
[EMAPI] page=12 rows=100 kept=51 total=560
[EMAPI] page=13 rows=100 kept=48 total=608
[EMAPI] page=14 rows=100 kept=53 total=661
[EMAPI] page=15 rows=100 kept=48 total=709
[EMAPI] page=16 rows=100 kept=49 total=758
[EMAPI] page=17 rows=100 kept=45 total=803
[EMAPI] page=18 rows=100 kept=50 total=853
[EMAPI] page=19 rows=100 kept=46 total=899
[EMAPI] page=20 rows=100 kept=41 total=940
[EMAPI] page=21 rows=100 kept=31 total=971
[EMAPI] page=22 rows=100 kept=36 total=1007
[EMAPI] page=23 rows=100 kept=47 total=1054
[EMAPI] page=24 rows=100 kept=33 total=1087
[EMAPI] page=25 rows=100 kept=40 total=1127
[SCAN] round=449 market=1127 picks=7 ts=2026-03-23T16:52:01.345Z
[EMAPI] page=1 rows=100 kept=44 total=44
[EMAPI] page=2 rows=100 kept=49 total=93
[EMAPI] page=3 rows=100 kept=44 total=137
[EMAPI] page=4 rows=100 kept=43 total=180
[EMAPI] page=5 rows=100 kept=36 total=216
[EMAPI] page=6 rows=100 kept=51 total=267
[EMAPI] page=7 rows=100 kept=48 total=315
[EMAPI] page=8 rows=100 kept=45 total=360
[EMAPI] page=9 rows=100 kept=51 total=411
[EMAPI] page=10 rows=100 kept=48 total=459
[EMAPI] page=11 rows=100 kept=50 total=509
[EMAPI] page=12 rows=100 kept=51 total=560
[EMAPI] page=13 rows=100 kept=48 total=608
[EMAPI] page=14 rows=100 kept=53 total=661
[EMAPI] page=15 rows=100 kept=48 total=709
[EMAPI] page=16 rows=100 kept=49 total=758
[EMAPI] page=17 rows=100 kept=45 total=803
[EMAPI] page=18 rows=100 kept=50 total=853
[EMAPI] page=19 rows=100 kept=46 total=899
[EMAPI] page=20 rows=100 kept=41 total=940
[EMAPI] page=21 rows=100 kept=31 total=971
[EMAPI] page=22 rows=100 kept=36 total=1007
[EMAPI] page=23 rows=100 kept=47 total=1054
[EMAPI] page=24 rows=100 kept=33 total=1087
[EMAPI] page=25 rows=100 kept=40 total=1127
[SCAN] round=450 market=1127 picks=7 ts=2026-03-23T16:53:01.373Z
[EMAPI] page=1 rows=100 kept=44 total=44
[EMAPI] page=2 rows=100 kept=49 total=93
[EMAPI] page=3 rows=100 kept=44 total=137
[EMAPI] page=4 rows=100 kept=43 total=180
[EMAPI] page=5 rows=100 kept=36 total=216
[EMAPI] page=6 rows=100 kept=51 total=267
[EMAPI] page=7 rows=100 kept=48 total=315
[EMAPI] page=8 rows=100 kept=45 total=360
[EMAPI] page=9 rows=100 kept=51 total=411
[EMAPI] page=10 rows=100 kept=48 total=459
[EMAPI] page=11 rows=100 kept=50 total=509
[EMAPI] page=12 rows=100 kept=51 total=560
[EMAPI] page=13 rows=100 kept=48 total=608
[EMAPI] page=14 rows=100 kept=53 total=661
[EMAPI] page=15 rows=100 kept=48 total=709
[EMAPI] page=16 rows=100 kept=49 total=758
[EMAPI] page=17 rows=100 kept=45 total=803
[EMAPI] page=18 rows=100 kept=50 total=853
[EMAPI] page=19 rows=100 kept=46 total=899
[EMAPI] page=20 rows=100 kept=41 total=940
[EMAPI] page=21 rows=100 kept=31 total=971
[EMAPI] page=22 rows=100 kept=36 total=1007
[EMAPI] page=23 rows=100 kept=47 total=1054
[EMAPI] page=24 rows=100 kept=33 total=1087
[EMAPI] page=25 rows=100 kept=40 total=1127
[SCAN] round=451 market=1127 picks=7 ts=2026-03-23T16:54:01.303Z
[EMAPI] page=1 rows=100 kept=44 total=44
[EMAPI] page=2 rows=100 kept=49 total=93
[EMAPI] page=3 rows=100 kept=44 total=137
[EMAPI] page=4 rows=100 kept=43 total=180
[EMAPI] page=5 rows=100 kept=36 total=216
[EMAPI] page=6 rows=100 kept=51 total=267
[EMAPI] page=7 rows=100 kept=48 total=315
[EMAPI] page=8 rows=100 kept=45 total=360
[EMAPI] page=9 rows=100 kept=51 total=411
[EMAPI] page=10 rows=100 kept=48 total=459
[EMAPI] page=11 rows=100 kept=50 total=509
[EMAPI] page=12 rows=100 kept=51 total=560
[EMAPI] page=13 rows=100 kept=48 total=608
[EMAPI] page=14 rows=100 kept=53 total=661
[EMAPI] page=15 rows=100 kept=48 total=709
[EMAPI] page=16 rows=100 kept=49 total=758
[EMAPI] page=17 rows=100 kept=45 total=803
[EMAPI] page=18 rows=100 kept=50 total=853
[EMAPI] page=19 rows=100 kept=46 total=899
[EMAPI] page=20 rows=100 kept=41 total=940
[EMAPI] page=21 rows=100 kept=31 total=971
[EMAPI] page=22 rows=100 kept=36 total=1007
[EMAPI] page=23 rows=100 kept=47 total=1054
[EMAPI] page=24 rows=100 kept=33 total=1087
[EMAPI] page=25 rows=100 kept=40 total=1127
[SCAN] round=452 market=1127 picks=7 ts=2026-03-23T16:55:02.044Z
[EMAPI] page=1 rows=100 kept=44 total=44
[EMAPI] page=2 rows=100 kept=49 total=93
[EMAPI] page=3 rows=100 kept=44 total=137
[EMAPI] page=4 rows=100 kept=43 total=180
[EMAPI] page=5 rows=100 kept=36 total=216
[EMAPI] page=6 rows=100 kept=51 total=267
[EMAPI] page=7 rows=100 kept=48 total=315
[EMAPI] page=8 rows=100 kept=45 total=360
[EMAPI] page=9 rows=100 kept=51 total=411
[EMAPI] page=10 rows=100 kept=48 total=459
[EMAPI] page=11 rows=100 kept=50 total=509
[EMAPI] page=12 rows=100 kept=51 total=560
[EMAPI] page=13 rows=100 kept=48 total=608
[EMAPI] page=14 rows=100 kept=53 total=661
[EMAPI] page=15 rows=100 kept=48 total=709
[EMAPI] page=16 rows=100 kept=49 total=758
[EMAPI] page=17 rows=100 kept=45 total=803
[EMAPI] page=18 rows=100 kept=50 total=853
[EMAPI] page=19 rows=100 kept=46 total=899
[EMAPI] page=20 rows=100 kept=41 total=940
[EMAPI] page=21 rows=100 kept=31 total=971
[EMAPI] page=22 rows=100 kept=36 total=1007
[EMAPI] page=23 rows=100 kept=47 total=1054
[EMAPI] page=24 rows=100 kept=33 total=1087
[EMAPI] page=25 rows=100 kept=40 total=1127
[SCAN] round=453 market=1127 picks=7 ts=2026-03-23T16:56:02.983Z
[EMAPI] page=1 rows=100 kept=44 total=44
[EMAPI] page=2 rows=100 kept=49 total=93
[EMAPI] page=3 rows=100 kept=44 total=137
[EMAPI] page=4 rows=100 kept=43 total=180
[EMAPI] page=5 rows=100 kept=36 total=216
[EMAPI] page=6 rows=100 kept=51 total=267
[EMAPI] page=7 rows=100 kept=48 total=315
[EMAPI] page=8 rows=100 kept=45 total=360
[EMAPI] page=9 rows=100 kept=51 total=411
[EMAPI] page=10 rows=100 kept=48 total=459
[EMAPI] page=11 rows=100 kept=50 total=509
[EMAPI] page=12 rows=100 kept=51 total=560
[EMAPI] page=13 rows=100 kept=48 total=608
[EMAPI] page=14 rows=100 kept=53 total=661
[EMAPI] page=15 rows=100 kept=48 total=709
[EMAPI] page=16 rows=100 kept=49 total=758
[EMAPI] page=17 rows=100 kept=45 total=803
[EMAPI] page=18 rows=100 kept=50 total=853
[EMAPI] page=19 rows=100 kept=46 total=899
[EMAPI] page=20 rows=100 kept=41 total=940
[EMAPI] page=21 rows=100 kept=31 total=971
[EMAPI] page=22 rows=100 kept=36 total=1007
[EMAPI] page=23 rows=100 kept=47 total=1054
[EMAPI] page=24 rows=100 kept=33 total=1087
[EMAPI] page=25 rows=100 kept=40 total=1127
[SCAN] round=454 market=1127 picks=7 ts=2026-03-23T16:57:02.461Z
[EMAPI] page=1 rows=100 kept=44 total=44
[EMAPI] page=2 rows=100 kept=49 total=93
[EMAPI] page=3 rows=100 kept=44 total=137
[EMAPI] page=4 rows=100 kept=43 total=180
[EMAPI] page=5 rows=100 kept=36 total=216
[EMAPI] page=6 rows=100 kept=51 total=267
[EMAPI] page=7 rows=100 kept=48 total=315
[EMAPI] page=8 rows=100 kept=45 total=360
[EMAPI] page=9 rows=100 kept=51 total=411
[EMAPI] page=10 rows=100 kept=48 total=459
[EMAPI] page=11 rows=100 kept=50 total=509
[EMAPI] page=12 rows=100 kept=51 total=560
[EMAPI] page=13 rows=100 kept=48 total=608
[EMAPI] page=14 rows=100 kept=53 total=661
[EMAPI] page=15 rows=100 kept=48 total=709
[EMAPI] page=16 rows=100 kept=49 total=758
[EMAPI] page=17 rows=100 kept=45 total=803
[EMAPI] page=18 rows=100 kept=50 total=853
[EMAPI] page=19 rows=100 kept=46 total=899
[EMAPI] page=20 rows=100 kept=41 total=940
[EMAPI] page=21 rows=100 kept=31 total=971
[EMAPI] page=22 rows=100 kept=36 total=1007
[EMAPI] page=23 rows=100 kept=47 total=1054
[EMAPI] page=24 rows=100 kept=33 total=1087
[EMAPI] page=25 rows=100 kept=40 total=1127
[SCAN] round=455 market=1127 picks=7 ts=2026-03-23T16:58:01.338Z
[EMAPI] page=1 rows=100 kept=44 total=44
[EMAPI] page=2 rows=100 kept=49 total=93
[EMAPI] page=3 rows=100 kept=44 total=137
[EMAPI] page=4 rows=100 kept=43 total=180
[EMAPI] page=5 rows=100 kept=36 total=216
[EMAPI] page=6 rows=100 kept=51 total=267
[EMAPI] page=7 rows=100 kept=48 total=315
[EMAPI] page=8 rows=100 kept=45 total=360
[EMAPI] page=9 rows=100 kept=51 total=411
[EMAPI] page=10 rows=100 kept=48 total=459
[EMAPI] page=11 rows=100 kept=50 total=509
[EMAPI] page=12 rows=100 kept=51 total=560
[EMAPI] page=13 rows=100 kept=48 total=608
[EMAPI] page=14 rows=100 kept=53 total=661
[EMAPI] page=15 rows=100 kept=48 total=709
[EMAPI] page=16 rows=100 kept=49 total=758
[EMAPI] page=17 rows=100 kept=45 total=803
[EMAPI] page=18 rows=100 kept=50 total=853
[EMAPI] page=19 rows=100 kept=46 total=899
[EMAPI] page=20 rows=100 kept=41 total=940
[EMAPI] page=21 rows=100 kept=31 total=971
[EMAPI] page=22 rows=100 kept=36 total=1007
[EMAPI] page=23 rows=100 kept=47 total=1054
[EMAPI] page=24 rows=100 kept=33 total=1087
[EMAPI] page=25 rows=100 kept=40 total=1127
[SCAN] round=456 market=1127 picks=7 ts=2026-03-23T16:59:01.506Z
[EMAPI] page=1 rows=100 kept=44 total=44
[EMAPI] page=2 rows=100 kept=49 total=93
[EMAPI] page=3 rows=100 kept=44 total=137
[EMAPI] page=4 rows=100 kept=43 total=180
[EMAPI] page=5 rows=100 kept=36 total=216
[EMAPI] page=6 rows=100 kept=51 total=267
[EMAPI] page=7 rows=100 kept=48 total=315
[EMAPI] page=8 rows=100 kept=45 total=360
[EMAPI] page=9 rows=100 kept=51 total=411
[EMAPI] page=10 rows=100 kept=48 total=459
[EMAPI] page=11 rows=100 kept=50 total=509
[EMAPI] page=12 rows=100 kept=51 total=560
[EMAPI] page=13 rows=100 kept=48 total=608
[EMAPI] page=14 rows=100 kept=53 total=661
[EMAPI] page=15 rows=100 kept=48 total=709
[EMAPI] page=16 rows=100 kept=49 total=758
[EMAPI] page=17 rows=100 kept=45 total=803
[EMAPI] page=18 rows=100 kept=50 total=853
[EMAPI] page=19 rows=100 kept=46 total=899
[EMAPI] page=20 rows=100 kept=41 total=940
[EMAPI] page=21 rows=100 kept=31 total=971
[EMAPI] page=22 rows=100 kept=36 total=1007
[EMAPI] page=23 rows=100 kept=47 total=1054
[EMAPI] page=24 rows=100 kept=33 total=1087
[EMAPI] page=25 rows=100 kept=40 total=1127
[SCAN] round=457 market=1127 picks=7 ts=2026-03-23T17:00:00.833Z
[EMAPI] page=1 rows=100 kept=44 total=44
[EMAPI] page=2 rows=100 kept=49 total=93
[EMAPI] page=3 rows=100 kept=44 total=137
[EMAPI] page=4 rows=100 kept=43 total=180
[EMAPI] page=5 rows=100 kept=36 total=216
[EMAPI] page=6 rows=100 kept=51 total=267
[EMAPI] page=7 rows=100 kept=48 total=315
[EMAPI] page=8 rows=100 kept=45 total=360
[EMAPI] page=9 rows=100 kept=51 total=411
[EMAPI] page=10 rows=100 kept=48 total=459
[EMAPI] page=11 rows=100 kept=50 total=509
[EMAPI] page=12 rows=100 kept=51 total=560
[EMAPI] page=13 rows=100 kept=48 total=608
[EMAPI] page=14 rows=100 kept=53 total=661
[EMAPI] page=15 rows=100 kept=48 total=709
[EMAPI] page=16 rows=100 kept=49 total=758
[EMAPI] page=17 rows=100 kept=45 total=803
[EMAPI] page=18 rows=100 kept=50 total=853
[EMAPI] page=19 rows=100 kept=46 total=899
[EMAPI] page=20 rows=100 kept=41 total=940
[EMAPI] page=21 rows=100 kept=31 total=971
[EMAPI] page=22 rows=100 kept=36 total=1007
[EMAPI] page=23 rows=100 kept=47 total=1054
[EMAPI] page=24 rows=100 kept=33 total=1087
[EMAPI] page=25 rows=100 kept=40 total=1127
[SCAN] round=458 market=1127 picks=7 ts=2026-03-23T17:01:01.057Z
[EMAPI] page=1 rows=100 kept=44 total=44
[EMAPI] page=2 rows=100 kept=49 total=93
[EMAPI] page=3 rows=100 kept=44 total=137
[EMAPI] page=4 rows=100 kept=43 total=180
[EMAPI] page=5 rows=100 kept=36 total=216
[EMAPI] page=6 rows=100 kept=51 total=267
[EMAPI] page=7 rows=100 kept=48 total=315
[EMAPI] page=8 rows=100 kept=45 total=360
[EMAPI] page=9 rows=100 kept=51 total=411
[EMAPI] page=10 rows=100 kept=48 total=459
[EMAPI] page=11 rows=100 kept=50 total=509
[EMAPI] page=12 rows=100 kept=51 total=560
[EMAPI] page=13 rows=100 kept=48 total=608
[EMAPI] page=14 rows=100 kept=53 total=661
[EMAPI] page=15 rows=100 kept=48 total=709
[EMAPI] page=16 rows=100 kept=49 total=758
[EMAPI] page=17 rows=100 kept=45 total=803
[EMAPI] page=18 rows=100 kept=50 total=853
[EMAPI] page=19 rows=100 kept=46 total=899
[EMAPI] page=20 rows=100 kept=41 total=940
[EMAPI] page=21 rows=100 kept=31 total=971
[EMAPI] page=22 rows=100 kept=36 total=1007
[EMAPI] page=23 rows=100 kept=47 total=1054
[EMAPI] page=24 rows=100 kept=33 total=1087
[EMAPI] page=25 rows=100 kept=40 total=1127
[SCAN] round=459 market=1127 picks=7 ts=2026-03-23T17:02:00.876Z
[EMAPI] page=1 rows=100 kept=44 total=44
[EMAPI] page=2 rows=100 kept=49 total=93
[EMAPI] page=3 rows=100 kept=44 total=137
[EMAPI] page=4 rows=100 kept=43 total=180
[EMAPI] page=5 rows=100 kept=36 total=216
[EMAPI] page=6 rows=100 kept=51 total=267
[EMAPI] page=7 rows=100 kept=48 total=315
[EMAPI] page=8 rows=100 kept=45 total=360
[EMAPI] page=9 rows=100 kept=51 total=411
[EMAPI] page=10 rows=100 kept=48 total=459
[EMAPI] page=11 rows=100 kept=50 total=509
[EMAPI] page=12 rows=100 kept=51 total=560
[EMAPI] page=13 rows=100 kept=48 total=608
[EMAPI] page=14 rows=100 kept=53 total=661
[EMAPI] page=15 rows=100 kept=48 total=709
[EMAPI] page=16 rows=100 kept=49 total=758
[EMAPI] page=17 rows=100 kept=45 total=803
[EMAPI] page=18 rows=100 kept=50 total=853
[EMAPI] page=19 rows=100 kept=46 total=899
[EMAPI] page=20 rows=100 kept=41 total=940
[EMAPI] page=21 rows=100 kept=31 total=971
[EMAPI] page=22 rows=100 kept=36 total=1007
[EMAPI] page=23 rows=100 kept=47 total=1054
[EMAPI] page=24 rows=100 kept=33 total=1087
[EMAPI] page=25 rows=100 kept=40 total=1127
[SCAN] round=460 market=1127 picks=7 ts=2026-03-23T17:03:01.289Z
[EMAPI] page=1 rows=100 kept=44 total=44
[EMAPI] page=2 rows=100 kept=49 total=93
[EMAPI] page=3 rows=100 kept=44 total=137
[EMAPI] page=4 rows=100 kept=43 total=180
[EMAPI] page=5 rows=100 kept=36 total=216
[EMAPI] page=6 rows=100 kept=51 total=267
[EMAPI] page=7 rows=100 kept=48 total=315
[EMAPI] page=8 rows=100 kept=45 total=360
[EMAPI] page=9 rows=100 kept=51 total=411
[EMAPI] page=10 rows=100 kept=48 total=459
[EMAPI] page=11 rows=100 kept=50 total=509
[EMAPI] page=12 rows=100 kept=51 total=560
[EMAPI] page=13 rows=100 kept=48 total=608
[EMAPI] page=14 rows=100 kept=53 total=661
[EMAPI] page=15 rows=100 kept=48 total=709
[EMAPI] page=16 rows=100 kept=49 total=758
[EMAPI] page=17 rows=100 kept=45 total=803
[EMAPI] page=18 rows=100 kept=50 total=853
[EMAPI] page=19 rows=100 kept=46 total=899
[EMAPI] page=20 rows=100 kept=41 total=940
[EMAPI] page=21 rows=100 kept=31 total=971
[EMAPI] page=22 rows=100 kept=36 total=1007
[EMAPI] page=23 rows=100 kept=47 total=1054
[EMAPI] page=24 rows=100 kept=33 total=1087
[EMAPI] page=25 rows=100 kept=40 total=1127
[SCAN] round=461 market=1127 picks=7 ts=2026-03-23T17:04:00.701Z
[EMAPI] page=1 rows=100 kept=44 total=44
[EMAPI] page=2 rows=100 kept=49 total=93
[EMAPI] page=3 rows=100 kept=44 total=137
[EMAPI] page=4 rows=100 kept=43 total=180
[EMAPI] page=5 rows=100 kept=36 total=216
[EMAPI] page=6 rows=100 kept=51 total=267
[EMAPI] page=7 rows=100 kept=48 total=315
[EMAPI] page=8 rows=100 kept=45 total=360
[EMAPI] page=9 rows=100 kept=51 total=411
[EMAPI] page=10 rows=100 kept=48 total=459
[EMAPI] page=11 rows=100 kept=50 total=509
[EMAPI] page=12 rows=100 kept=51 total=560
[EMAPI] page=13 rows=100 kept=48 total=608
[EMAPI] page=14 rows=100 kept=53 total=661
[EMAPI] page=15 rows=100 kept=48 total=709
[EMAPI] page=16 rows=100 kept=49 total=758
[EMAPI] page=17 rows=100 kept=45 total=803
[EMAPI] page=18 rows=100 kept=50 total=853
[EMAPI] page=19 rows=100 kept=46 total=899
[EMAPI] page=20 rows=100 kept=41 total=940
[EMAPI] page=21 rows=100 kept=31 total=971
[EMAPI] page=22 rows=100 kept=36 total=1007
[EMAPI] page=23 rows=100 kept=47 total=1054
[EMAPI] page=24 rows=100 kept=33 total=1087
[EMAPI] page=25 rows=100 kept=40 total=1127
[SCAN] round=462 market=1127 picks=7 ts=2026-03-23T17:05:00.297Z
[EMAPI] page=1 rows=100 kept=44 total=44
[EMAPI] page=2 rows=100 kept=49 total=93
[EMAPI] page=3 rows=100 kept=44 total=137
[EMAPI] page=4 rows=100 kept=43 total=180
[EMAPI] page=5 rows=100 kept=36 total=216
[EMAPI] page=6 rows=100 kept=51 total=267
[EMAPI] page=7 rows=100 kept=48 total=315
[EMAPI] page=8 rows=100 kept=45 total=360
[EMAPI] page=9 rows=100 kept=51 total=411
[EMAPI] page=10 rows=100 kept=48 total=459
[EMAPI] page=11 rows=100 kept=50 total=509
[EMAPI] page=12 rows=100 kept=51 total=560
[EMAPI] page=13 rows=100 kept=48 total=608
[EMAPI] page=14 rows=100 kept=53 total=661
[EMAPI] page=15 rows=100 kept=48 total=709
[EMAPI] page=16 rows=100 kept=49 total=758
[EMAPI] page=17 rows=100 kept=45 total=803
[EMAPI] page=18 rows=100 kept=50 total=853
[EMAPI] page=19 rows=100 kept=46 total=899
[EMAPI] page=20 rows=100 kept=41 total=940
[EMAPI] page=21 rows=100 kept=31 total=971
[EMAPI] page=22 rows=100 kept=36 total=1007
[EMAPI] page=23 rows=100 kept=47 total=1054
[EMAPI] page=24 rows=100 kept=33 total=1087
[EMAPI] page=25 rows=100 kept=40 total=1127
[SCAN] round=463 market=1127 picks=7 ts=2026-03-23T17:06:00.774Z
[EMAPI] page=1 rows=100 kept=44 total=44
[EMAPI] page=2 rows=100 kept=49 total=93
[EMAPI] page=3 rows=100 kept=44 total=137
[EMAPI] page=4 rows=100 kept=43 total=180
[EMAPI] page=5 rows=100 kept=36 total=216
[EMAPI] page=6 rows=100 kept=51 total=267
[EMAPI] page=7 rows=100 kept=48 total=315
[EMAPI] page=8 rows=100 kept=45 total=360
[EMAPI] page=9 rows=100 kept=51 total=411
[EMAPI] page=10 rows=100 kept=48 total=459
[EMAPI] page=11 rows=100 kept=50 total=509
[EMAPI] page=12 rows=100 kept=51 total=560
[EMAPI] page=13 rows=100 kept=48 total=608
[EMAPI] page=14 rows=100 kept=53 total=661
[EMAPI] page=15 rows=100 kept=48 total=709
[EMAPI] page=16 rows=100 kept=49 total=758
[EMAPI] page=17 rows=100 kept=45 total=803
[EMAPI] page=18 rows=100 kept=50 total=853
[EMAPI] page=19 rows=100 kept=46 total=899
[EMAPI] page=20 rows=100 kept=41 total=940
[EMAPI] page=21 rows=100 kept=31 total=971
[EMAPI] page=22 rows=100 kept=36 total=1007
[EMAPI] page=23 rows=100 kept=47 total=1054
[EMAPI] page=24 rows=100 kept=33 total=1087
[EMAPI] page=25 rows=100 kept=40 total=1127
[SCAN] round=464 market=1127 picks=7 ts=2026-03-23T17:07:01.554Z
[EMAPI] page=1 rows=100 kept=44 total=44
[EMAPI] page=2 rows=100 kept=49 total=93
[EMAPI] page=3 rows=100 kept=44 total=137
[EMAPI] page=4 rows=100 kept=43 total=180
[EMAPI] page=5 rows=100 kept=36 total=216
[EMAPI] page=6 rows=100 kept=51 total=267
[EMAPI] page=7 rows=100 kept=48 total=315
[EMAPI] page=8 rows=100 kept=45 total=360
[EMAPI] page=9 rows=100 kept=51 total=411
[EMAPI] page=10 rows=100 kept=48 total=459
[EMAPI] page=11 rows=100 kept=50 total=509
[EMAPI] page=12 rows=100 kept=51 total=560
[EMAPI] page=13 rows=100 kept=48 total=608
[EMAPI] page=14 rows=100 kept=53 total=661
[EMAPI] page=15 rows=100 kept=48 total=709
[EMAPI] page=16 rows=100 kept=49 total=758
[EMAPI] page=17 rows=100 kept=45 total=803
[EMAPI] page=18 rows=100 kept=50 total=853
[EMAPI] page=19 rows=100 kept=46 total=899
[EMAPI] page=20 rows=100 kept=41 total=940
[EMAPI] page=21 rows=100 kept=31 total=971
[EMAPI] page=22 rows=100 kept=36 total=1007
[EMAPI] page=23 rows=100 kept=47 total=1054
[EMAPI] page=24 rows=100 kept=33 total=1087
[EMAPI] page=25 rows=100 kept=40 total=1127
[SCAN] round=465 market=1127 picks=7 ts=2026-03-23T17:08:01.783Z
[EMAPI] page=1 rows=100 kept=44 total=44
[EMAPI] page=2 rows=100 kept=49 total=93
[EMAPI] page=3 rows=100 kept=44 total=137
[EMAPI] page=4 rows=100 kept=43 total=180
[EMAPI] page=5 rows=100 kept=36 total=216
[EMAPI] page=6 rows=100 kept=51 total=267
[EMAPI] page=7 rows=100 kept=48 total=315
[EMAPI] page=8 rows=100 kept=45 total=360
[EMAPI] page=9 rows=100 kept=51 total=411
[EMAPI] page=10 rows=100 kept=48 total=459
[EMAPI] page=11 rows=100 kept=50 total=509
[EMAPI] page=12 rows=100 kept=51 total=560
[EMAPI] page=13 rows=100 kept=48 total=608
[EMAPI] page=14 rows=100 kept=53 total=661
[EMAPI] page=15 rows=100 kept=48 total=709
[EMAPI] page=16 rows=100 kept=49 total=758
[EMAPI] page=17 rows=100 kept=45 total=803
[EMAPI] page=18 rows=100 kept=50 total=853
[EMAPI] page=19 rows=100 kept=46 total=899
[EMAPI] page=20 rows=100 kept=41 total=940
[EMAPI] page=21 rows=100 kept=31 total=971
[EMAPI] page=22 rows=100 kept=36 total=1007
[EMAPI] page=23 rows=100 kept=47 total=1054
[EMAPI] page=24 rows=100 kept=33 total=1087
[EMAPI] page=25 rows=100 kept=40 total=1127
[SCAN] round=466 market=1127 picks=7 ts=2026-03-23T17:09:01.536Z
[EMAPI] page=1 rows=100 kept=44 total=44
[EMAPI] page=2 rows=100 kept=49 total=93
[EMAPI] page=3 rows=100 kept=44 total=137
[EMAPI] page=4 rows=100 kept=43 total=180
[EMAPI] page=5 rows=100 kept=36 total=216
[EMAPI] page=6 rows=100 kept=51 total=267
[EMAPI] page=7 rows=100 kept=48 total=315
[EMAPI] page=8 rows=100 kept=45 total=360
[EMAPI] page=9 rows=100 kept=51 total=411
[EMAPI] page=10 rows=100 kept=48 total=459
[EMAPI] page=11 rows=100 kept=50 total=509
[EMAPI] page=12 rows=100 kept=51 total=560
[EMAPI] page=13 rows=100 kept=48 total=608
[EMAPI] page=14 rows=100 kept=53 total=661
[EMAPI] page=15 rows=100 kept=48 total=709
[EMAPI] page=16 rows=100 kept=49 total=758
[EMAPI] page=17 rows=100 kept=45 total=803
[EMAPI] page=18 rows=100 kept=50 total=853
[EMAPI] page=19 rows=100 kept=46 total=899
[EMAPI] page=20 rows=100 kept=41 total=940
[EMAPI] page=21 rows=100 kept=31 total=971
[EMAPI] page=22 rows=100 kept=36 total=1007
[EMAPI] page=23 rows=100 kept=47 total=1054
[EMAPI] page=24 rows=100 kept=33 total=1087
[EMAPI] page=25 rows=100 kept=40 total=1127
[SCAN] round=467 market=1127 picks=7 ts=2026-03-23T17:10:01.053Z
[EMAPI] page=1 rows=100 kept=44 total=44
[EMAPI] page=2 rows=100 kept=49 total=93
[EMAPI] page=3 rows=100 kept=44 total=137
[EMAPI] page=4 rows=100 kept=43 total=180
[EMAPI] page=5 rows=100 kept=36 total=216
[EMAPI] page=6 rows=100 kept=51 total=267
[EMAPI] page=7 rows=100 kept=48 total=315
[EMAPI] page=8 rows=100 kept=45 total=360
[EMAPI] page=9 rows=100 kept=51 total=411
[EMAPI] page=10 rows=100 kept=48 total=459
[EMAPI] page=11 rows=100 kept=50 total=509
[EMAPI] page=12 rows=100 kept=51 total=560
[EMAPI] page=13 rows=100 kept=48 total=608
[EMAPI] page=14 rows=100 kept=53 total=661
[EMAPI] page=15 rows=100 kept=48 total=709
[EMAPI] page=16 rows=100 kept=49 total=758
[EMAPI] page=17 rows=100 kept=45 total=803
[EMAPI] page=18 rows=100 kept=50 total=853
[EMAPI] page=19 rows=100 kept=46 total=899
[EMAPI] page=20 rows=100 kept=41 total=940
[EMAPI] page=21 rows=100 kept=31 total=971
[EMAPI] page=22 rows=100 kept=36 total=1007
[EMAPI] page=23 rows=100 kept=47 total=1054
[EMAPI] page=24 rows=100 kept=33 total=1087
[EMAPI] page=25 rows=100 kept=40 total=1127
[SCAN] round=468 market=1127 picks=7 ts=2026-03-23T17:11:01.419Z
[EMAPI] page=1 rows=100 kept=44 total=44
[EMAPI] page=2 rows=100 kept=49 total=93
[EMAPI] page=3 rows=100 kept=44 total=137
[EMAPI] page=4 rows=100 kept=43 total=180
[EMAPI] page=5 rows=100 kept=36 total=216
[EMAPI] page=6 rows=100 kept=51 total=267
[EMAPI] page=7 rows=100 kept=48 total=315
[EMAPI] page=8 rows=100 kept=45 total=360
[EMAPI] page=9 rows=100 kept=51 total=411
[EMAPI] page=10 rows=100 kept=48 total=459
[EMAPI] page=11 rows=100 kept=50 total=509
[EMAPI] page=12 rows=100 kept=51 total=560
[EMAPI] page=13 rows=100 kept=48 total=608
[EMAPI] page=14 rows=100 kept=53 total=661
[EMAPI] page=15 rows=100 kept=48 total=709
[EMAPI] page=16 rows=100 kept=49 total=758
[EMAPI] page=17 rows=100 kept=45 total=803
[EMAPI] page=18 rows=100 kept=50 total=853
[EMAPI] page=19 rows=100 kept=46 total=899
[EMAPI] page=20 rows=100 kept=41 total=940
[EMAPI] page=21 rows=100 kept=31 total=971
[EMAPI] page=22 rows=100 kept=36 total=1007
[EMAPI] page=23 rows=100 kept=47 total=1054
[EMAPI] page=24 rows=100 kept=33 total=1087
[EMAPI] page=25 rows=100 kept=40 total=1127
[SCAN] round=469 market=1127 picks=7 ts=2026-03-23T17:12:01.859Z
[EMAPI] page=1 rows=100 kept=44 total=44
[EMAPI] page=2 rows=100 kept=49 total=93
[EMAPI] page=3 rows=100 kept=44 total=137
[EMAPI] page=4 rows=100 kept=43 total=180
[EMAPI] page=5 rows=100 kept=36 total=216
[EMAPI] page=6 rows=100 kept=51 total=267
[EMAPI] page=7 rows=100 kept=48 total=315
[EMAPI] page=8 rows=100 kept=45 total=360
[EMAPI] page=9 rows=100 kept=51 total=411
[EMAPI] page=10 rows=100 kept=48 total=459
[EMAPI] page=11 rows=100 kept=50 total=509
[EMAPI] page=12 rows=100 kept=51 total=560
[EMAPI] page=13 rows=100 kept=48 total=608
[EMAPI] page=14 rows=100 kept=53 total=661
[EMAPI] page=15 rows=100 kept=48 total=709
[EMAPI] page=16 rows=100 kept=49 total=758
[EMAPI] page=17 rows=100 kept=45 total=803
[EMAPI] page=18 rows=100 kept=50 total=853
[EMAPI] page=19 rows=100 kept=46 total=899
[EMAPI] page=20 rows=100 kept=41 total=940
[EMAPI] page=21 rows=100 kept=31 total=971
[EMAPI] page=22 rows=100 kept=36 total=1007
[EMAPI] page=23 rows=100 kept=47 total=1054
[EMAPI] page=24 rows=100 kept=33 total=1087
[EMAPI] page=25 rows=100 kept=40 total=1127
[SCAN] round=470 market=1127 picks=7 ts=2026-03-23T17:13:01.521Z
[EMAPI] page=1 rows=100 kept=44 total=44
[EMAPI] page=2 rows=100 kept=49 total=93
[EMAPI] page=3 rows=100 kept=44 total=137
[EMAPI] page=4 rows=100 kept=43 total=180
[EMAPI] page=5 rows=100 kept=36 total=216
[EMAPI] page=6 rows=100 kept=51 total=267
[EMAPI] page=7 rows=100 kept=48 total=315
[EMAPI] page=8 rows=100 kept=45 total=360
[EMAPI] page=9 rows=100 kept=51 total=411
[EMAPI] page=10 rows=100 kept=48 total=459
[EMAPI] page=11 rows=100 kept=50 total=509
[EMAPI] page=12 rows=100 kept=51 total=560
[EMAPI] page=13 rows=100 kept=48 total=608
[EMAPI] page=14 rows=100 kept=53 total=661
[EMAPI] page=15 rows=100 kept=48 total=709
[EMAPI] page=16 rows=100 kept=49 total=758
[EMAPI] page=17 rows=100 kept=45 total=803
[EMAPI] page=18 rows=100 kept=50 total=853
[EMAPI] page=19 rows=100 kept=46 total=899
[EMAPI] page=20 rows=100 kept=41 total=940
[EMAPI] page=21 rows=100 kept=31 total=971
[EMAPI] page=22 rows=100 kept=36 total=1007
[EMAPI] page=23 rows=100 kept=47 total=1054
[EMAPI] page=24 rows=100 kept=33 total=1087
[EMAPI] page=25 rows=100 kept=40 total=1127
[SCAN] round=471 market=1127 picks=7 ts=2026-03-23T17:14:01.461Z
[EMAPI] page=1 rows=100 kept=44 total=44
[EMAPI] page=2 rows=100 kept=49 total=93
[EMAPI] page=3 rows=100 kept=44 total=137
[EMAPI] page=4 rows=100 kept=43 total=180
[EMAPI] page=5 rows=100 kept=36 total=216
[EMAPI] page=6 rows=100 kept=51 total=267
[EMAPI] page=7 rows=100 kept=48 total=315
[EMAPI] page=8 rows=100 kept=45 total=360
[EMAPI] page=9 rows=100 kept=51 total=411
[EMAPI] page=10 rows=100 kept=48 total=459
[EMAPI] page=11 rows=100 kept=50 total=509
[EMAPI] page=12 rows=100 kept=51 total=560
[EMAPI] page=13 rows=100 kept=48 total=608
[EMAPI] page=14 rows=100 kept=53 total=661
[EMAPI] page=15 rows=100 kept=48 total=709
[EMAPI] page=16 rows=100 kept=49 total=758
[EMAPI] page=17 rows=100 kept=45 total=803
[EMAPI] page=18 rows=100 kept=50 total=853
[EMAPI] page=19 rows=100 kept=46 total=899
[EMAPI] page=20 rows=100 kept=41 total=940
[EMAPI] page=21 rows=100 kept=31 total=971
[EMAPI] page=22 rows=100 kept=36 total=1007
[EMAPI] page=23 rows=100 kept=47 total=1054
[EMAPI] page=24 rows=100 kept=33 total=1087
[EMAPI] page=25 rows=100 kept=40 total=1127
[SCAN] round=472 market=1127 picks=7 ts=2026-03-23T17:15:01.138Z
[EMAPI] page=1 rows=100 kept=44 total=44
[EMAPI] page=2 rows=100 kept=49 total=93
[EMAPI] page=3 rows=100 kept=44 total=137
[EMAPI] page=4 rows=100 kept=43 total=180
[EMAPI] page=5 rows=100 kept=36 total=216
[EMAPI] page=6 rows=100 kept=51 total=267
[EMAPI] page=7 rows=100 kept=48 total=315
[EMAPI] page=8 rows=100 kept=45 total=360
[EMAPI] page=9 rows=100 kept=51 total=411
[EMAPI] page=10 rows=100 kept=48 total=459
[EMAPI] page=11 rows=100 kept=50 total=509
[EMAPI] page=12 rows=100 kept=51 total=560
[EMAPI] page=13 rows=100 kept=48 total=608
[EMAPI] page=14 rows=100 kept=53 total=661
[EMAPI] page=15 rows=100 kept=48 total=709
[EMAPI] page=16 rows=100 kept=49 total=758
[EMAPI] page=17 rows=100 kept=45 total=803
[EMAPI] page=18 rows=100 kept=50 total=853
[EMAPI] page=19 rows=100 kept=46 total=899
[EMAPI] page=20 rows=100 kept=41 total=940
[EMAPI] page=21 rows=100 kept=31 total=971
[EMAPI] page=22 rows=100 kept=36 total=1007
[EMAPI] page=23 rows=100 kept=47 total=1054
[EMAPI] page=24 rows=100 kept=33 total=1087
[EMAPI] page=25 rows=100 kept=40 total=1127
[SCAN] round=473 market=1127 picks=7 ts=2026-03-23T17:16:01.096Z
[EMAPI] page=1 rows=100 kept=44 total=44
[EMAPI] page=2 rows=100 kept=49 total=93
[EMAPI] page=3 rows=100 kept=44 total=137
[EMAPI] page=4 rows=100 kept=43 total=180
[EMAPI] page=5 rows=100 kept=36 total=216
[EMAPI] page=6 rows=100 kept=51 total=267
[EMAPI] page=7 rows=100 kept=48 total=315
[EMAPI] page=8 rows=100 kept=45 total=360
[EMAPI] page=9 rows=100 kept=51 total=411
[EMAPI] page=10 rows=100 kept=48 total=459
[EMAPI] page=11 rows=100 kept=50 total=509
[EMAPI] page=12 rows=100 kept=51 total=560
[EMAPI] page=13 rows=100 kept=48 total=608
[EMAPI] page=14 rows=100 kept=53 total=661
[EMAPI] page=15 rows=100 kept=48 total=709
[EMAPI] page=16 rows=100 kept=49 total=758
[EMAPI] page=17 rows=100 kept=45 total=803
[EMAPI] page=18 rows=100 kept=50 total=853
[EMAPI] page=19 rows=100 kept=46 total=899
[EMAPI] page=20 rows=100 kept=41 total=940
[EMAPI] page=21 rows=100 kept=31 total=971
[EMAPI] page=22 rows=100 kept=36 total=1007
[EMAPI] page=23 rows=100 kept=47 total=1054
[EMAPI] page=24 rows=100 kept=33 total=1087
[EMAPI] page=25 rows=100 kept=40 total=1127
[SCAN] round=474 market=1127 picks=7 ts=2026-03-23T17:17:00.967Z
[EMAPI] page=1 rows=100 kept=44 total=44
[EMAPI] page=2 rows=100 kept=49 total=93
[EMAPI] page=3 rows=100 kept=44 total=137
[EMAPI] page=4 rows=100 kept=43 total=180
[EMAPI] page=5 rows=100 kept=36 total=216
[EMAPI] page=6 rows=100 kept=51 total=267
[EMAPI] page=7 rows=100 kept=48 total=315
[EMAPI] page=8 rows=100 kept=45 total=360
[EMAPI] page=9 rows=100 kept=51 total=411
[EMAPI] page=10 rows=100 kept=48 total=459
[EMAPI] page=11 rows=100 kept=50 total=509
[EMAPI] page=12 rows=100 kept=51 total=560
[EMAPI] page=13 rows=100 kept=48 total=608
[EMAPI] page=14 rows=100 kept=53 total=661
[EMAPI] page=15 rows=100 kept=48 total=709
[EMAPI] page=16 rows=100 kept=49 total=758
[EMAPI] page=17 rows=100 kept=45 total=803
[EMAPI] page=18 rows=100 kept=50 total=853
[EMAPI] page=19 rows=100 kept=46 total=899
[EMAPI] page=20 rows=100 kept=41 total=940
[EMAPI] page=21 rows=100 kept=31 total=971
[EMAPI] page=22 rows=100 kept=36 total=1007
[EMAPI] page=23 rows=100 kept=47 total=1054
[EMAPI] page=24 rows=100 kept=33 total=1087
[EMAPI] page=25 rows=100 kept=40 total=1127
[SCAN] round=475 market=1127 picks=7 ts=2026-03-23T17:18:01.315Z
[EMAPI] page=1 rows=100 kept=44 total=44
[EMAPI] page=2 rows=100 kept=49 total=93
[EMAPI] page=3 rows=100 kept=44 total=137
[EMAPI] page=4 rows=100 kept=43 total=180
[EMAPI] page=5 rows=100 kept=36 total=216
[EMAPI] page=6 rows=100 kept=51 total=267
[EMAPI] page=7 rows=100 kept=48 total=315
[EMAPI] page=8 rows=100 kept=45 total=360
[EMAPI] page=9 rows=100 kept=51 total=411
[EMAPI] page=10 rows=100 kept=48 total=459
[EMAPI] page=11 rows=100 kept=50 total=509
[EMAPI] page=12 rows=100 kept=51 total=560
[EMAPI] page=13 rows=100 kept=48 total=608
[EMAPI] page=14 rows=100 kept=53 total=661
[EMAPI] page=15 rows=100 kept=48 total=709
[EMAPI] page=16 rows=100 kept=49 total=758
[EMAPI] page=17 rows=100 kept=45 total=803
[EMAPI] page=18 rows=100 kept=50 total=853
[EMAPI] page=19 rows=100 kept=46 total=899
[EMAPI] page=20 rows=100 kept=41 total=940
[EMAPI] page=21 rows=100 kept=31 total=971
[EMAPI] page=22 rows=100 kept=36 total=1007
[EMAPI] page=23 rows=100 kept=47 total=1054
[EMAPI] page=24 rows=100 kept=33 total=1087
[EMAPI] page=25 rows=100 kept=40 total=1127
[SCAN] round=476 market=1127 picks=7 ts=2026-03-23T17:19:00.658Z
[EMAPI] page=1 rows=100 kept=44 total=44
[EMAPI] page=2 rows=100 kept=49 total=93
[EMAPI] page=3 rows=100 kept=44 total=137
[EMAPI] page=4 rows=100 kept=43 total=180
[EMAPI] page=5 rows=100 kept=36 total=216
[EMAPI] page=6 rows=100 kept=51 total=267
[EMAPI] page=7 rows=100 kept=48 total=315
[EMAPI] page=8 rows=100 kept=45 total=360
[EMAPI] page=9 rows=100 kept=51 total=411
[EMAPI] page=10 rows=100 kept=48 total=459
[EMAPI] page=11 rows=100 kept=50 total=509
[EMAPI] page=12 rows=100 kept=51 total=560
[EMAPI] page=13 rows=100 kept=48 total=608
[EMAPI] page=14 rows=100 kept=53 total=661
[EMAPI] page=15 rows=100 kept=48 total=709
[EMAPI] page=16 rows=100 kept=49 total=758
[EMAPI] page=17 rows=100 kept=45 total=803
[EMAPI] page=18 rows=100 kept=50 total=853
[EMAPI] page=19 rows=100 kept=46 total=899
[EMAPI] page=20 rows=100 kept=41 total=940
[EMAPI] page=21 rows=100 kept=31 total=971
[EMAPI] page=22 rows=100 kept=36 total=1007
[EMAPI] page=23 rows=100 kept=47 total=1054
[EMAPI] page=24 rows=100 kept=33 total=1087
[EMAPI] page=25 rows=100 kept=40 total=1127
[SCAN] round=477 market=1127 picks=7 ts=2026-03-23T17:20:01.789Z
[EMAPI] page=1 rows=100 kept=44 total=44
[EMAPI] page=2 rows=100 kept=49 total=93
[EMAPI] page=3 rows=100 kept=44 total=137
[EMAPI] page=4 rows=100 kept=43 total=180
[EMAPI] page=5 rows=100 kept=36 total=216
[EMAPI] page=6 rows=100 kept=51 total=267
[EMAPI] page=7 rows=100 kept=48 total=315
[EMAPI] page=8 rows=100 kept=45 total=360
[EMAPI] page=9 rows=100 kept=51 total=411
[EMAPI] page=10 rows=100 kept=48 total=459
[EMAPI] page=11 rows=100 kept=50 total=509
[EMAPI] page=12 rows=100 kept=51 total=560
[EMAPI] page=13 rows=100 kept=48 total=608
[EMAPI] page=14 rows=100 kept=53 total=661
[EMAPI] page=15 rows=100 kept=48 total=709
[EMAPI] page=16 rows=100 kept=49 total=758
[EMAPI] page=17 rows=100 kept=45 total=803
[EMAPI] page=18 rows=100 kept=50 total=853
[EMAPI] page=19 rows=100 kept=46 total=899
[EMAPI] page=20 rows=100 kept=41 total=940
[EMAPI] page=21 rows=100 kept=31 total=971
[EMAPI] page=22 rows=100 kept=36 total=1007
[EMAPI] page=23 rows=100 kept=47 total=1054
[EMAPI] page=24 rows=100 kept=33 total=1087
[EMAPI] page=25 rows=100 kept=40 total=1127
[SCAN] round=478 market=1127 picks=7 ts=2026-03-23T17:21:01.673Z
[EMAPI] page=1 rows=100 kept=44 total=44
[EMAPI] page=2 rows=100 kept=49 total=93
[EMAPI] page=3 rows=100 kept=44 total=137
[EMAPI] page=4 rows=100 kept=43 total=180
[EMAPI] page=5 rows=100 kept=36 total=216
[EMAPI] page=6 rows=100 kept=51 total=267
[EMAPI] page=7 rows=100 kept=48 total=315
[EMAPI] page=8 rows=100 kept=45 total=360
[EMAPI] page=9 rows=100 kept=51 total=411
[EMAPI] page=10 rows=100 kept=48 total=459
[EMAPI] page=11 rows=100 kept=50 total=509
[EMAPI] page=12 rows=100 kept=51 total=560
[EMAPI] page=13 rows=100 kept=48 total=608
[EMAPI] page=14 rows=100 kept=53 total=661
[EMAPI] page=15 rows=100 kept=48 total=709
[EMAPI] page=16 rows=100 kept=49 total=758
[EMAPI] page=17 rows=100 kept=45 total=803
[EMAPI] page=18 rows=100 kept=50 total=853
[EMAPI] page=19 rows=100 kept=46 total=899
[EMAPI] page=20 rows=100 kept=41 total=940
[EMAPI] page=21 rows=100 kept=31 total=971
[EMAPI] page=22 rows=100 kept=36 total=1007
[EMAPI] page=23 rows=100 kept=47 total=1054
[EMAPI] page=24 rows=100 kept=33 total=1087
[EMAPI] page=25 rows=100 kept=40 total=1127
[SCAN] round=479 market=1127 picks=7 ts=2026-03-23T17:22:01.490Z
[EMAPI] page=1 rows=100 kept=44 total=44
[EMAPI] page=2 rows=100 kept=49 total=93
[EMAPI] page=3 rows=100 kept=44 total=137
[EMAPI] page=4 rows=100 kept=43 total=180
[EMAPI] page=5 rows=100 kept=36 total=216
[EMAPI] page=6 rows=100 kept=51 total=267
[EMAPI] page=7 rows=100 kept=48 total=315
[EMAPI] page=8 rows=100 kept=45 total=360
[EMAPI] page=9 rows=100 kept=51 total=411
[EMAPI] page=10 rows=100 kept=48 total=459
[EMAPI] page=11 rows=100 kept=50 total=509
[EMAPI] page=12 rows=100 kept=51 total=560
[EMAPI] page=13 rows=100 kept=48 total=608
[EMAPI] page=14 rows=100 kept=53 total=661
[EMAPI] page=15 rows=100 kept=48 total=709
[EMAPI] page=16 rows=100 kept=49 total=758
[EMAPI] page=17 rows=100 kept=45 total=803
[EMAPI] page=18 rows=100 kept=50 total=853
[EMAPI] page=19 rows=100 kept=46 total=899
[EMAPI] page=20 rows=100 kept=41 total=940
[EMAPI] page=21 rows=100 kept=31 total=971
[EMAPI] page=22 rows=100 kept=36 total=1007
[EMAPI] page=23 rows=100 kept=47 total=1054
[EMAPI] page=24 rows=100 kept=33 total=1087
[EMAPI] page=25 rows=100 kept=40 total=1127
[SCAN] round=480 market=1127 picks=7 ts=2026-03-23T17:23:01.009Z
[EMAPI] page=1 rows=100 kept=44 total=44
[EMAPI] page=2 rows=100 kept=49 total=93
[EMAPI] page=3 rows=100 kept=44 total=137
[EMAPI] page=4 rows=100 kept=43 total=180
[EMAPI] page=5 rows=100 kept=36 total=216
[EMAPI] page=6 rows=100 kept=51 total=267
[EMAPI] page=7 rows=100 kept=48 total=315
[EMAPI] page=8 rows=100 kept=45 total=360
[EMAPI] page=9 rows=100 kept=51 total=411
[EMAPI] page=10 rows=100 kept=48 total=459
[EMAPI] page=11 rows=100 kept=50 total=509
[EMAPI] page=12 rows=100 kept=51 total=560
[EMAPI] page=13 rows=100 kept=48 total=608
[EMAPI] page=14 rows=100 kept=53 total=661
[EMAPI] page=15 rows=100 kept=48 total=709
[EMAPI] page=16 rows=100 kept=49 total=758
[EMAPI] page=17 rows=100 kept=45 total=803
[EMAPI] page=18 rows=100 kept=50 total=853
[EMAPI] page=19 rows=100 kept=46 total=899
[EMAPI] page=20 rows=100 kept=41 total=940
[EMAPI] page=21 rows=100 kept=31 total=971
[EMAPI] page=22 rows=100 kept=36 total=1007
[EMAPI] page=23 rows=100 kept=47 total=1054
[EMAPI] page=24 rows=100 kept=33 total=1087
[EMAPI] page=25 rows=100 kept=40 total=1127
[SCAN] round=481 market=1127 picks=7 ts=2026-03-23T17:24:01.645Z
[EMAPI] page=1 rows=100 kept=44 total=44
[EMAPI] page=2 rows=100 kept=49 total=93
[EMAPI] page=3 rows=100 kept=44 total=137
[EMAPI] page=4 rows=100 kept=43 total=180
[EMAPI] page=5 rows=100 kept=36 total=216
[EMAPI] page=6 rows=100 kept=51 total=267
[EMAPI] page=7 rows=100 kept=48 total=315
[EMAPI] page=8 rows=100 kept=45 total=360
[EMAPI] page=9 rows=100 kept=51 total=411
[EMAPI] page=10 rows=100 kept=48 total=459
[EMAPI] page=11 rows=100 kept=50 total=509
[EMAPI] page=12 rows=100 kept=51 total=560
[EMAPI] page=13 rows=100 kept=48 total=608
[EMAPI] page=14 rows=100 kept=53 total=661
[EMAPI] page=15 rows=100 kept=48 total=709
[EMAPI] page=16 rows=100 kept=49 total=758
[EMAPI] page=17 rows=100 kept=45 total=803
[EMAPI] page=18 rows=100 kept=50 total=853
[EMAPI] page=19 rows=100 kept=46 total=899
[EMAPI] page=20 rows=100 kept=41 total=940
[EMAPI] page=21 rows=100 kept=31 total=971
[EMAPI] page=22 rows=100 kept=36 total=1007
[EMAPI] page=23 rows=100 kept=47 total=1054
[EMAPI] page=24 rows=100 kept=33 total=1087
[EMAPI] page=25 rows=100 kept=40 total=1127
[SCAN] round=482 market=1127 picks=7 ts=2026-03-23T17:25:00.851Z
[EMAPI] page=1 rows=100 kept=44 total=44
[EMAPI] page=2 rows=100 kept=49 total=93
[EMAPI] page=3 rows=100 kept=44 total=137
[EMAPI] page=4 rows=100 kept=43 total=180
[EMAPI] page=5 rows=100 kept=36 total=216
[EMAPI] page=6 rows=100 kept=51 total=267
[EMAPI] page=7 rows=100 kept=48 total=315
[EMAPI] page=8 rows=100 kept=45 total=360
[EMAPI] page=9 rows=100 kept=51 total=411
[EMAPI] page=10 rows=100 kept=48 total=459
[EMAPI] page=11 rows=100 kept=50 total=509
[EMAPI] page=12 rows=100 kept=51 total=560
[EMAPI] page=13 rows=100 kept=48 total=608
[EMAPI] page=14 rows=100 kept=53 total=661
[EMAPI] page=15 rows=100 kept=48 total=709
[EMAPI] page=16 rows=100 kept=49 total=758
[EMAPI] page=17 rows=100 kept=45 total=803
[EMAPI] page=18 rows=100 kept=50 total=853
[EMAPI] page=19 rows=100 kept=46 total=899
[EMAPI] page=20 rows=100 kept=41 total=940
[EMAPI] page=21 rows=100 kept=31 total=971
[EMAPI] page=22 rows=100 kept=36 total=1007
[EMAPI] page=23 rows=100 kept=47 total=1054
[EMAPI] page=24 rows=100 kept=33 total=1087
[EMAPI] page=25 rows=100 kept=40 total=1127
[SCAN] round=483 market=1127 picks=7 ts=2026-03-23T17:26:01.120Z
[EMAPI] page=1 rows=100 kept=44 total=44
[EMAPI] page=2 rows=100 kept=49 total=93
[EMAPI] page=3 rows=100 kept=44 total=137
[EMAPI] page=4 rows=100 kept=43 total=180
[EMAPI] page=5 rows=100 kept=36 total=216
[EMAPI] page=6 rows=100 kept=51 total=267
[EMAPI] page=7 rows=100 kept=48 total=315
[EMAPI] page=8 rows=100 kept=45 total=360
[EMAPI] page=9 rows=100 kept=51 total=411
[EMAPI] page=10 rows=100 kept=48 total=459
[EMAPI] page=11 rows=100 kept=50 total=509
[EMAPI] page=12 rows=100 kept=51 total=560
[EMAPI] page=13 rows=100 kept=48 total=608
[EMAPI] page=14 rows=100 kept=53 total=661
[EMAPI] page=15 rows=100 kept=48 total=709
[EMAPI] page=16 rows=100 kept=49 total=758
[EMAPI] page=17 rows=100 kept=45 total=803
[EMAPI] page=18 rows=100 kept=50 total=853
[EMAPI] page=19 rows=100 kept=46 total=899
[EMAPI] page=20 rows=100 kept=41 total=940
[EMAPI] page=21 rows=100 kept=31 total=971
[EMAPI] page=22 rows=100 kept=36 total=1007
[EMAPI] page=23 rows=100 kept=47 total=1054
[EMAPI] page=24 rows=100 kept=33 total=1087
[EMAPI] page=25 rows=100 kept=40 total=1127
[SCAN] round=484 market=1127 picks=7 ts=2026-03-23T17:27:01.214Z
[EMAPI] page=1 rows=100 kept=44 total=44
[EMAPI] page=2 rows=100 kept=49 total=93
[EMAPI] page=3 rows=100 kept=44 total=137
[EMAPI] page=4 rows=100 kept=43 total=180
[EMAPI] page=5 rows=100 kept=36 total=216
[EMAPI] page=6 rows=100 kept=51 total=267
[EMAPI] page=7 rows=100 kept=48 total=315
[EMAPI] page=8 rows=100 kept=45 total=360
[EMAPI] page=9 rows=100 kept=51 total=411
[EMAPI] page=10 rows=100 kept=48 total=459
[EMAPI] page=11 rows=100 kept=50 total=509
[EMAPI] page=12 rows=100 kept=51 total=560
[EMAPI] page=13 rows=100 kept=48 total=608
[EMAPI] page=14 rows=100 kept=53 total=661
[EMAPI] page=15 rows=100 kept=48 total=709
[EMAPI] page=16 rows=100 kept=49 total=758
[EMAPI] page=17 rows=100 kept=45 total=803
[EMAPI] page=18 rows=100 kept=50 total=853
[EMAPI] page=19 rows=100 kept=46 total=899
[EMAPI] page=20 rows=100 kept=41 total=940
[EMAPI] page=21 rows=100 kept=31 total=971
[EMAPI] page=22 rows=100 kept=36 total=1007
[EMAPI] page=23 rows=100 kept=47 total=1054
[EMAPI] page=24 rows=100 kept=33 total=1087
[EMAPI] page=25 rows=100 kept=40 total=1127
[SCAN] round=485 market=1127 picks=7 ts=2026-03-23T17:28:02.189Z
[EMAPI] page=1 rows=100 kept=44 total=44
[EMAPI] page=2 rows=100 kept=49 total=93
[EMAPI] page=3 rows=100 kept=44 total=137
[EMAPI] page=4 rows=100 kept=43 total=180
[EMAPI] page=5 rows=100 kept=36 total=216
[EMAPI] page=6 rows=100 kept=51 total=267
[EMAPI] page=7 rows=100 kept=48 total=315
[EMAPI] page=8 rows=100 kept=45 total=360
[EMAPI] page=9 rows=100 kept=51 total=411
[EMAPI] page=10 rows=100 kept=48 total=459
[EMAPI] page=11 rows=100 kept=50 total=509
[EMAPI] page=12 rows=100 kept=51 total=560
[EMAPI] page=13 rows=100 kept=48 total=608
[EMAPI] page=14 rows=100 kept=53 total=661
[EMAPI] page=15 rows=100 kept=48 total=709
[EMAPI] page=16 rows=100 kept=49 total=758
[EMAPI] page=17 rows=100 kept=45 total=803
[EMAPI] page=18 rows=100 kept=50 total=853
[EMAPI] page=19 rows=100 kept=46 total=899
[EMAPI] page=20 rows=100 kept=41 total=940
[EMAPI] page=21 rows=100 kept=31 total=971
[EMAPI] page=22 rows=100 kept=36 total=1007
[EMAPI] page=23 rows=100 kept=47 total=1054
[EMAPI] page=24 rows=100 kept=33 total=1087
[EMAPI] page=25 rows=100 kept=40 total=1127
[SCAN] round=486 market=1127 picks=7 ts=2026-03-23T17:29:01.688Z
[EMAPI] page=1 rows=100 kept=44 total=44
[EMAPI] page=2 rows=100 kept=49 total=93
[EMAPI] page=3 rows=100 kept=44 total=137
[EMAPI] page=4 rows=100 kept=43 total=180
[EMAPI] page=5 rows=100 kept=36 total=216
[EMAPI] page=6 rows=100 kept=51 total=267
[EMAPI] page=7 rows=100 kept=48 total=315
[EMAPI] page=8 rows=100 kept=45 total=360
[EMAPI] page=9 rows=100 kept=51 total=411
[EMAPI] page=10 rows=100 kept=48 total=459
[EMAPI] page=11 rows=100 kept=50 total=509
[EMAPI] page=12 rows=100 kept=51 total=560
[EMAPI] page=13 rows=100 kept=48 total=608
[EMAPI] page=14 rows=100 kept=53 total=661
[EMAPI] page=15 rows=100 kept=48 total=709
[EMAPI] page=16 rows=100 kept=49 total=758
[EMAPI] page=17 rows=100 kept=45 total=803
[EMAPI] page=18 rows=100 kept=50 total=853
[EMAPI] page=19 rows=100 kept=46 total=899
[EMAPI] page=20 rows=100 kept=41 total=940
[EMAPI] page=21 rows=100 kept=31 total=971
[EMAPI] page=22 rows=100 kept=36 total=1007
[EMAPI] page=23 rows=100 kept=47 total=1054
[EMAPI] page=24 rows=100 kept=33 total=1087
[EMAPI] page=25 rows=100 kept=40 total=1127
[SCAN] round=487 market=1127 picks=7 ts=2026-03-23T17:30:02.367Z
[EMAPI] page=1 rows=100 kept=44 total=44
[EMAPI] page=2 rows=100 kept=49 total=93
[EMAPI] page=3 rows=100 kept=44 total=137
[EMAPI] page=4 rows=100 kept=43 total=180
[EMAPI] page=5 rows=100 kept=36 total=216
[EMAPI] page=6 rows=100 kept=51 total=267
[EMAPI] page=7 rows=100 kept=48 total=315
[EMAPI] page=8 rows=100 kept=45 total=360
[EMAPI] page=9 rows=100 kept=51 total=411
[EMAPI] page=10 rows=100 kept=48 total=459
[EMAPI] page=11 rows=100 kept=50 total=509
[EMAPI] page=12 rows=100 kept=51 total=560
[EMAPI] page=13 rows=100 kept=48 total=608
[EMAPI] page=14 rows=100 kept=53 total=661
[EMAPI] page=15 rows=100 kept=48 total=709
[EMAPI] page=16 rows=100 kept=49 total=758
[EMAPI] page=17 rows=100 kept=45 total=803
[EMAPI] page=18 rows=100 kept=50 total=853
[EMAPI] page=19 rows=100 kept=46 total=899
[EMAPI] page=20 rows=100 kept=41 total=940
[EMAPI] page=21 rows=100 kept=31 total=971
[EMAPI] page=22 rows=100 kept=36 total=1007
[EMAPI] page=23 rows=100 kept=47 total=1054
[EMAPI] page=24 rows=100 kept=33 total=1087
[EMAPI] page=25 rows=100 kept=40 total=1127
[SCAN] round=488 market=1127 picks=7 ts=2026-03-23T17:31:01.761Z
[EMAPI] page=1 rows=100 kept=44 total=44
[EMAPI] page=2 rows=100 kept=49 total=93
[EMAPI] page=3 rows=100 kept=44 total=137
[EMAPI] page=4 rows=100 kept=43 total=180
[EMAPI] page=5 rows=100 kept=36 total=216
[EMAPI] page=6 rows=100 kept=51 total=267
[EMAPI] page=7 rows=100 kept=48 total=315
[EMAPI] page=8 rows=100 kept=45 total=360
[EMAPI] page=9 rows=100 kept=51 total=411
[EMAPI] page=10 rows=100 kept=48 total=459
[EMAPI] page=11 rows=100 kept=50 total=509
[EMAPI] page=12 rows=100 kept=51 total=560
[EMAPI] page=13 rows=100 kept=48 total=608
[EMAPI] page=14 rows=100 kept=53 total=661
[EMAPI] page=15 rows=100 kept=48 total=709
[EMAPI] page=16 rows=100 kept=49 total=758
[EMAPI] page=17 rows=100 kept=45 total=803
[EMAPI] page=18 rows=100 kept=50 total=853
[EMAPI] page=19 rows=100 kept=46 total=899
[EMAPI] page=20 rows=100 kept=41 total=940
[EMAPI] page=21 rows=100 kept=31 total=971
[EMAPI] page=22 rows=100 kept=36 total=1007
[EMAPI] page=23 rows=100 kept=47 total=1054
[EMAPI] page=24 rows=100 kept=33 total=1087
[EMAPI] page=25 rows=100 kept=40 total=1127
[SCAN] round=489 market=1127 picks=7 ts=2026-03-23T17:32:01.884Z
[EMAPI] page=1 rows=100 kept=44 total=44
[EMAPI] page=2 rows=100 kept=49 total=93
[EMAPI] page=3 rows=100 kept=44 total=137
[EMAPI] page=4 rows=100 kept=43 total=180
[EMAPI] page=5 rows=100 kept=36 total=216
[EMAPI] page=6 rows=100 kept=51 total=267
[EMAPI] page=7 rows=100 kept=48 total=315
[EMAPI] page=8 rows=100 kept=45 total=360
[EMAPI] page=9 rows=100 kept=51 total=411
[EMAPI] page=10 rows=100 kept=48 total=459
[EMAPI] page=11 rows=100 kept=50 total=509
[EMAPI] page=12 rows=100 kept=51 total=560
[EMAPI] page=13 rows=100 kept=48 total=608
[EMAPI] page=14 rows=100 kept=53 total=661
[EMAPI] page=15 rows=100 kept=48 total=709
[EMAPI] page=16 rows=100 kept=49 total=758
[EMAPI] page=17 rows=100 kept=45 total=803
[EMAPI] page=18 rows=100 kept=50 total=853
[EMAPI] page=19 rows=100 kept=46 total=899
[EMAPI] page=20 rows=100 kept=41 total=940
[EMAPI] page=21 rows=100 kept=31 total=971
[EMAPI] page=22 rows=100 kept=36 total=1007
[EMAPI] page=23 rows=100 kept=47 total=1054
[EMAPI] page=24 rows=100 kept=33 total=1087
[EMAPI] page=25 rows=100 kept=40 total=1127
[SCAN] round=490 market=1127 picks=7 ts=2026-03-23T17:33:00.904Z
[EMAPI] page=1 rows=100 kept=44 total=44
[EMAPI] page=2 rows=100 kept=49 total=93
[EMAPI] page=3 rows=100 kept=44 total=137
[EMAPI] page=4 rows=100 kept=43 total=180
[EMAPI] page=5 rows=100 kept=36 total=216
[EMAPI] page=6 rows=100 kept=51 total=267
[EMAPI] page=7 rows=100 kept=48 total=315
[EMAPI] page=8 rows=100 kept=45 total=360
[EMAPI] page=9 rows=100 kept=51 total=411
[EMAPI] page=10 rows=100 kept=48 total=459
[EMAPI] page=11 rows=100 kept=50 total=509
[EMAPI] page=12 rows=100 kept=51 total=560
[EMAPI] page=13 rows=100 kept=48 total=608
[EMAPI] page=14 rows=100 kept=53 total=661
[EMAPI] page=15 rows=100 kept=48 total=709
[EMAPI] page=16 rows=100 kept=49 total=758
[EMAPI] page=17 rows=100 kept=45 total=803
[EMAPI] page=18 rows=100 kept=50 total=853
[EMAPI] page=19 rows=100 kept=46 total=899
[EMAPI] page=20 rows=100 kept=41 total=940
[EMAPI] page=21 rows=100 kept=31 total=971
[EMAPI] page=22 rows=100 kept=36 total=1007
[EMAPI] page=23 rows=100 kept=47 total=1054
[EMAPI] page=24 rows=100 kept=33 total=1087
[EMAPI] page=25 rows=100 kept=40 total=1127
[SCAN] round=491 market=1127 picks=7 ts=2026-03-23T17:34:00.936Z
[EMAPI] page=1 rows=100 kept=44 total=44
[EMAPI] page=2 rows=100 kept=49 total=93
[EMAPI] page=3 rows=100 kept=44 total=137
[EMAPI] page=4 rows=100 kept=43 total=180
[EMAPI] page=5 rows=100 kept=36 total=216
[EMAPI] page=6 rows=100 kept=51 total=267
[EMAPI] page=7 rows=100 kept=48 total=315
[EMAPI] page=8 rows=100 kept=45 total=360
[EMAPI] page=9 rows=100 kept=51 total=411
[EMAPI] page=10 rows=100 kept=48 total=459
[EMAPI] page=11 rows=100 kept=50 total=509
[EMAPI] page=12 rows=100 kept=51 total=560
[EMAPI] page=13 rows=100 kept=48 total=608
[EMAPI] page=14 rows=100 kept=53 total=661
[EMAPI] page=15 rows=100 kept=48 total=709
[EMAPI] page=16 rows=100 kept=49 total=758
[EMAPI] page=17 rows=100 kept=45 total=803
[EMAPI] page=18 rows=100 kept=50 total=853
[EMAPI] page=19 rows=100 kept=46 total=899
[EMAPI] page=20 rows=100 kept=41 total=940
[EMAPI] page=21 rows=100 kept=31 total=971
[EMAPI] page=22 rows=100 kept=36 total=1007
[EMAPI] page=23 rows=100 kept=47 total=1054
[EMAPI] page=24 rows=100 kept=33 total=1087
[EMAPI] page=25 rows=100 kept=40 total=1127
[SCAN] round=492 market=1127 picks=7 ts=2026-03-23T17:35:01.344Z
[EMAPI] page=1 rows=100 kept=44 total=44
[EMAPI] page=2 rows=100 kept=49 total=93
[EMAPI] page=3 rows=100 kept=44 total=137
[EMAPI] page=4 rows=100 kept=43 total=180
[EMAPI] page=5 rows=100 kept=36 total=216
[EMAPI] page=6 rows=100 kept=51 total=267
[EMAPI] page=7 rows=100 kept=48 total=315
[EMAPI] page=8 rows=100 kept=45 total=360
[EMAPI] page=9 rows=100 kept=51 total=411
[EMAPI] page=10 rows=100 kept=48 total=459
[EMAPI] page=11 rows=100 kept=50 total=509
[EMAPI] page=12 rows=100 kept=51 total=560
[EMAPI] page=13 rows=100 kept=48 total=608
[EMAPI] page=14 rows=100 kept=53 total=661
[EMAPI] page=15 rows=100 kept=48 total=709
[EMAPI] page=16 rows=100 kept=49 total=758
[EMAPI] page=17 rows=100 kept=45 total=803
[EMAPI] page=18 rows=100 kept=50 total=853
[EMAPI] page=19 rows=100 kept=46 total=899
[EMAPI] page=20 rows=100 kept=41 total=940
[EMAPI] page=21 rows=100 kept=31 total=971
[EMAPI] page=22 rows=100 kept=36 total=1007
[EMAPI] page=23 rows=100 kept=47 total=1054
[EMAPI] page=24 rows=100 kept=33 total=1087
[EMAPI] page=25 rows=100 kept=40 total=1127
[SCAN] round=493 market=1127 picks=7 ts=2026-03-23T17:36:01.182Z
[EMAPI] page=1 rows=100 kept=44 total=44
[EMAPI] page=2 rows=100 kept=49 total=93
[EMAPI] page=3 rows=100 kept=44 total=137
[EMAPI] page=4 rows=100 kept=43 total=180
[EMAPI] page=5 rows=100 kept=36 total=216
[EMAPI] page=6 rows=100 kept=51 total=267
[EMAPI] page=7 rows=100 kept=48 total=315
[EMAPI] page=8 rows=100 kept=45 total=360
[EMAPI] page=9 rows=100 kept=51 total=411
[EMAPI] page=10 rows=100 kept=48 total=459
[EMAPI] page=11 rows=100 kept=50 total=509
[EMAPI] page=12 rows=100 kept=51 total=560
[EMAPI] page=13 rows=100 kept=48 total=608
[EMAPI] page=14 rows=100 kept=53 total=661
[EMAPI] page=15 rows=100 kept=48 total=709
[EMAPI] page=16 rows=100 kept=49 total=758
[EMAPI] page=17 rows=100 kept=45 total=803
[EMAPI] page=18 rows=100 kept=50 total=853
[EMAPI] page=19 rows=100 kept=46 total=899
[EMAPI] page=20 rows=100 kept=41 total=940
[EMAPI] page=21 rows=100 kept=31 total=971
[EMAPI] page=22 rows=100 kept=36 total=1007
[EMAPI] page=23 rows=100 kept=47 total=1054
[EMAPI] page=24 rows=100 kept=33 total=1087
[EMAPI] page=25 rows=100 kept=40 total=1127
[SCAN] round=494 market=1127 picks=7 ts=2026-03-23T17:37:00.920Z
[EMAPI] page=1 rows=100 kept=44 total=44
[EMAPI] page=2 rows=100 kept=49 total=93
[EMAPI] page=3 rows=100 kept=44 total=137
[EMAPI] page=4 rows=100 kept=43 total=180
[EMAPI] page=5 rows=100 kept=36 total=216
[EMAPI] page=6 rows=100 kept=51 total=267
[EMAPI] page=7 rows=100 kept=48 total=315
[EMAPI] page=8 rows=100 kept=45 total=360
[EMAPI] page=9 rows=100 kept=51 total=411
[EMAPI] page=10 rows=100 kept=48 total=459
[EMAPI] page=11 rows=100 kept=50 total=509
[EMAPI] page=12 rows=100 kept=51 total=560
[EMAPI] page=13 rows=100 kept=48 total=608
[EMAPI] page=14 rows=100 kept=53 total=661
[EMAPI] page=15 rows=100 kept=48 total=709
[EMAPI] page=16 rows=100 kept=49 total=758
[EMAPI] page=17 rows=100 kept=45 total=803
[EMAPI] page=18 rows=100 kept=50 total=853
[EMAPI] page=19 rows=100 kept=46 total=899
[EMAPI] page=20 rows=100 kept=41 total=940
[EMAPI] page=21 rows=100 kept=31 total=971
[EMAPI] page=22 rows=100 kept=36 total=1007
[EMAPI] page=23 rows=100 kept=47 total=1054
[EMAPI] page=24 rows=100 kept=33 total=1087
[EMAPI] page=25 rows=100 kept=40 total=1127
[SCAN] round=495 market=1127 picks=7 ts=2026-03-23T17:38:00.685Z
[EMAPI] page=1 rows=100 kept=44 total=44
[EMAPI] page=2 rows=100 kept=49 total=93
[EMAPI] page=3 rows=100 kept=44 total=137
[EMAPI] page=4 rows=100 kept=43 total=180
[EMAPI] page=5 rows=100 kept=36 total=216
[EMAPI] page=6 rows=100 kept=51 total=267
[EMAPI] page=7 rows=100 kept=48 total=315
[EMAPI] page=8 rows=100 kept=45 total=360
[EMAPI] page=9 rows=100 kept=51 total=411
[EMAPI] page=10 rows=100 kept=48 total=459
[EMAPI] page=11 rows=100 kept=50 total=509
[EMAPI] page=12 rows=100 kept=51 total=560
[EMAPI] page=13 rows=100 kept=48 total=608
[EMAPI] page=14 rows=100 kept=53 total=661
[EMAPI] page=15 rows=100 kept=48 total=709
[EMAPI] page=16 rows=100 kept=49 total=758
[EMAPI] page=17 rows=100 kept=45 total=803
[EMAPI] page=18 rows=100 kept=50 total=853
[EMAPI] page=19 rows=100 kept=46 total=899
[EMAPI] page=20 rows=100 kept=41 total=940
[EMAPI] page=21 rows=100 kept=31 total=971
[EMAPI] page=22 rows=100 kept=36 total=1007
[EMAPI] page=23 rows=100 kept=47 total=1054
[EMAPI] page=24 rows=100 kept=33 total=1087
[EMAPI] page=25 rows=100 kept=40 total=1127
[SCAN] round=496 market=1127 picks=7 ts=2026-03-23T17:39:01.854Z
[EMAPI] page=1 rows=100 kept=44 total=44
[EMAPI] page=2 rows=100 kept=49 total=93
[EMAPI] page=3 rows=100 kept=44 total=137
[EMAPI] page=4 rows=100 kept=43 total=180
[EMAPI] page=5 rows=100 kept=36 total=216
[EMAPI] page=6 rows=100 kept=51 total=267
[EMAPI] page=7 rows=100 kept=48 total=315
[EMAPI] page=8 rows=100 kept=45 total=360
[EMAPI] page=9 rows=100 kept=51 total=411
[EMAPI] page=10 rows=100 kept=48 total=459
[EMAPI] page=11 rows=100 kept=50 total=509
[EMAPI] page=12 rows=100 kept=51 total=560
[EMAPI] page=13 rows=100 kept=48 total=608
[EMAPI] page=14 rows=100 kept=53 total=661
[EMAPI] page=15 rows=100 kept=48 total=709
[EMAPI] page=16 rows=100 kept=49 total=758
[EMAPI] page=17 rows=100 kept=45 total=803
[EMAPI] page=18 rows=100 kept=50 total=853
[EMAPI] page=19 rows=100 kept=46 total=899
[EMAPI] page=20 rows=100 kept=41 total=940
[EMAPI] page=21 rows=100 kept=31 total=971
[EMAPI] page=22 rows=100 kept=36 total=1007
[EMAPI] page=23 rows=100 kept=47 total=1054
[EMAPI] page=24 rows=100 kept=33 total=1087
[EMAPI] page=25 rows=100 kept=40 total=1127
[SCAN] round=497 market=1127 picks=7 ts=2026-03-23T17:40:01.096Z
[EMAPI] page=1 rows=100 kept=44 total=44
[EMAPI] page=2 rows=100 kept=49 total=93
[EMAPI] page=3 rows=100 kept=44 total=137
[EMAPI] page=4 rows=100 kept=43 total=180
[EMAPI] page=5 rows=100 kept=36 total=216
[EMAPI] page=6 rows=100 kept=51 total=267
[EMAPI] page=7 rows=100 kept=48 total=315
[EMAPI] page=8 rows=100 kept=45 total=360
[EMAPI] page=9 rows=100 kept=51 total=411
[EMAPI] page=10 rows=100 kept=48 total=459
[EMAPI] page=11 rows=100 kept=50 total=509
[EMAPI] page=12 rows=100 kept=51 total=560
[EMAPI] page=13 rows=100 kept=48 total=608
[EMAPI] page=14 rows=100 kept=53 total=661
[EMAPI] page=15 rows=100 kept=48 total=709
[EMAPI] page=16 rows=100 kept=49 total=758
[EMAPI] page=17 rows=100 kept=45 total=803
[EMAPI] page=18 rows=100 kept=50 total=853
[EMAPI] page=19 rows=100 kept=46 total=899
[EMAPI] page=20 rows=100 kept=41 total=940
[EMAPI] page=21 rows=100 kept=31 total=971
[EMAPI] page=22 rows=100 kept=36 total=1007
[EMAPI] page=23 rows=100 kept=47 total=1054
[EMAPI] page=24 rows=100 kept=33 total=1087
[EMAPI] page=25 rows=100 kept=40 total=1127
[SCAN] round=498 market=1127 picks=7 ts=2026-03-23T17:41:01.196Z
[EMAPI] page=1 rows=100 kept=44 total=44
[EMAPI] page=2 rows=100 kept=49 total=93
[EMAPI] page=3 rows=100 kept=44 total=137
[EMAPI] page=4 rows=100 kept=43 total=180
[EMAPI] page=5 rows=100 kept=36 total=216
[EMAPI] page=6 rows=100 kept=51 total=267
[EMAPI] page=7 rows=100 kept=48 total=315
[EMAPI] page=8 rows=100 kept=45 total=360
[EMAPI] page=9 rows=100 kept=51 total=411
[EMAPI] page=10 rows=100 kept=48 total=459
[EMAPI] page=11 rows=100 kept=50 total=509
[EMAPI] page=12 rows=100 kept=51 total=560
[EMAPI] page=13 rows=100 kept=48 total=608
[EMAPI] page=14 rows=100 kept=53 total=661
[EMAPI] page=15 rows=100 kept=48 total=709
[EMAPI] page=16 rows=100 kept=49 total=758
[EMAPI] page=17 rows=100 kept=45 total=803
[EMAPI] page=18 rows=100 kept=50 total=853
[EMAPI] page=19 rows=100 kept=46 total=899
[EMAPI] page=20 rows=100 kept=41 total=940
[EMAPI] page=21 rows=100 kept=31 total=971
[EMAPI] page=22 rows=100 kept=36 total=1007
[EMAPI] page=23 rows=100 kept=47 total=1054
[EMAPI] page=24 rows=100 kept=33 total=1087
[EMAPI] page=25 rows=100 kept=40 total=1127
[SCAN] round=499 market=1127 picks=7 ts=2026-03-23T17:42:00.999Z
[EMAPI] page=1 rows=100 kept=44 total=44
[EMAPI] page=2 rows=100 kept=49 total=93
[EMAPI] page=3 rows=100 kept=44 total=137
[EMAPI] page=4 rows=100 kept=43 total=180
[EMAPI] page=5 rows=100 kept=36 total=216
[EMAPI] page=6 rows=100 kept=51 total=267
[EMAPI] page=7 rows=100 kept=48 total=315
[EMAPI] page=8 rows=100 kept=45 total=360
[EMAPI] page=9 rows=100 kept=51 total=411
[EMAPI] page=10 rows=100 kept=48 total=459
[EMAPI] page=11 rows=100 kept=50 total=509
[EMAPI] page=12 rows=100 kept=51 total=560
[EMAPI] page=13 rows=100 kept=48 total=608
[EMAPI] page=14 rows=100 kept=53 total=661
[EMAPI] page=15 rows=100 kept=48 total=709
[EMAPI] page=16 rows=100 kept=49 total=758
[EMAPI] page=17 rows=100 kept=45 total=803
[EMAPI] page=18 rows=100 kept=50 total=853
[EMAPI] page=19 rows=100 kept=46 total=899
[EMAPI] page=20 rows=100 kept=41 total=940
[EMAPI] page=21 rows=100 kept=31 total=971
[EMAPI] page=22 rows=100 kept=36 total=1007
[EMAPI] page=23 rows=100 kept=47 total=1054
[EMAPI] page=24 rows=100 kept=33 total=1087
[EMAPI] page=25 rows=100 kept=40 total=1127
[SCAN] round=500 market=1127 picks=7 ts=2026-03-23T17:43:00.471Z
[EMAPI] page=1 rows=100 kept=44 total=44
[EMAPI] page=2 rows=100 kept=49 total=93
[EMAPI] page=3 rows=100 kept=44 total=137
[EMAPI] page=4 rows=100 kept=43 total=180
[EMAPI] page=5 rows=100 kept=36 total=216
[EMAPI] page=6 rows=100 kept=51 total=267
[EMAPI] page=7 rows=100 kept=48 total=315
[EMAPI] page=8 rows=100 kept=45 total=360
[EMAPI] page=9 rows=100 kept=51 total=411
[EMAPI] page=10 rows=100 kept=48 total=459
[EMAPI] page=11 rows=100 kept=50 total=509
[EMAPI] page=12 rows=100 kept=51 total=560
[EMAPI] page=13 rows=100 kept=48 total=608
[EMAPI] page=14 rows=100 kept=53 total=661
[EMAPI] page=15 rows=100 kept=48 total=709
[EMAPI] page=16 rows=100 kept=49 total=758
[EMAPI] page=17 rows=100 kept=45 total=803
[EMAPI] page=18 rows=100 kept=50 total=853
[EMAPI] page=19 rows=100 kept=46 total=899
[EMAPI] page=20 rows=100 kept=41 total=940
[EMAPI] page=21 rows=100 kept=31 total=971
[EMAPI] page=22 rows=100 kept=36 total=1007
[EMAPI] page=23 rows=100 kept=47 total=1054
[EMAPI] page=24 rows=100 kept=33 total=1087
[EMAPI] page=25 rows=100 kept=40 total=1127
[SCAN] round=501 market=1127 picks=7 ts=2026-03-23T17:44:01.739Z
[EMAPI] page=1 rows=100 kept=44 total=44
[EMAPI] page=2 rows=100 kept=49 total=93
[EMAPI] page=3 rows=100 kept=44 total=137
[EMAPI] page=4 rows=100 kept=43 total=180
[EMAPI] page=5 rows=100 kept=36 total=216
[EMAPI] page=6 rows=100 kept=51 total=267
[EMAPI] page=7 rows=100 kept=48 total=315
[EMAPI] page=8 rows=100 kept=45 total=360
[EMAPI] page=9 rows=100 kept=51 total=411
[EMAPI] page=10 rows=100 kept=48 total=459
[EMAPI] page=11 rows=100 kept=50 total=509
[EMAPI] page=12 rows=100 kept=51 total=560
[EMAPI] page=13 rows=100 kept=48 total=608
[EMAPI] page=14 rows=100 kept=53 total=661
[EMAPI] page=15 rows=100 kept=48 total=709
[EMAPI] page=16 rows=100 kept=49 total=758
[EMAPI] page=17 rows=100 kept=45 total=803
[EMAPI] page=18 rows=100 kept=50 total=853
[EMAPI] page=19 rows=100 kept=46 total=899
[EMAPI] page=20 rows=100 kept=41 total=940
[EMAPI] page=21 rows=100 kept=31 total=971
[EMAPI] page=22 rows=100 kept=36 total=1007
[EMAPI] page=23 rows=100 kept=47 total=1054
[EMAPI] page=24 rows=100 kept=33 total=1087
[EMAPI] page=25 rows=100 kept=40 total=1127
[SCAN] round=502 market=1127 picks=7 ts=2026-03-23T17:45:01.308Z
[EMAPI] page=1 rows=100 kept=44 total=44
[EMAPI] page=2 rows=100 kept=49 total=93
[EMAPI] page=3 rows=100 kept=44 total=137
[EMAPI] page=4 rows=100 kept=43 total=180
[EMAPI] page=5 rows=100 kept=36 total=216
[EMAPI] page=6 rows=100 kept=51 total=267
[EMAPI] page=7 rows=100 kept=48 total=315
[EMAPI] page=8 rows=100 kept=45 total=360
[EMAPI] page=9 rows=100 kept=51 total=411
[EMAPI] page=10 rows=100 kept=48 total=459
[EMAPI] page=11 rows=100 kept=50 total=509
[EMAPI] page=12 rows=100 kept=51 total=560
[EMAPI] page=13 rows=100 kept=48 total=608
[EMAPI] page=14 rows=100 kept=53 total=661
[EMAPI] page=15 rows=100 kept=48 total=709
[EMAPI] page=16 rows=100 kept=49 total=758
[EMAPI] page=17 rows=100 kept=45 total=803
[EMAPI] page=18 rows=100 kept=50 total=853
[EMAPI] page=19 rows=100 kept=46 total=899
[EMAPI] page=20 rows=100 kept=41 total=940
[EMAPI] page=21 rows=100 kept=31 total=971
[EMAPI] page=22 rows=100 kept=36 total=1007
[EMAPI] page=23 rows=100 kept=47 total=1054
[EMAPI] page=24 rows=100 kept=33 total=1087
[EMAPI] page=25 rows=100 kept=40 total=1127
[SCAN] round=503 market=1127 picks=7 ts=2026-03-23T17:46:01.091Z
[EMAPI] page=1 rows=100 kept=44 total=44
[EMAPI] page=2 rows=100 kept=49 total=93
[EMAPI] page=3 rows=100 kept=44 total=137
[EMAPI] page=4 rows=100 kept=43 total=180
[EMAPI] page=5 rows=100 kept=36 total=216
[EMAPI] page=6 rows=100 kept=51 total=267
[EMAPI] page=7 rows=100 kept=48 total=315
[EMAPI] page=8 rows=100 kept=45 total=360
[EMAPI] page=9 rows=100 kept=51 total=411
[EMAPI] page=10 rows=100 kept=48 total=459
[EMAPI] page=11 rows=100 kept=50 total=509
[EMAPI] page=12 rows=100 kept=51 total=560
[EMAPI] page=13 rows=100 kept=48 total=608
[EMAPI] page=14 rows=100 kept=53 total=661
[EMAPI] page=15 rows=100 kept=48 total=709
[EMAPI] page=16 rows=100 kept=49 total=758
[EMAPI] page=17 rows=100 kept=45 total=803
[EMAPI] page=18 rows=100 kept=50 total=853
[EMAPI] page=19 rows=100 kept=46 total=899
[EMAPI] page=20 rows=100 kept=41 total=940
[EMAPI] page=21 rows=100 kept=31 total=971
[EMAPI] page=22 rows=100 kept=36 total=1007
[EMAPI] page=23 rows=100 kept=47 total=1054
[EMAPI] page=24 rows=100 kept=33 total=1087
[EMAPI] page=25 rows=100 kept=40 total=1127
[SCAN] round=504 market=1127 picks=7 ts=2026-03-23T17:47:01.506Z
[EMAPI] page=1 rows=100 kept=44 total=44
[EMAPI] page=2 rows=100 kept=49 total=93
[EMAPI] page=3 rows=100 kept=44 total=137
[EMAPI] page=4 rows=100 kept=43 total=180
[EMAPI] page=5 rows=100 kept=36 total=216
[EMAPI] page=6 rows=100 kept=51 total=267
[EMAPI] page=7 rows=100 kept=48 total=315
[EMAPI] page=8 rows=100 kept=45 total=360
[EMAPI] page=9 rows=100 kept=51 total=411
[EMAPI] page=10 rows=100 kept=48 total=459
[EMAPI] page=11 rows=100 kept=50 total=509
[EMAPI] page=12 rows=100 kept=51 total=560
[EMAPI] page=13 rows=100 kept=48 total=608
[EMAPI] page=14 rows=100 kept=53 total=661
[EMAPI] page=15 rows=100 kept=48 total=709
[EMAPI] page=16 rows=100 kept=49 total=758
[EMAPI] page=17 rows=100 kept=45 total=803
[EMAPI] page=18 rows=100 kept=50 total=853
[EMAPI] page=19 rows=100 kept=46 total=899
[EMAPI] page=20 rows=100 kept=41 total=940
[EMAPI] page=21 rows=100 kept=31 total=971
[EMAPI] page=22 rows=100 kept=36 total=1007
[EMAPI] page=23 rows=100 kept=47 total=1054
[EMAPI] page=24 rows=100 kept=33 total=1087
[EMAPI] page=25 rows=100 kept=40 total=1127
[SCAN] round=505 market=1127 picks=7 ts=2026-03-23T17:48:01.393Z
[EMAPI] page=1 rows=100 kept=44 total=44
[EMAPI] page=2 rows=100 kept=49 total=93
[EMAPI] page=3 rows=100 kept=44 total=137
[EMAPI] page=4 rows=100 kept=43 total=180
[EMAPI] page=5 rows=100 kept=36 total=216
[EMAPI] page=6 rows=100 kept=51 total=267
[EMAPI] page=7 rows=100 kept=48 total=315
[EMAPI] page=8 rows=100 kept=45 total=360
[EMAPI] page=9 rows=100 kept=51 total=411
[EMAPI] page=10 rows=100 kept=48 total=459
[EMAPI] page=11 rows=100 kept=50 total=509
[EMAPI] page=12 rows=100 kept=51 total=560
[EMAPI] page=13 rows=100 kept=48 total=608
[EMAPI] page=14 rows=100 kept=53 total=661
[EMAPI] page=15 rows=100 kept=48 total=709
[EMAPI] page=16 rows=100 kept=49 total=758
[EMAPI] page=17 rows=100 kept=45 total=803
[EMAPI] page=18 rows=100 kept=50 total=853
[EMAPI] page=19 rows=100 kept=46 total=899
[EMAPI] page=20 rows=100 kept=41 total=940
[EMAPI] page=21 rows=100 kept=31 total=971
[EMAPI] page=22 rows=100 kept=36 total=1007
[EMAPI] page=23 rows=100 kept=47 total=1054
[EMAPI] page=24 rows=100 kept=33 total=1087
[EMAPI] page=25 rows=100 kept=40 total=1127
[SCAN] round=506 market=1127 picks=7 ts=2026-03-23T17:49:00.805Z
[EMAPI] page=1 rows=100 kept=44 total=44
[EMAPI] page=2 rows=100 kept=49 total=93
[EMAPI] page=3 rows=100 kept=44 total=137
[EMAPI] page=4 rows=100 kept=43 total=180
[EMAPI] page=5 rows=100 kept=36 total=216
[EMAPI] page=6 rows=100 kept=51 total=267
[EMAPI] page=7 rows=100 kept=48 total=315
[EMAPI] page=8 rows=100 kept=45 total=360
[EMAPI] page=9 rows=100 kept=51 total=411
[EMAPI] page=10 rows=100 kept=48 total=459
[EMAPI] page=11 rows=100 kept=50 total=509
[EMAPI] page=12 rows=100 kept=51 total=560
[EMAPI] page=13 rows=100 kept=48 total=608
[EMAPI] page=14 rows=100 kept=53 total=661
[EMAPI] page=15 rows=100 kept=48 total=709
[EMAPI] page=16 rows=100 kept=49 total=758
[EMAPI] page=17 rows=100 kept=45 total=803
[EMAPI] page=18 rows=100 kept=50 total=853
[EMAPI] page=19 rows=100 kept=46 total=899
[EMAPI] page=20 rows=100 kept=41 total=940
[EMAPI] page=21 rows=100 kept=31 total=971
[EMAPI] page=22 rows=100 kept=36 total=1007
[EMAPI] page=23 rows=100 kept=47 total=1054
[EMAPI] page=24 rows=100 kept=33 total=1087
[EMAPI] page=25 rows=100 kept=40 total=1127
[SCAN] round=507 market=1127 picks=7 ts=2026-03-23T17:50:00.414Z
[EMAPI] page=1 rows=100 kept=44 total=44
[EMAPI] page=2 rows=100 kept=49 total=93
[EMAPI] page=3 rows=100 kept=44 total=137
[EMAPI] page=4 rows=100 kept=43 total=180
[EMAPI] page=5 rows=100 kept=36 total=216
[EMAPI] page=6 rows=100 kept=51 total=267
[EMAPI] page=7 rows=100 kept=48 total=315
[EMAPI] page=8 rows=100 kept=45 total=360
[EMAPI] page=9 rows=100 kept=51 total=411
[EMAPI] page=10 rows=100 kept=48 total=459
[EMAPI] page=11 rows=100 kept=50 total=509
[EMAPI] page=12 rows=100 kept=51 total=560
[EMAPI] page=13 rows=100 kept=48 total=608
[EMAPI] page=14 rows=100 kept=53 total=661
[EMAPI] page=15 rows=100 kept=48 total=709
[EMAPI] page=16 rows=100 kept=49 total=758
[EMAPI] page=17 rows=100 kept=45 total=803
[EMAPI] page=18 rows=100 kept=50 total=853
[EMAPI] page=19 rows=100 kept=46 total=899
[EMAPI] page=20 rows=100 kept=41 total=940
[EMAPI] page=21 rows=100 kept=31 total=971
[EMAPI] page=22 rows=100 kept=36 total=1007
[EMAPI] page=23 rows=100 kept=47 total=1054
[EMAPI] page=24 rows=100 kept=33 total=1087
[EMAPI] page=25 rows=100 kept=40 total=1127
[SCAN] round=508 market=1127 picks=7 ts=2026-03-23T17:51:01.864Z
[EMAPI] page=1 rows=100 kept=44 total=44
[EMAPI] page=2 rows=100 kept=49 total=93
[EMAPI] page=3 rows=100 kept=44 total=137
[EMAPI] page=4 rows=100 kept=43 total=180
[EMAPI] page=5 rows=100 kept=36 total=216
[EMAPI] page=6 rows=100 kept=51 total=267
[EMAPI] page=7 rows=100 kept=48 total=315
[EMAPI] page=8 rows=100 kept=45 total=360
[EMAPI] page=9 rows=100 kept=51 total=411
[EMAPI] page=10 rows=100 kept=48 total=459
[EMAPI] page=11 rows=100 kept=50 total=509
[EMAPI] page=12 rows=100 kept=51 total=560
[EMAPI] page=13 rows=100 kept=48 total=608
[EMAPI] page=14 rows=100 kept=53 total=661
[EMAPI] page=15 rows=100 kept=48 total=709
[EMAPI] page=16 rows=100 kept=49 total=758
[EMAPI] page=17 rows=100 kept=45 total=803
[EMAPI] page=18 rows=100 kept=50 total=853
[EMAPI] page=19 rows=100 kept=46 total=899
[EMAPI] page=20 rows=100 kept=41 total=940
[EMAPI] page=21 rows=100 kept=31 total=971
[EMAPI] page=22 rows=100 kept=36 total=1007
[EMAPI] page=23 rows=100 kept=47 total=1054
[EMAPI] page=24 rows=100 kept=33 total=1087
[EMAPI] page=25 rows=100 kept=40 total=1127
[SCAN] round=509 market=1127 picks=7 ts=2026-03-23T17:52:01.484Z
[EMAPI] page=1 rows=100 kept=44 total=44
[EMAPI] page=2 rows=100 kept=49 total=93
[EMAPI] page=3 rows=100 kept=44 total=137
[EMAPI] page=4 rows=100 kept=43 total=180
[EMAPI] page=5 rows=100 kept=36 total=216
[EMAPI] page=6 rows=100 kept=51 total=267
[EMAPI] page=7 rows=100 kept=48 total=315
[EMAPI] page=8 rows=100 kept=45 total=360
[EMAPI] page=9 rows=100 kept=51 total=411
[EMAPI] page=10 rows=100 kept=48 total=459
[EMAPI] page=11 rows=100 kept=50 total=509
[EMAPI] page=12 rows=100 kept=51 total=560
[EMAPI] page=13 rows=100 kept=48 total=608
[EMAPI] page=14 rows=100 kept=53 total=661
[EMAPI] page=15 rows=100 kept=48 total=709
[EMAPI] page=16 rows=100 kept=49 total=758
[EMAPI] page=17 rows=100 kept=45 total=803
[EMAPI] page=18 rows=100 kept=50 total=853
[EMAPI] page=19 rows=100 kept=46 total=899
[EMAPI] page=20 rows=100 kept=41 total=940
[EMAPI] page=21 rows=100 kept=31 total=971
[EMAPI] page=22 rows=100 kept=36 total=1007
[EMAPI] page=23 rows=100 kept=47 total=1054
[EMAPI] page=24 rows=100 kept=33 total=1087
[EMAPI] page=25 rows=100 kept=40 total=1127
[SCAN] round=510 market=1127 picks=7 ts=2026-03-23T17:53:01.320Z
[EMAPI] page=1 rows=100 kept=44 total=44
[EMAPI] page=2 rows=100 kept=49 total=93
[EMAPI] page=3 rows=100 kept=44 total=137
[EMAPI] page=4 rows=100 kept=43 total=180
[EMAPI] page=5 rows=100 kept=36 total=216
[EMAPI] page=6 rows=100 kept=51 total=267
[EMAPI] page=7 rows=100 kept=48 total=315
[EMAPI] page=8 rows=100 kept=45 total=360
[EMAPI] page=9 rows=100 kept=51 total=411
[EMAPI] page=10 rows=100 kept=48 total=459
[EMAPI] page=11 rows=100 kept=50 total=509
[EMAPI] page=12 rows=100 kept=51 total=560
[EMAPI] page=13 rows=100 kept=48 total=608
[EMAPI] page=14 rows=100 kept=53 total=661
[EMAPI] page=15 rows=100 kept=48 total=709
[EMAPI] page=16 rows=100 kept=49 total=758
[EMAPI] page=17 rows=100 kept=45 total=803
[EMAPI] page=18 rows=100 kept=50 total=853
[EMAPI] page=19 rows=100 kept=46 total=899
[EMAPI] page=20 rows=100 kept=41 total=940
[EMAPI] page=21 rows=100 kept=31 total=971
[EMAPI] page=22 rows=100 kept=36 total=1007
[EMAPI] page=23 rows=100 kept=47 total=1054
[EMAPI] page=24 rows=100 kept=33 total=1087
[EMAPI] page=25 rows=100 kept=40 total=1127
[SCAN] round=511 market=1127 picks=7 ts=2026-03-23T17:54:01.658Z
[EMAPI] page=1 rows=100 kept=44 total=44
[EMAPI] page=2 rows=100 kept=49 total=93
[EMAPI] page=3 rows=100 kept=44 total=137
[EMAPI] page=4 rows=100 kept=43 total=180
[EMAPI] page=5 rows=100 kept=36 total=216
[EMAPI] page=6 rows=100 kept=51 total=267
[EMAPI] page=7 rows=100 kept=48 total=315
[EMAPI] page=8 rows=100 kept=45 total=360
[EMAPI] page=9 rows=100 kept=51 total=411
[EMAPI] page=10 rows=100 kept=48 total=459
[EMAPI] page=11 rows=100 kept=50 total=509
[EMAPI] page=12 rows=100 kept=51 total=560
[EMAPI] page=13 rows=100 kept=48 total=608
[EMAPI] page=14 rows=100 kept=53 total=661
[EMAPI] page=15 rows=100 kept=48 total=709
[EMAPI] page=16 rows=100 kept=49 total=758
[EMAPI] page=17 rows=100 kept=45 total=803
[EMAPI] page=18 rows=100 kept=50 total=853
[EMAPI] page=19 rows=100 kept=46 total=899
[EMAPI] page=20 rows=100 kept=41 total=940
[EMAPI] page=21 rows=100 kept=31 total=971
[EMAPI] page=22 rows=100 kept=36 total=1007
[EMAPI] page=23 rows=100 kept=47 total=1054
[EMAPI] page=24 rows=100 kept=33 total=1087
[EMAPI] page=25 rows=100 kept=40 total=1127
[SCAN] round=512 market=1127 picks=7 ts=2026-03-23T17:55:02.019Z
[EMAPI] page=1 rows=100 kept=44 total=44
[EMAPI] page=2 rows=100 kept=49 total=93
[EMAPI] page=3 rows=100 kept=44 total=137
[EMAPI] page=4 rows=100 kept=43 total=180
[EMAPI] page=5 rows=100 kept=36 total=216
[EMAPI] page=6 rows=100 kept=51 total=267
[EMAPI] page=7 rows=100 kept=48 total=315
[EMAPI] page=8 rows=100 kept=45 total=360
[EMAPI] page=9 rows=100 kept=51 total=411
[EMAPI] page=10 rows=100 kept=48 total=459
[EMAPI] page=11 rows=100 kept=50 total=509
[EMAPI] page=12 rows=100 kept=51 total=560
[EMAPI] page=13 rows=100 kept=48 total=608
[EMAPI] page=14 rows=100 kept=53 total=661
[EMAPI] page=15 rows=100 kept=48 total=709
[EMAPI] page=16 rows=100 kept=49 total=758
[EMAPI] page=17 rows=100 kept=45 total=803
[EMAPI] page=18 rows=100 kept=50 total=853
[EMAPI] page=19 rows=100 kept=46 total=899
[EMAPI] page=20 rows=100 kept=41 total=940
[EMAPI] page=21 rows=100 kept=31 total=971
[EMAPI] page=22 rows=100 kept=36 total=1007
[EMAPI] page=23 rows=100 kept=47 total=1054
[EMAPI] page=24 rows=100 kept=33 total=1087
[EMAPI] page=25 rows=100 kept=40 total=1127
[SCAN] round=513 market=1127 picks=7 ts=2026-03-23T17:56:01.739Z
[EMAPI] page=1 rows=100 kept=44 total=44
[EMAPI] page=2 rows=100 kept=49 total=93
[EMAPI] page=3 rows=100 kept=44 total=137
[EMAPI] page=4 rows=100 kept=43 total=180
[EMAPI] page=5 rows=100 kept=36 total=216
[EMAPI] page=6 rows=100 kept=51 total=267
[EMAPI] page=7 rows=100 kept=48 total=315
[EMAPI] page=8 rows=100 kept=45 total=360
[EMAPI] page=9 rows=100 kept=51 total=411
[EMAPI] page=10 rows=100 kept=48 total=459
[EMAPI] page=11 rows=100 kept=50 total=509
[EMAPI] page=12 rows=100 kept=51 total=560
[EMAPI] page=13 rows=100 kept=48 total=608
[EMAPI] page=14 rows=100 kept=53 total=661
[EMAPI] page=15 rows=100 kept=48 total=709
[EMAPI] page=16 rows=100 kept=49 total=758
[EMAPI] page=17 rows=100 kept=45 total=803
[EMAPI] page=18 rows=100 kept=50 total=853
[EMAPI] page=19 rows=100 kept=46 total=899
[EMAPI] page=20 rows=100 kept=41 total=940
[EMAPI] page=21 rows=100 kept=31 total=971
[EMAPI] page=22 rows=100 kept=36 total=1007
[EMAPI] page=23 rows=100 kept=47 total=1054
[EMAPI] page=24 rows=100 kept=33 total=1087
[EMAPI] page=25 rows=100 kept=40 total=1127
[SCAN] round=514 market=1127 picks=7 ts=2026-03-23T17:57:02.172Z
[EMAPI] page=1 rows=100 kept=44 total=44
[EMAPI] page=2 rows=100 kept=49 total=93
[EMAPI] page=3 rows=100 kept=44 total=137
[EMAPI] page=4 rows=100 kept=43 total=180
[EMAPI] page=5 rows=100 kept=36 total=216
[EMAPI] page=6 rows=100 kept=51 total=267
[EMAPI] page=7 rows=100 kept=48 total=315
[EMAPI] page=8 rows=100 kept=45 total=360
[EMAPI] page=9 rows=100 kept=51 total=411
[EMAPI] page=10 rows=100 kept=48 total=459
[EMAPI] page=11 rows=100 kept=50 total=509
[EMAPI] page=12 rows=100 kept=51 total=560
[EMAPI] page=13 rows=100 kept=48 total=608
[EMAPI] page=14 rows=100 kept=53 total=661
[EMAPI] page=15 rows=100 kept=48 total=709
[EMAPI] page=16 rows=100 kept=49 total=758
[EMAPI] page=17 rows=100 kept=45 total=803
[EMAPI] page=18 rows=100 kept=50 total=853
[EMAPI] page=19 rows=100 kept=46 total=899
[EMAPI] page=20 rows=100 kept=41 total=940
[EMAPI] page=21 rows=100 kept=31 total=971
[EMAPI] page=22 rows=100 kept=36 total=1007
[EMAPI] page=23 rows=100 kept=47 total=1054
[EMAPI] page=24 rows=100 kept=33 total=1087
[EMAPI] page=25 rows=100 kept=40 total=1127
[SCAN] round=515 market=1127 picks=7 ts=2026-03-23T17:58:02.002Z
[EMAPI] page=1 rows=100 kept=44 total=44
[EMAPI] page=2 rows=100 kept=49 total=93
[EMAPI] page=3 rows=100 kept=44 total=137
[EMAPI] page=4 rows=100 kept=43 total=180
[EMAPI] page=5 rows=100 kept=36 total=216
[EMAPI] page=6 rows=100 kept=51 total=267
[EMAPI] page=7 rows=100 kept=48 total=315
[EMAPI] page=8 rows=100 kept=45 total=360
[EMAPI] page=9 rows=100 kept=51 total=411
[EMAPI] page=10 rows=100 kept=48 total=459
[EMAPI] page=11 rows=100 kept=50 total=509
[EMAPI] page=12 rows=100 kept=51 total=560
[EMAPI] page=13 rows=100 kept=48 total=608
[EMAPI] page=14 rows=100 kept=53 total=661
[EMAPI] page=15 rows=100 kept=48 total=709
[EMAPI] page=16 rows=100 kept=49 total=758
[EMAPI] page=17 rows=100 kept=45 total=803
[EMAPI] page=18 rows=100 kept=50 total=853
[EMAPI] page=19 rows=100 kept=46 total=899
[EMAPI] page=20 rows=100 kept=41 total=940
[EMAPI] page=21 rows=100 kept=31 total=971
[EMAPI] page=22 rows=100 kept=36 total=1007
[EMAPI] page=23 rows=100 kept=47 total=1054
[EMAPI] page=24 rows=100 kept=33 total=1087
[EMAPI] page=25 rows=100 kept=40 total=1127
[SCAN] round=516 market=1127 picks=7 ts=2026-03-23T18:14:02.763Z
[EMAPI] page=1 rows=100 kept=44 total=44
[EMAPI] page=2 rows=100 kept=49 total=93
[EMAPI] page=3 rows=100 kept=44 total=137
[EMAPI] page=4 rows=100 kept=43 total=180
[EMAPI] page=5 rows=100 kept=36 total=216
[EMAPI] page=6 rows=100 kept=51 total=267
[EMAPI] page=7 rows=100 kept=48 total=315
[EMAPI] page=8 rows=100 kept=45 total=360
[EMAPI] page=9 rows=100 kept=51 total=411
[EMAPI] page=10 rows=100 kept=48 total=459
[EMAPI] page=11 rows=100 kept=50 total=509
[EMAPI] page=12 rows=100 kept=51 total=560
[EMAPI] page=13 rows=100 kept=48 total=608
[EMAPI] page=14 rows=100 kept=53 total=661
[EMAPI] page=15 rows=100 kept=48 total=709
[EMAPI] page=16 rows=100 kept=49 total=758
[EMAPI] page=17 rows=100 kept=45 total=803
[EMAPI] page=18 rows=100 kept=50 total=853
[EMAPI] page=19 rows=100 kept=46 total=899
[EMAPI] page=20 rows=100 kept=41 total=940
[EMAPI] page=21 rows=100 kept=31 total=971
[EMAPI] page=22 rows=100 kept=36 total=1007
[EMAPI] page=23 rows=100 kept=47 total=1054
[EMAPI] page=24 rows=100 kept=33 total=1087
[EMAPI] page=25 rows=100 kept=40 total=1127
[SCAN] round=517 market=1127 picks=7 ts=2026-03-23T18:30:29.155Z
[EMAPI] page=1 rows=100 kept=44 total=44
[EMAPI] page=2 rows=100 kept=49 total=93
[EMAPI] page=3 rows=100 kept=44 total=137
[EMAPI] page=4 rows=100 kept=43 total=180
[EMAPI] page=5 rows=100 kept=36 total=216
[EMAPI] page=6 rows=100 kept=51 total=267
[EMAPI] page=7 rows=100 kept=48 total=315
[EMAPI] page=8 rows=100 kept=45 total=360
[EMAPI] page=9 rows=100 kept=51 total=411
[EMAPI] page=10 rows=100 kept=48 total=459
[EMAPI] page=11 rows=100 kept=50 total=509
[EMAPI] page=12 rows=100 kept=51 total=560
[EMAPI] page=13 rows=100 kept=48 total=608
[EMAPI] page=14 rows=100 kept=53 total=661
[EMAPI] page=15 rows=100 kept=48 total=709
[EMAPI] page=16 rows=100 kept=49 total=758
[EMAPI] page=17 rows=100 kept=45 total=803
[EMAPI] page=18 rows=100 kept=50 total=853
[EMAPI] page=19 rows=100 kept=46 total=899
[EMAPI] page=20 rows=100 kept=41 total=940
[EMAPI] page=21 rows=100 kept=31 total=971
[EMAPI] page=22 rows=100 kept=36 total=1007
[EMAPI] page=23 rows=100 kept=47 total=1054
[EMAPI] page=24 rows=100 kept=33 total=1087
[EMAPI] page=25 rows=100 kept=40 total=1127
[SCAN] round=518 market=1127 picks=7 ts=2026-03-23T18:31:28.085Z
[EMAPI] page=1 rows=100 kept=44 total=44
[EMAPI] page=2 rows=100 kept=49 total=93
[EMAPI] page=3 rows=100 kept=44 total=137
[EMAPI] page=4 rows=100 kept=43 total=180
[EMAPI] page=5 rows=100 kept=36 total=216
[EMAPI] page=6 rows=100 kept=51 total=267
[EMAPI] page=7 rows=100 kept=48 total=315
[EMAPI] page=8 rows=100 kept=45 total=360
[EMAPI] page=9 rows=100 kept=51 total=411
[EMAPI] page=10 rows=100 kept=48 total=459
[EMAPI] page=11 rows=100 kept=50 total=509
[EMAPI] page=12 rows=100 kept=51 total=560
[EMAPI] page=13 rows=100 kept=48 total=608
[EMAPI] page=14 rows=100 kept=53 total=661
[EMAPI] page=15 rows=100 kept=48 total=709
[EMAPI] page=16 rows=100 kept=49 total=758
[EMAPI] page=17 rows=100 kept=45 total=803
[EMAPI] page=18 rows=100 kept=50 total=853
[EMAPI] page=19 rows=100 kept=46 total=899
[EMAPI] page=20 rows=100 kept=41 total=940
[EMAPI] page=21 rows=100 kept=31 total=971
[EMAPI] page=22 rows=100 kept=36 total=1007
[EMAPI] page=23 rows=100 kept=47 total=1054
[EMAPI] page=24 rows=100 kept=33 total=1087
[EMAPI] page=25 rows=100 kept=40 total=1127
[SCAN] round=519 market=1127 picks=7 ts=2026-03-23T18:32:28.504Z
[EMAPI] page=1 rows=100 kept=44 total=44
[EMAPI] page=2 rows=100 kept=49 total=93
[EMAPI] page=3 rows=100 kept=44 total=137
[EMAPI] page=4 rows=100 kept=43 total=180
[EMAPI] page=5 rows=100 kept=36 total=216
[EMAPI] page=6 rows=100 kept=51 total=267
[EMAPI] page=7 rows=100 kept=48 total=315
[EMAPI] page=8 rows=100 kept=45 total=360
[EMAPI] page=9 rows=100 kept=51 total=411
[EMAPI] page=10 rows=100 kept=48 total=459
[EMAPI] page=11 rows=100 kept=50 total=509
[EMAPI] page=12 rows=100 kept=51 total=560
[EMAPI] page=13 rows=100 kept=48 total=608
[EMAPI] page=14 rows=100 kept=53 total=661
[EMAPI] page=15 rows=100 kept=48 total=709
[EMAPI] page=16 rows=100 kept=49 total=758
[EMAPI] page=17 rows=100 kept=45 total=803
[EMAPI] page=18 rows=100 kept=50 total=853
[EMAPI] page=19 rows=100 kept=46 total=899
[EMAPI] page=20 rows=100 kept=41 total=940
[EMAPI] page=21 rows=100 kept=31 total=971
[EMAPI] page=22 rows=100 kept=36 total=1007
[EMAPI] page=23 rows=100 kept=47 total=1054
[EMAPI] page=24 rows=100 kept=33 total=1087
[EMAPI] page=25 rows=100 kept=40 total=1127
[SCAN] round=520 market=1127 picks=7 ts=2026-03-23T18:33:27.555Z
[EMAPI] page=1 rows=100 kept=44 total=44
[EMAPI] page=2 rows=100 kept=49 total=93
[EMAPI] page=3 rows=100 kept=44 total=137
[EMAPI] page=4 rows=100 kept=43 total=180
[EMAPI] page=5 rows=100 kept=36 total=216
[EMAPI] page=6 rows=100 kept=51 total=267
[EMAPI] page=7 rows=100 kept=48 total=315
[EMAPI] page=8 rows=100 kept=45 total=360
[EMAPI] page=9 rows=100 kept=51 total=411
[EMAPI] page=10 rows=100 kept=48 total=459
[EMAPI] page=11 rows=100 kept=50 total=509
[EMAPI] page=12 rows=100 kept=51 total=560
[EMAPI] page=13 rows=100 kept=48 total=608
[EMAPI] page=14 rows=100 kept=53 total=661
[EMAPI] page=15 rows=100 kept=48 total=709
[EMAPI] page=16 rows=100 kept=49 total=758
[EMAPI] page=17 rows=100 kept=45 total=803
[EMAPI] page=18 rows=100 kept=50 total=853
[EMAPI] page=19 rows=100 kept=46 total=899
[EMAPI] page=20 rows=100 kept=41 total=940
[EMAPI] page=21 rows=100 kept=31 total=971
[EMAPI] page=22 rows=100 kept=36 total=1007
[EMAPI] page=23 rows=100 kept=47 total=1054
[EMAPI] page=24 rows=100 kept=33 total=1087
[EMAPI] page=25 rows=100 kept=40 total=1127
[SCAN] round=521 market=1127 picks=7 ts=2026-03-23T18:34:28.250Z
[EMAPI] page=1 rows=100 kept=44 total=44
[EMAPI] page=2 rows=100 kept=49 total=93
[EMAPI] page=3 rows=100 kept=44 total=137
[EMAPI] page=4 rows=100 kept=43 total=180
[EMAPI] page=5 rows=100 kept=36 total=216
[EMAPI] page=6 rows=100 kept=51 total=267
[EMAPI] page=7 rows=100 kept=48 total=315
[EMAPI] page=8 rows=100 kept=45 total=360
[EMAPI] page=9 rows=100 kept=51 total=411
[EMAPI] page=10 rows=100 kept=48 total=459
[EMAPI] page=11 rows=100 kept=50 total=509
[EMAPI] page=12 rows=100 kept=51 total=560
[EMAPI] page=13 rows=100 kept=48 total=608
[EMAPI] page=14 rows=100 kept=53 total=661
[EMAPI] page=15 rows=100 kept=48 total=709
[EMAPI] page=16 rows=100 kept=49 total=758
[EMAPI] page=17 rows=100 kept=45 total=803
[EMAPI] page=18 rows=100 kept=50 total=853
[EMAPI] page=19 rows=100 kept=46 total=899
[EMAPI] page=20 rows=100 kept=41 total=940
[EMAPI] page=21 rows=100 kept=31 total=971
[EMAPI] page=22 rows=100 kept=36 total=1007
[EMAPI] page=23 rows=100 kept=47 total=1054
[EMAPI] page=24 rows=100 kept=33 total=1087
[EMAPI] page=25 rows=100 kept=40 total=1127
[SCAN] round=522 market=1127 picks=7 ts=2026-03-23T18:35:29.325Z
[EMAPI] page=1 rows=100 kept=44 total=44
[EMAPI] page=2 rows=100 kept=49 total=93
[EMAPI] page=3 rows=100 kept=44 total=137
[EMAPI] page=4 rows=100 kept=43 total=180
[EMAPI] page=5 rows=100 kept=36 total=216
[EMAPI] page=6 rows=100 kept=51 total=267
[EMAPI] page=7 rows=100 kept=48 total=315
[EMAPI] page=8 rows=100 kept=45 total=360
[EMAPI] page=9 rows=100 kept=51 total=411
[EMAPI] page=10 rows=100 kept=48 total=459
[EMAPI] page=11 rows=100 kept=50 total=509
[EMAPI] page=12 rows=100 kept=51 total=560
[EMAPI] page=13 rows=100 kept=48 total=608
[EMAPI] page=14 rows=100 kept=53 total=661
[EMAPI] page=15 rows=100 kept=48 total=709
[EMAPI] page=16 rows=100 kept=49 total=758
[EMAPI] page=17 rows=100 kept=45 total=803
[EMAPI] page=18 rows=100 kept=50 total=853
[EMAPI] page=19 rows=100 kept=46 total=899
[EMAPI] page=20 rows=100 kept=41 total=940
[EMAPI] page=21 rows=100 kept=31 total=971
[EMAPI] page=22 rows=100 kept=36 total=1007
[EMAPI] page=23 rows=100 kept=47 total=1054
[EMAPI] page=24 rows=100 kept=33 total=1087
[EMAPI] page=25 rows=100 kept=40 total=1127
[SCAN] round=523 market=1127 picks=7 ts=2026-03-23T18:36:27.985Z
[EMAPI] page=1 rows=100 kept=44 total=44
[EMAPI] page=2 rows=100 kept=49 total=93
[EMAPI] page=3 rows=100 kept=44 total=137
[EMAPI] page=4 rows=100 kept=43 total=180
[EMAPI] page=5 rows=100 kept=36 total=216
[EMAPI] page=6 rows=100 kept=51 total=267
[EMAPI] page=7 rows=100 kept=48 total=315
[EMAPI] page=8 rows=100 kept=45 total=360
[EMAPI] page=9 rows=100 kept=51 total=411
[EMAPI] page=10 rows=100 kept=48 total=459
[EMAPI] page=11 rows=100 kept=50 total=509
[EMAPI] page=12 rows=100 kept=51 total=560
[EMAPI] page=13 rows=100 kept=48 total=608
[EMAPI] page=14 rows=100 kept=53 total=661
[EMAPI] page=15 rows=100 kept=48 total=709
[EMAPI] page=16 rows=100 kept=49 total=758
[EMAPI] page=17 rows=100 kept=45 total=803
[EMAPI] page=18 rows=100 kept=50 total=853
[EMAPI] page=19 rows=100 kept=46 total=899
[EMAPI] page=20 rows=100 kept=41 total=940
[EMAPI] page=21 rows=100 kept=31 total=971
[EMAPI] page=22 rows=100 kept=36 total=1007
[EMAPI] page=23 rows=100 kept=47 total=1054
[EMAPI] page=24 rows=100 kept=33 total=1087
[EMAPI] page=25 rows=100 kept=40 total=1127
[SCAN] round=524 market=1127 picks=7 ts=2026-03-23T18:37:27.473Z
[EMAPI] page=1 rows=100 kept=44 total=44
[EMAPI] page=2 rows=100 kept=49 total=93
[EMAPI] page=3 rows=100 kept=44 total=137
[EMAPI] page=4 rows=100 kept=43 total=180
[EMAPI] page=5 rows=100 kept=36 total=216
[EMAPI] page=6 rows=100 kept=51 total=267
[EMAPI] page=7 rows=100 kept=48 total=315
[EMAPI] page=8 rows=100 kept=45 total=360
[EMAPI] page=9 rows=100 kept=51 total=411
[EMAPI] page=10 rows=100 kept=48 total=459
[EMAPI] page=11 rows=100 kept=50 total=509
[EMAPI] page=12 rows=100 kept=51 total=560
[EMAPI] page=13 rows=100 kept=48 total=608
[EMAPI] page=14 rows=100 kept=53 total=661
[EMAPI] page=15 rows=100 kept=48 total=709
[EMAPI] page=16 rows=100 kept=49 total=758
[EMAPI] page=17 rows=100 kept=45 total=803
[EMAPI] page=18 rows=100 kept=50 total=853
[EMAPI] page=19 rows=100 kept=46 total=899
[EMAPI] page=20 rows=100 kept=41 total=940
[EMAPI] page=21 rows=100 kept=31 total=971
[EMAPI] page=22 rows=100 kept=36 total=1007
[EMAPI] page=23 rows=100 kept=47 total=1054
[EMAPI] page=24 rows=100 kept=33 total=1087
[EMAPI] page=25 rows=100 kept=40 total=1127
[SCAN] round=525 market=1127 picks=7 ts=2026-03-23T18:38:29.206Z
[EMAPI] page=1 rows=100 kept=44 total=44
[EMAPI] page=2 rows=100 kept=49 total=93
[EMAPI] page=3 rows=100 kept=44 total=137
[EMAPI] page=4 rows=100 kept=43 total=180
[EMAPI] page=5 rows=100 kept=36 total=216
[EMAPI] page=6 rows=100 kept=51 total=267
[EMAPI] page=7 rows=100 kept=48 total=315
[EMAPI] page=8 rows=100 kept=45 total=360
[EMAPI] page=9 rows=100 kept=51 total=411
[EMAPI] page=10 rows=100 kept=48 total=459
[EMAPI] page=11 rows=100 kept=50 total=509
[EMAPI] page=12 rows=100 kept=51 total=560
[EMAPI] page=13 rows=100 kept=48 total=608
[EMAPI] page=14 rows=100 kept=53 total=661
[EMAPI] page=15 rows=100 kept=48 total=709
[EMAPI] page=16 rows=100 kept=49 total=758
[EMAPI] page=17 rows=100 kept=45 total=803
[EMAPI] page=18 rows=100 kept=50 total=853
[EMAPI] page=19 rows=100 kept=46 total=899
[EMAPI] page=20 rows=100 kept=41 total=940
[EMAPI] page=21 rows=100 kept=31 total=971
[EMAPI] page=22 rows=100 kept=36 total=1007
[EMAPI] page=23 rows=100 kept=47 total=1054
[EMAPI] page=24 rows=100 kept=33 total=1087
[EMAPI] page=25 rows=100 kept=40 total=1127
[SCAN] round=526 market=1127 picks=7 ts=2026-03-23T18:39:29.192Z
[EMAPI] page=1 rows=100 kept=44 total=44
[EMAPI] page=2 rows=100 kept=49 total=93
[EMAPI] page=3 rows=100 kept=44 total=137
[EMAPI] page=4 rows=100 kept=43 total=180
[EMAPI] page=5 rows=100 kept=36 total=216
[EMAPI] page=6 rows=100 kept=51 total=267
[EMAPI] page=7 rows=100 kept=48 total=315
[EMAPI] page=8 rows=100 kept=45 total=360
[EMAPI] page=9 rows=100 kept=51 total=411
[EMAPI] page=10 rows=100 kept=48 total=459
[EMAPI] page=11 rows=100 kept=50 total=509
[EMAPI] page=12 rows=100 kept=51 total=560
[EMAPI] page=13 rows=100 kept=48 total=608
[EMAPI] page=14 rows=100 kept=53 total=661
[EMAPI] page=15 rows=100 kept=48 total=709
[EMAPI] page=16 rows=100 kept=49 total=758
[EMAPI] page=17 rows=100 kept=45 total=803
[EMAPI] page=18 rows=100 kept=50 total=853
[EMAPI] page=19 rows=100 kept=46 total=899
[EMAPI] page=20 rows=100 kept=41 total=940
[EMAPI] page=21 rows=100 kept=31 total=971
[EMAPI] page=22 rows=100 kept=36 total=1007
[EMAPI] page=23 rows=100 kept=47 total=1054
[EMAPI] page=24 rows=100 kept=33 total=1087
[EMAPI] page=25 rows=100 kept=40 total=1127
[SCAN] round=527 market=1127 picks=7 ts=2026-03-23T18:40:28.749Z
[EMAPI] page=1 rows=100 kept=44 total=44
[EMAPI] page=2 rows=100 kept=49 total=93
[EMAPI] page=3 rows=100 kept=44 total=137
[EMAPI] page=4 rows=100 kept=43 total=180
[EMAPI] page=5 rows=100 kept=36 total=216
[EMAPI] page=6 rows=100 kept=51 total=267
[EMAPI] page=7 rows=100 kept=48 total=315
[EMAPI] page=8 rows=100 kept=45 total=360
[EMAPI] page=9 rows=100 kept=51 total=411
[EMAPI] page=10 rows=100 kept=48 total=459
[EMAPI] page=11 rows=100 kept=50 total=509
[EMAPI] page=12 rows=100 kept=51 total=560
[EMAPI] page=13 rows=100 kept=48 total=608
[EMAPI] page=14 rows=100 kept=53 total=661
[EMAPI] page=15 rows=100 kept=48 total=709
[EMAPI] page=16 rows=100 kept=49 total=758
[EMAPI] page=17 rows=100 kept=45 total=803
[EMAPI] page=18 rows=100 kept=50 total=853
[EMAPI] page=19 rows=100 kept=46 total=899
[EMAPI] page=20 rows=100 kept=41 total=940
[EMAPI] page=21 rows=100 kept=31 total=971
[EMAPI] page=22 rows=100 kept=36 total=1007
[EMAPI] page=23 rows=100 kept=47 total=1054
[EMAPI] page=24 rows=100 kept=33 total=1087
[EMAPI] page=25 rows=100 kept=40 total=1127
[SCAN] round=528 market=1127 picks=7 ts=2026-03-23T18:41:28.001Z
[EMAPI] page=1 rows=100 kept=44 total=44
[EMAPI] page=2 rows=100 kept=49 total=93
[EMAPI] page=3 rows=100 kept=44 total=137
[EMAPI] page=4 rows=100 kept=43 total=180
[EMAPI] page=5 rows=100 kept=36 total=216
[EMAPI] page=6 rows=100 kept=51 total=267
[EMAPI] page=7 rows=100 kept=48 total=315
[EMAPI] page=8 rows=100 kept=45 total=360
[EMAPI] page=9 rows=100 kept=51 total=411
[EMAPI] page=10 rows=100 kept=48 total=459
[EMAPI] page=11 rows=100 kept=50 total=509
[EMAPI] page=12 rows=100 kept=51 total=560
[EMAPI] page=13 rows=100 kept=48 total=608
[EMAPI] page=14 rows=100 kept=53 total=661
[EMAPI] page=15 rows=100 kept=48 total=709
[EMAPI] page=16 rows=100 kept=49 total=758
[EMAPI] page=17 rows=100 kept=45 total=803
[EMAPI] page=18 rows=100 kept=50 total=853
[EMAPI] page=19 rows=100 kept=46 total=899
[EMAPI] page=20 rows=100 kept=41 total=940
[EMAPI] page=21 rows=100 kept=31 total=971
[EMAPI] page=22 rows=100 kept=36 total=1007
[EMAPI] page=23 rows=100 kept=47 total=1054
[EMAPI] page=24 rows=100 kept=33 total=1087
[EMAPI] page=25 rows=100 kept=40 total=1127
[SCAN] round=529 market=1127 picks=7 ts=2026-03-23T18:42:27.956Z
[EMAPI] page=1 rows=100 kept=44 total=44
[EMAPI] page=2 rows=100 kept=49 total=93
[EMAPI] page=3 rows=100 kept=44 total=137
[EMAPI] page=4 rows=100 kept=43 total=180
[EMAPI] page=5 rows=100 kept=36 total=216
[EMAPI] page=6 rows=100 kept=51 total=267
[EMAPI] page=7 rows=100 kept=48 total=315
[EMAPI] page=8 rows=100 kept=45 total=360
[EMAPI] page=9 rows=100 kept=51 total=411
[EMAPI] page=10 rows=100 kept=48 total=459
[EMAPI] page=11 rows=100 kept=50 total=509
[EMAPI] page=12 rows=100 kept=51 total=560
[EMAPI] page=13 rows=100 kept=48 total=608
[EMAPI] page=14 rows=100 kept=53 total=661
[EMAPI] page=15 rows=100 kept=48 total=709
[EMAPI] page=16 rows=100 kept=49 total=758
[EMAPI] page=17 rows=100 kept=45 total=803
[EMAPI] page=18 rows=100 kept=50 total=853
[EMAPI] page=19 rows=100 kept=46 total=899
[EMAPI] page=20 rows=100 kept=41 total=940
[EMAPI] page=21 rows=100 kept=31 total=971
[EMAPI] page=22 rows=100 kept=36 total=1007
[EMAPI] page=23 rows=100 kept=47 total=1054
[EMAPI] page=24 rows=100 kept=33 total=1087
[EMAPI] page=25 rows=100 kept=40 total=1127
[SCAN] round=530 market=1127 picks=7 ts=2026-03-23T18:43:27.680Z
[EMAPI] page=1 rows=100 kept=44 total=44
[EMAPI] page=2 rows=100 kept=49 total=93
[EMAPI] page=3 rows=100 kept=44 total=137
[EMAPI] page=4 rows=100 kept=43 total=180
[EMAPI] page=5 rows=100 kept=36 total=216
[EMAPI] page=6 rows=100 kept=51 total=267
[EMAPI] page=7 rows=100 kept=48 total=315
[EMAPI] page=8 rows=100 kept=45 total=360
[EMAPI] page=9 rows=100 kept=51 total=411
[EMAPI] page=10 rows=100 kept=48 total=459
[EMAPI] page=11 rows=100 kept=50 total=509
[EMAPI] page=12 rows=100 kept=51 total=560
[EMAPI] page=13 rows=100 kept=48 total=608
[EMAPI] page=14 rows=100 kept=53 total=661
[EMAPI] page=15 rows=100 kept=48 total=709
[EMAPI] page=16 rows=100 kept=49 total=758
[EMAPI] page=17 rows=100 kept=45 total=803
[EMAPI] page=18 rows=100 kept=50 total=853
[EMAPI] page=19 rows=100 kept=46 total=899
[EMAPI] page=20 rows=100 kept=41 total=940
[EMAPI] page=21 rows=100 kept=31 total=971
[EMAPI] page=22 rows=100 kept=36 total=1007
[EMAPI] page=23 rows=100 kept=47 total=1054
[EMAPI] page=24 rows=100 kept=33 total=1087
[EMAPI] page=25 rows=100 kept=40 total=1127
[SCAN] round=531 market=1127 picks=7 ts=2026-03-23T18:44:27.643Z
[EMAPI] page=1 rows=100 kept=44 total=44
[EMAPI] page=2 rows=100 kept=49 total=93
[EMAPI] page=3 rows=100 kept=44 total=137
[EMAPI] page=4 rows=100 kept=43 total=180
[EMAPI] page=5 rows=100 kept=36 total=216
[EMAPI] page=6 rows=100 kept=51 total=267
[EMAPI] page=7 rows=100 kept=48 total=315
[EMAPI] page=8 rows=100 kept=45 total=360
[EMAPI] page=9 rows=100 kept=51 total=411
[EMAPI] page=10 rows=100 kept=48 total=459
[EMAPI] page=11 rows=100 kept=50 total=509
[EMAPI] page=12 rows=100 kept=51 total=560
[EMAPI] page=13 rows=100 kept=48 total=608
[EMAPI] page=14 rows=100 kept=53 total=661
[EMAPI] page=15 rows=100 kept=48 total=709
[EMAPI] page=16 rows=100 kept=49 total=758
[EMAPI] page=17 rows=100 kept=45 total=803
[EMAPI] page=18 rows=100 kept=50 total=853
[EMAPI] page=19 rows=100 kept=46 total=899
[EMAPI] page=20 rows=100 kept=41 total=940
[EMAPI] page=21 rows=100 kept=31 total=971
[EMAPI] page=22 rows=100 kept=36 total=1007
[EMAPI] page=23 rows=100 kept=47 total=1054
[EMAPI] page=24 rows=100 kept=33 total=1087
[EMAPI] page=25 rows=100 kept=40 total=1127
[SCAN] round=532 market=1127 picks=7 ts=2026-03-23T18:45:27.611Z
[EMAPI] page=1 rows=100 kept=44 total=44
[EMAPI] page=2 rows=100 kept=49 total=93
[EMAPI] page=3 rows=100 kept=44 total=137
[EMAPI] page=4 rows=100 kept=43 total=180
[EMAPI] page=5 rows=100 kept=36 total=216
[EMAPI] page=6 rows=100 kept=51 total=267
[EMAPI] page=7 rows=100 kept=48 total=315
[EMAPI] page=8 rows=100 kept=45 total=360
[EMAPI] page=9 rows=100 kept=51 total=411
[EMAPI] page=10 rows=100 kept=48 total=459
[EMAPI] page=11 rows=100 kept=50 total=509
[EMAPI] page=12 rows=100 kept=51 total=560
[EMAPI] page=13 rows=100 kept=48 total=608
[EMAPI] page=14 rows=100 kept=53 total=661
[EMAPI] page=15 rows=100 kept=48 total=709
[EMAPI] page=16 rows=100 kept=49 total=758
[EMAPI] page=17 rows=100 kept=45 total=803
[EMAPI] page=18 rows=100 kept=50 total=853
[EMAPI] page=19 rows=100 kept=46 total=899
[EMAPI] page=20 rows=100 kept=41 total=940
[EMAPI] page=21 rows=100 kept=31 total=971
[EMAPI] page=22 rows=100 kept=36 total=1007
[EMAPI] page=23 rows=100 kept=47 total=1054
[EMAPI] page=24 rows=100 kept=33 total=1087
[EMAPI] page=25 rows=100 kept=40 total=1127
[SCAN] round=533 market=1127 picks=7 ts=2026-03-23T18:46:27.714Z
[EMAPI] page=1 rows=100 kept=44 total=44
[EMAPI] page=2 rows=100 kept=49 total=93
[EMAPI] page=3 rows=100 kept=44 total=137
[EMAPI] page=4 rows=100 kept=43 total=180
[EMAPI] page=5 rows=100 kept=36 total=216
[EMAPI] page=6 rows=100 kept=51 total=267
[EMAPI] page=7 rows=100 kept=48 total=315
[EMAPI] page=8 rows=100 kept=45 total=360
[EMAPI] page=9 rows=100 kept=51 total=411
[EMAPI] page=10 rows=100 kept=48 total=459
[EMAPI] page=11 rows=100 kept=50 total=509
[EMAPI] page=12 rows=100 kept=51 total=560
[EMAPI] page=13 rows=100 kept=48 total=608
[EMAPI] page=14 rows=100 kept=53 total=661
[EMAPI] page=15 rows=100 kept=48 total=709
[EMAPI] page=16 rows=100 kept=49 total=758
[EMAPI] page=17 rows=100 kept=45 total=803
[EMAPI] page=18 rows=100 kept=50 total=853
[EMAPI] page=19 rows=100 kept=46 total=899
[EMAPI] page=20 rows=100 kept=41 total=940
[EMAPI] page=21 rows=100 kept=31 total=971
[EMAPI] page=22 rows=100 kept=36 total=1007
[EMAPI] page=23 rows=100 kept=47 total=1054
[EMAPI] page=24 rows=100 kept=33 total=1087
[EMAPI] page=25 rows=100 kept=40 total=1127
[SCAN] round=534 market=1127 picks=7 ts=2026-03-23T18:47:27.470Z
[EMAPI] page=1 rows=100 kept=44 total=44
[EMAPI] page=2 rows=100 kept=49 total=93
[EMAPI] page=3 rows=100 kept=44 total=137
[EMAPI] page=4 rows=100 kept=43 total=180
[EMAPI] page=5 rows=100 kept=36 total=216
[EMAPI] page=6 rows=100 kept=51 total=267
[EMAPI] page=7 rows=100 kept=48 total=315
[EMAPI] page=8 rows=100 kept=45 total=360
[EMAPI] page=9 rows=100 kept=51 total=411
[EMAPI] page=10 rows=100 kept=48 total=459
[EMAPI] page=11 rows=100 kept=50 total=509
[EMAPI] page=12 rows=100 kept=51 total=560
[EMAPI] page=13 rows=100 kept=48 total=608
[EMAPI] page=14 rows=100 kept=53 total=661
[EMAPI] page=15 rows=100 kept=48 total=709
[EMAPI] page=16 rows=100 kept=49 total=758
[EMAPI] page=17 rows=100 kept=45 total=803
[EMAPI] page=18 rows=100 kept=50 total=853
[EMAPI] page=19 rows=100 kept=46 total=899
[EMAPI] page=20 rows=100 kept=41 total=940
[EMAPI] page=21 rows=100 kept=31 total=971
[EMAPI] page=22 rows=100 kept=36 total=1007
[EMAPI] page=23 rows=100 kept=47 total=1054
[EMAPI] page=24 rows=100 kept=33 total=1087
[EMAPI] page=25 rows=100 kept=40 total=1127
[SCAN] round=535 market=1127 picks=7 ts=2026-03-23T18:48:29.048Z
[EMAPI] page=1 rows=100 kept=44 total=44
[EMAPI] page=2 rows=100 kept=49 total=93
[EMAPI] page=3 rows=100 kept=44 total=137
[EMAPI] page=4 rows=100 kept=43 total=180
[EMAPI] page=5 rows=100 kept=36 total=216
[EMAPI] page=6 rows=100 kept=51 total=267
[EMAPI] page=7 rows=100 kept=48 total=315
[EMAPI] page=8 rows=100 kept=45 total=360
[EMAPI] page=9 rows=100 kept=51 total=411
[EMAPI] page=10 rows=100 kept=48 total=459
[EMAPI] page=11 rows=100 kept=50 total=509
[EMAPI] page=12 rows=100 kept=51 total=560
[EMAPI] page=13 rows=100 kept=48 total=608
[EMAPI] page=14 rows=100 kept=53 total=661
[EMAPI] page=15 rows=100 kept=48 total=709
[EMAPI] page=16 rows=100 kept=49 total=758
[EMAPI] page=17 rows=100 kept=45 total=803
[EMAPI] page=18 rows=100 kept=50 total=853
[EMAPI] page=19 rows=100 kept=46 total=899
[EMAPI] page=20 rows=100 kept=41 total=940
[EMAPI] page=21 rows=100 kept=31 total=971
[EMAPI] page=22 rows=100 kept=36 total=1007
[EMAPI] page=23 rows=100 kept=47 total=1054
[EMAPI] page=24 rows=100 kept=33 total=1087
[EMAPI] page=25 rows=100 kept=40 total=1127
[SCAN] round=536 market=1127 picks=7 ts=2026-03-23T18:49:28.951Z
[EMAPI] page=1 rows=100 kept=44 total=44
[EMAPI] page=2 rows=100 kept=49 total=93
[EMAPI] page=3 rows=100 kept=44 total=137
[EMAPI] page=4 rows=100 kept=43 total=180
[EMAPI] page=5 rows=100 kept=36 total=216
[EMAPI] page=6 rows=100 kept=51 total=267
[EMAPI] page=7 rows=100 kept=48 total=315
[EMAPI] page=8 rows=100 kept=45 total=360
[EMAPI] page=9 rows=100 kept=51 total=411
[EMAPI] page=10 rows=100 kept=48 total=459
[EMAPI] page=11 rows=100 kept=50 total=509
[EMAPI] page=12 rows=100 kept=51 total=560
[EMAPI] page=13 rows=100 kept=48 total=608
[EMAPI] page=14 rows=100 kept=53 total=661
[EMAPI] page=15 rows=100 kept=48 total=709
[EMAPI] page=16 rows=100 kept=49 total=758
[EMAPI] page=17 rows=100 kept=45 total=803
[EMAPI] page=18 rows=100 kept=50 total=853
[EMAPI] page=19 rows=100 kept=46 total=899
[EMAPI] page=20 rows=100 kept=41 total=940
[EMAPI] page=21 rows=100 kept=31 total=971
[EMAPI] page=22 rows=100 kept=36 total=1007
[EMAPI] page=23 rows=100 kept=47 total=1054
[EMAPI] page=24 rows=100 kept=33 total=1087
[EMAPI] page=25 rows=100 kept=40 total=1127
[SCAN] round=537 market=1127 picks=7 ts=2026-03-23T18:50:28.101Z
[EMAPI] page=1 rows=100 kept=44 total=44
[EMAPI] page=2 rows=100 kept=49 total=93
[EMAPI] page=3 rows=100 kept=44 total=137
[EMAPI] page=4 rows=100 kept=43 total=180
[EMAPI] page=5 rows=100 kept=36 total=216
[EMAPI] page=6 rows=100 kept=51 total=267
[EMAPI] page=7 rows=100 kept=48 total=315
[EMAPI] page=8 rows=100 kept=45 total=360
[EMAPI] page=9 rows=100 kept=51 total=411
[EMAPI] page=10 rows=100 kept=48 total=459
[EMAPI] page=11 rows=100 kept=50 total=509
[EMAPI] page=12 rows=100 kept=51 total=560
[EMAPI] page=13 rows=100 kept=48 total=608
[EMAPI] page=14 rows=100 kept=53 total=661
[EMAPI] page=15 rows=100 kept=48 total=709
[EMAPI] page=16 rows=100 kept=49 total=758
[EMAPI] page=17 rows=100 kept=45 total=803
[EMAPI] page=18 rows=100 kept=50 total=853
[EMAPI] page=19 rows=100 kept=46 total=899
[EMAPI] page=20 rows=100 kept=41 total=940
[EMAPI] page=21 rows=100 kept=31 total=971
[EMAPI] page=22 rows=100 kept=36 total=1007
[EMAPI] page=23 rows=100 kept=47 total=1054
[EMAPI] page=24 rows=100 kept=33 total=1087
[EMAPI] page=25 rows=100 kept=40 total=1127
[SCAN] round=538 market=1127 picks=7 ts=2026-03-23T18:51:28.991Z
[EMAPI] page=1 rows=100 kept=44 total=44
[EMAPI] page=2 rows=100 kept=49 total=93
[EMAPI] page=3 rows=100 kept=44 total=137
[EMAPI] page=4 rows=100 kept=43 total=180
[EMAPI] page=5 rows=100 kept=36 total=216
[EMAPI] page=6 rows=100 kept=51 total=267
[EMAPI] page=7 rows=100 kept=48 total=315
[EMAPI] page=8 rows=100 kept=45 total=360
[EMAPI] page=9 rows=100 kept=51 total=411
[EMAPI] page=10 rows=100 kept=48 total=459
[EMAPI] page=11 rows=100 kept=50 total=509
[EMAPI] page=12 rows=100 kept=51 total=560
[EMAPI] page=13 rows=100 kept=48 total=608
[EMAPI] page=14 rows=100 kept=53 total=661
[EMAPI] page=15 rows=100 kept=48 total=709
[EMAPI] page=16 rows=100 kept=49 total=758
[EMAPI] page=17 rows=100 kept=45 total=803
[EMAPI] page=18 rows=100 kept=50 total=853
[EMAPI] page=19 rows=100 kept=46 total=899
[EMAPI] page=20 rows=100 kept=41 total=940
[EMAPI] page=21 rows=100 kept=31 total=971
[EMAPI] page=22 rows=100 kept=36 total=1007
[EMAPI] page=23 rows=100 kept=47 total=1054
[EMAPI] page=24 rows=100 kept=33 total=1087
[EMAPI] page=25 rows=100 kept=40 total=1127
[SCAN] round=539 market=1127 picks=7 ts=2026-03-23T18:52:28.575Z
[EMAPI] page=1 rows=100 kept=44 total=44
[EMAPI] page=2 rows=100 kept=49 total=93
[EMAPI] page=3 rows=100 kept=44 total=137
[EMAPI] page=4 rows=100 kept=43 total=180
[EMAPI] page=5 rows=100 kept=36 total=216
[EMAPI] page=6 rows=100 kept=51 total=267
[EMAPI] page=7 rows=100 kept=48 total=315
[EMAPI] page=8 rows=100 kept=45 total=360
[EMAPI] page=9 rows=100 kept=51 total=411
[EMAPI] page=10 rows=100 kept=48 total=459
[EMAPI] page=11 rows=100 kept=50 total=509
[EMAPI] page=12 rows=100 kept=51 total=560
[EMAPI] page=13 rows=100 kept=48 total=608
[EMAPI] page=14 rows=100 kept=53 total=661
[EMAPI] page=15 rows=100 kept=48 total=709
[EMAPI] page=16 rows=100 kept=49 total=758
[EMAPI] page=17 rows=100 kept=45 total=803
[EMAPI] page=18 rows=100 kept=50 total=853
[EMAPI] page=19 rows=100 kept=46 total=899
[EMAPI] page=20 rows=100 kept=41 total=940
[EMAPI] page=21 rows=100 kept=31 total=971
[EMAPI] page=22 rows=100 kept=36 total=1007
[EMAPI] page=23 rows=100 kept=47 total=1054
[EMAPI] page=24 rows=100 kept=33 total=1087
[EMAPI] page=25 rows=100 kept=40 total=1127
[SCAN] round=540 market=1127 picks=7 ts=2026-03-23T18:53:28.239Z
[EMAPI] page=1 rows=100 kept=44 total=44
[EMAPI] page=2 rows=100 kept=49 total=93
[EMAPI] page=3 rows=100 kept=44 total=137
[EMAPI] page=4 rows=100 kept=43 total=180
[EMAPI] page=5 rows=100 kept=36 total=216
[EMAPI] page=6 rows=100 kept=51 total=267
[EMAPI] page=7 rows=100 kept=48 total=315
[EMAPI] page=8 rows=100 kept=45 total=360
[EMAPI] page=9 rows=100 kept=51 total=411
[EMAPI] page=10 rows=100 kept=48 total=459
[EMAPI] page=11 rows=100 kept=50 total=509
[EMAPI] page=12 rows=100 kept=51 total=560
[EMAPI] page=13 rows=100 kept=48 total=608
[EMAPI] page=14 rows=100 kept=53 total=661
[EMAPI] page=15 rows=100 kept=48 total=709
[EMAPI] page=16 rows=100 kept=49 total=758
[EMAPI] page=17 rows=100 kept=45 total=803
[EMAPI] page=18 rows=100 kept=50 total=853
[EMAPI] page=19 rows=100 kept=46 total=899
[EMAPI] page=20 rows=100 kept=41 total=940
[EMAPI] page=21 rows=100 kept=31 total=971
[EMAPI] page=22 rows=100 kept=36 total=1007
[EMAPI] page=23 rows=100 kept=47 total=1054
[EMAPI] page=24 rows=100 kept=33 total=1087
[EMAPI] page=25 rows=100 kept=40 total=1127
[SCAN] round=541 market=1127 picks=7 ts=2026-03-23T18:54:28.308Z
[EMAPI] page=1 rows=100 kept=44 total=44
[EMAPI] page=2 rows=100 kept=49 total=93
[EMAPI] page=3 rows=100 kept=44 total=137
[EMAPI] page=4 rows=100 kept=43 total=180
[EMAPI] page=5 rows=100 kept=36 total=216
[EMAPI] page=6 rows=100 kept=51 total=267
[EMAPI] page=7 rows=100 kept=48 total=315
[EMAPI] page=8 rows=100 kept=45 total=360
[EMAPI] page=9 rows=100 kept=51 total=411
[EMAPI] page=10 rows=100 kept=48 total=459
[EMAPI] page=11 rows=100 kept=50 total=509
[EMAPI] page=12 rows=100 kept=51 total=560
[EMAPI] page=13 rows=100 kept=48 total=608
[EMAPI] page=14 rows=100 kept=53 total=661
[EMAPI] page=15 rows=100 kept=48 total=709
[EMAPI] page=16 rows=100 kept=49 total=758
[EMAPI] page=17 rows=100 kept=45 total=803
[EMAPI] page=18 rows=100 kept=50 total=853
[EMAPI] page=19 rows=100 kept=46 total=899
[EMAPI] page=20 rows=100 kept=41 total=940
[EMAPI] page=21 rows=100 kept=31 total=971
[EMAPI] page=22 rows=100 kept=36 total=1007
[EMAPI] page=23 rows=100 kept=47 total=1054
[EMAPI] page=24 rows=100 kept=33 total=1087
[EMAPI] page=25 rows=100 kept=40 total=1127
[SCAN] round=542 market=1127 picks=7 ts=2026-03-23T18:55:28.774Z
[EMAPI] page=1 rows=100 kept=44 total=44
[EMAPI] page=2 rows=100 kept=49 total=93
[EMAPI] page=3 rows=100 kept=44 total=137
[EMAPI] page=4 rows=100 kept=43 total=180
[EMAPI] page=5 rows=100 kept=36 total=216
[EMAPI] page=6 rows=100 kept=51 total=267
[EMAPI] page=7 rows=100 kept=48 total=315
[EMAPI] page=8 rows=100 kept=45 total=360
[EMAPI] page=9 rows=100 kept=51 total=411
[EMAPI] page=10 rows=100 kept=48 total=459
[EMAPI] page=11 rows=100 kept=50 total=509
[EMAPI] page=12 rows=100 kept=51 total=560
[EMAPI] page=13 rows=100 kept=48 total=608
[EMAPI] page=14 rows=100 kept=53 total=661
[EMAPI] page=15 rows=100 kept=48 total=709
[EMAPI] page=16 rows=100 kept=49 total=758
[EMAPI] page=17 rows=100 kept=45 total=803
[EMAPI] page=18 rows=100 kept=50 total=853
[EMAPI] page=19 rows=100 kept=46 total=899
[EMAPI] page=20 rows=100 kept=41 total=940
[EMAPI] page=21 rows=100 kept=31 total=971
[EMAPI] page=22 rows=100 kept=36 total=1007
[EMAPI] page=23 rows=100 kept=47 total=1054
[EMAPI] page=24 rows=100 kept=33 total=1087
[EMAPI] page=25 rows=100 kept=40 total=1127
[SCAN] round=543 market=1127 picks=7 ts=2026-03-23T18:56:29.001Z
[EMAPI] page=1 rows=100 kept=44 total=44
[EMAPI] page=2 rows=100 kept=49 total=93
[EMAPI] page=3 rows=100 kept=44 total=137
[EMAPI] page=4 rows=100 kept=43 total=180
[EMAPI] page=5 rows=100 kept=36 total=216
[EMAPI] page=6 rows=100 kept=51 total=267
[EMAPI] page=7 rows=100 kept=48 total=315
[EMAPI] page=8 rows=100 kept=45 total=360
[EMAPI] page=9 rows=100 kept=51 total=411
[EMAPI] page=10 rows=100 kept=48 total=459
[EMAPI] page=11 rows=100 kept=50 total=509
[EMAPI] page=12 rows=100 kept=51 total=560
[EMAPI] page=13 rows=100 kept=48 total=608
[EMAPI] page=14 rows=100 kept=53 total=661
[EMAPI] page=15 rows=100 kept=48 total=709
[EMAPI] page=16 rows=100 kept=49 total=758
[EMAPI] page=17 rows=100 kept=45 total=803
[EMAPI] page=18 rows=100 kept=50 total=853
[EMAPI] page=19 rows=100 kept=46 total=899
[EMAPI] page=20 rows=100 kept=41 total=940
[EMAPI] page=21 rows=100 kept=31 total=971
[EMAPI] page=22 rows=100 kept=36 total=1007
[EMAPI] page=23 rows=100 kept=47 total=1054
[EMAPI] page=24 rows=100 kept=33 total=1087
[EMAPI] page=25 rows=100 kept=40 total=1127
[SCAN] round=544 market=1127 picks=7 ts=2026-03-23T18:57:28.242Z
[EMAPI] page=1 rows=100 kept=44 total=44
[EMAPI] page=2 rows=100 kept=49 total=93
[EMAPI] page=3 rows=100 kept=44 total=137
[EMAPI] page=4 rows=100 kept=43 total=180
[EMAPI] page=5 rows=100 kept=36 total=216
[EMAPI] page=6 rows=100 kept=51 total=267
[EMAPI] page=7 rows=100 kept=48 total=315
[EMAPI] page=8 rows=100 kept=45 total=360
[EMAPI] page=9 rows=100 kept=51 total=411
[EMAPI] page=10 rows=100 kept=48 total=459
[EMAPI] page=11 rows=100 kept=50 total=509
[EMAPI] page=12 rows=100 kept=51 total=560
[EMAPI] page=13 rows=100 kept=48 total=608
[EMAPI] page=14 rows=100 kept=53 total=661
[EMAPI] page=15 rows=100 kept=48 total=709
[EMAPI] page=16 rows=100 kept=49 total=758
[EMAPI] page=17 rows=100 kept=45 total=803
[EMAPI] page=18 rows=100 kept=50 total=853
[EMAPI] page=19 rows=100 kept=46 total=899
[EMAPI] page=20 rows=100 kept=41 total=940
[EMAPI] page=21 rows=100 kept=31 total=971
[EMAPI] page=22 rows=100 kept=36 total=1007
[EMAPI] page=23 rows=100 kept=47 total=1054
[EMAPI] page=24 rows=100 kept=33 total=1087
[EMAPI] page=25 rows=100 kept=40 total=1127
[SCAN] round=545 market=1127 picks=7 ts=2026-03-23T18:58:28.420Z
[EMAPI] page=1 rows=100 kept=44 total=44
[EMAPI] page=2 rows=100 kept=49 total=93
[EMAPI] page=3 rows=100 kept=44 total=137
[EMAPI] page=4 rows=100 kept=43 total=180
[EMAPI] page=5 rows=100 kept=36 total=216
[EMAPI] page=6 rows=100 kept=51 total=267
[EMAPI] page=7 rows=100 kept=48 total=315
[EMAPI] page=8 rows=100 kept=45 total=360
[EMAPI] page=9 rows=100 kept=51 total=411
[EMAPI] page=10 rows=100 kept=48 total=459
[EMAPI] page=11 rows=100 kept=50 total=509
[EMAPI] page=12 rows=100 kept=51 total=560
[EMAPI] page=13 rows=100 kept=48 total=608
[EMAPI] page=14 rows=100 kept=53 total=661
[EMAPI] page=15 rows=100 kept=48 total=709
[EMAPI] page=16 rows=100 kept=49 total=758
[EMAPI] page=17 rows=100 kept=45 total=803
[EMAPI] page=18 rows=100 kept=50 total=853
[EMAPI] page=19 rows=100 kept=46 total=899
[EMAPI] page=20 rows=100 kept=41 total=940
[EMAPI] page=21 rows=100 kept=31 total=971
[EMAPI] page=22 rows=100 kept=36 total=1007
[EMAPI] page=23 rows=100 kept=47 total=1054
[EMAPI] page=24 rows=100 kept=33 total=1087
[EMAPI] page=25 rows=100 kept=40 total=1127
[SCAN] round=546 market=1127 picks=7 ts=2026-03-23T18:59:28.964Z
[EMAPI] page=1 rows=100 kept=44 total=44
[EMAPI] page=2 rows=100 kept=49 total=93
[EMAPI] page=3 rows=100 kept=44 total=137
[EMAPI] page=4 rows=100 kept=43 total=180
[EMAPI] page=5 rows=100 kept=36 total=216
[EMAPI] page=6 rows=100 kept=51 total=267
[EMAPI] page=7 rows=100 kept=48 total=315
[EMAPI] page=8 rows=100 kept=45 total=360
[EMAPI] page=9 rows=100 kept=51 total=411
[EMAPI] page=10 rows=100 kept=48 total=459
[EMAPI] page=11 rows=100 kept=50 total=509
[EMAPI] page=12 rows=100 kept=51 total=560
[EMAPI] page=13 rows=100 kept=48 total=608
[EMAPI] page=14 rows=100 kept=53 total=661
[EMAPI] page=15 rows=100 kept=48 total=709
[EMAPI] page=16 rows=100 kept=49 total=758
[EMAPI] page=17 rows=100 kept=45 total=803
[EMAPI] page=18 rows=100 kept=50 total=853
[EMAPI] page=19 rows=100 kept=46 total=899
[EMAPI] page=20 rows=100 kept=41 total=940
[EMAPI] page=21 rows=100 kept=31 total=971
[EMAPI] page=22 rows=100 kept=36 total=1007
[EMAPI] page=23 rows=100 kept=47 total=1054
[EMAPI] page=24 rows=100 kept=33 total=1087
[EMAPI] page=25 rows=100 kept=40 total=1127
[SCAN] round=547 market=1127 picks=7 ts=2026-03-23T19:00:28.362Z
[EMAPI] page=1 rows=100 kept=44 total=44
[EMAPI] page=2 rows=100 kept=49 total=93
[EMAPI] page=3 rows=100 kept=44 total=137
[EMAPI] page=4 rows=100 kept=43 total=180
[EMAPI] page=5 rows=100 kept=36 total=216
[EMAPI] page=6 rows=100 kept=51 total=267
[EMAPI] page=7 rows=100 kept=48 total=315
[EMAPI] page=8 rows=100 kept=45 total=360
[EMAPI] page=9 rows=100 kept=51 total=411
[EMAPI] page=10 rows=100 kept=48 total=459
[EMAPI] page=11 rows=100 kept=50 total=509
[EMAPI] page=12 rows=100 kept=51 total=560
[EMAPI] page=13 rows=100 kept=48 total=608
[EMAPI] page=14 rows=100 kept=53 total=661
[EMAPI] page=15 rows=100 kept=48 total=709
[EMAPI] page=16 rows=100 kept=49 total=758
[EMAPI] page=17 rows=100 kept=45 total=803
[EMAPI] page=18 rows=100 kept=50 total=853
[EMAPI] page=19 rows=100 kept=46 total=899
[EMAPI] page=20 rows=100 kept=41 total=940
[EMAPI] page=21 rows=100 kept=31 total=971
[EMAPI] page=22 rows=100 kept=36 total=1007
[EMAPI] page=23 rows=100 kept=47 total=1054
[EMAPI] page=24 rows=100 kept=33 total=1087
[EMAPI] page=25 rows=100 kept=40 total=1127
[SCAN] round=548 market=1127 picks=7 ts=2026-03-23T19:01:27.653Z
[EMAPI] page=1 rows=100 kept=44 total=44
[EMAPI] page=2 rows=100 kept=49 total=93
[EMAPI] page=3 rows=100 kept=44 total=137
[EMAPI] page=4 rows=100 kept=43 total=180
[EMAPI] page=5 rows=100 kept=36 total=216
[EMAPI] page=6 rows=100 kept=51 total=267
[EMAPI] page=7 rows=100 kept=48 total=315
[EMAPI] page=8 rows=100 kept=45 total=360
[EMAPI] page=9 rows=100 kept=51 total=411
[EMAPI] page=10 rows=100 kept=48 total=459
[EMAPI] page=11 rows=100 kept=50 total=509
[EMAPI] page=12 rows=100 kept=51 total=560
[EMAPI] page=13 rows=100 kept=48 total=608
[EMAPI] page=14 rows=100 kept=53 total=661
[EMAPI] page=15 rows=100 kept=48 total=709
[EMAPI] page=16 rows=100 kept=49 total=758
[EMAPI] page=17 rows=100 kept=45 total=803
[EMAPI] page=18 rows=100 kept=50 total=853
[EMAPI] page=19 rows=100 kept=46 total=899
[EMAPI] page=20 rows=100 kept=41 total=940
[EMAPI] page=21 rows=100 kept=31 total=971
[EMAPI] page=22 rows=100 kept=36 total=1007
[EMAPI] page=23 rows=100 kept=47 total=1054
[EMAPI] page=24 rows=100 kept=33 total=1087
[EMAPI] page=25 rows=100 kept=40 total=1127
[SCAN] round=549 market=1127 picks=7 ts=2026-03-23T19:02:27.433Z
[EMAPI] page=1 rows=100 kept=44 total=44
[EMAPI] page=2 rows=100 kept=49 total=93
[EMAPI] page=3 rows=100 kept=44 total=137
[EMAPI] page=4 rows=100 kept=43 total=180
[EMAPI] page=5 rows=100 kept=36 total=216
[EMAPI] page=6 rows=100 kept=51 total=267
[EMAPI] page=7 rows=100 kept=48 total=315
[EMAPI] page=8 rows=100 kept=45 total=360
[EMAPI] page=9 rows=100 kept=51 total=411
[EMAPI] page=10 rows=100 kept=48 total=459
[EMAPI] page=11 rows=100 kept=50 total=509
[EMAPI] page=12 rows=100 kept=51 total=560
[EMAPI] page=13 rows=100 kept=48 total=608
[EMAPI] page=14 rows=100 kept=53 total=661
[EMAPI] page=15 rows=100 kept=48 total=709
[EMAPI] page=16 rows=100 kept=49 total=758
[EMAPI] page=17 rows=100 kept=45 total=803
[EMAPI] page=18 rows=100 kept=50 total=853
[EMAPI] page=19 rows=100 kept=46 total=899
[EMAPI] page=20 rows=100 kept=41 total=940
[EMAPI] page=21 rows=100 kept=31 total=971
[EMAPI] page=22 rows=100 kept=36 total=1007
[EMAPI] page=23 rows=100 kept=47 total=1054
[EMAPI] page=24 rows=100 kept=33 total=1087
[EMAPI] page=25 rows=100 kept=40 total=1127
[SCAN] round=550 market=1127 picks=7 ts=2026-03-23T19:03:28.103Z
[EMAPI] page=1 rows=100 kept=44 total=44
[EMAPI] page=2 rows=100 kept=49 total=93
[EMAPI] page=3 rows=100 kept=44 total=137
[EMAPI] page=4 rows=100 kept=43 total=180
[EMAPI] page=5 rows=100 kept=36 total=216
[EMAPI] page=6 rows=100 kept=51 total=267
[EMAPI] page=7 rows=100 kept=48 total=315
[EMAPI] page=8 rows=100 kept=45 total=360
[EMAPI] page=9 rows=100 kept=51 total=411
[EMAPI] page=10 rows=100 kept=48 total=459
[EMAPI] page=11 rows=100 kept=50 total=509
[EMAPI] page=12 rows=100 kept=51 total=560
[EMAPI] page=13 rows=100 kept=48 total=608
[EMAPI] page=14 rows=100 kept=53 total=661
[EMAPI] page=15 rows=100 kept=48 total=709
[EMAPI] page=16 rows=100 kept=49 total=758
[EMAPI] page=17 rows=100 kept=45 total=803
[EMAPI] page=18 rows=100 kept=50 total=853
[EMAPI] page=19 rows=100 kept=46 total=899
[EMAPI] page=20 rows=100 kept=41 total=940
[EMAPI] page=21 rows=100 kept=31 total=971
[EMAPI] page=22 rows=100 kept=36 total=1007
[EMAPI] page=23 rows=100 kept=47 total=1054
[EMAPI] page=24 rows=100 kept=33 total=1087
[EMAPI] page=25 rows=100 kept=40 total=1127
[SCAN] round=551 market=1127 picks=7 ts=2026-03-23T19:04:27.886Z
[EMAPI] page=1 rows=100 kept=44 total=44
[EMAPI] page=2 rows=100 kept=49 total=93
[EMAPI] page=3 rows=100 kept=44 total=137
[EMAPI] page=4 rows=100 kept=43 total=180
[EMAPI] page=5 rows=100 kept=36 total=216
[EMAPI] page=6 rows=100 kept=51 total=267
[EMAPI] page=7 rows=100 kept=48 total=315
[EMAPI] page=8 rows=100 kept=45 total=360
[EMAPI] page=9 rows=100 kept=51 total=411
[EMAPI] page=10 rows=100 kept=48 total=459
[EMAPI] page=11 rows=100 kept=50 total=509
[EMAPI] page=12 rows=100 kept=51 total=560
[EMAPI] page=13 rows=100 kept=48 total=608
[EMAPI] page=14 rows=100 kept=53 total=661
[EMAPI] page=15 rows=100 kept=48 total=709
[EMAPI] page=16 rows=100 kept=49 total=758
[EMAPI] page=17 rows=100 kept=45 total=803
[EMAPI] page=18 rows=100 kept=50 total=853
[EMAPI] page=19 rows=100 kept=46 total=899
[EMAPI] page=20 rows=100 kept=41 total=940
[EMAPI] page=21 rows=100 kept=31 total=971
[EMAPI] page=22 rows=100 kept=36 total=1007
[EMAPI] page=23 rows=100 kept=47 total=1054
[EMAPI] page=24 rows=100 kept=33 total=1087
[EMAPI] page=25 rows=100 kept=40 total=1127
[SCAN] round=552 market=1127 picks=7 ts=2026-03-23T19:05:28.801Z
[EMAPI] page=1 rows=100 kept=44 total=44
[EMAPI] page=2 rows=100 kept=49 total=93
[EMAPI] page=3 rows=100 kept=44 total=137
[EMAPI] page=4 rows=100 kept=43 total=180
[EMAPI] page=5 rows=100 kept=36 total=216
[EMAPI] page=6 rows=100 kept=51 total=267
[EMAPI] page=7 rows=100 kept=48 total=315
[EMAPI] page=8 rows=100 kept=45 total=360
[EMAPI] page=9 rows=100 kept=51 total=411
[EMAPI] page=10 rows=100 kept=48 total=459
[EMAPI] page=11 rows=100 kept=50 total=509
[EMAPI] page=12 rows=100 kept=51 total=560
[EMAPI] page=13 rows=100 kept=48 total=608
[EMAPI] page=14 rows=100 kept=53 total=661
[EMAPI] page=15 rows=100 kept=48 total=709
[EMAPI] page=16 rows=100 kept=49 total=758
[EMAPI] page=17 rows=100 kept=45 total=803
[EMAPI] page=18 rows=100 kept=50 total=853
[EMAPI] page=19 rows=100 kept=46 total=899
[EMAPI] page=20 rows=100 kept=41 total=940
[EMAPI] page=21 rows=100 kept=31 total=971
[EMAPI] page=22 rows=100 kept=36 total=1007
[EMAPI] page=23 rows=100 kept=47 total=1054
[EMAPI] page=24 rows=100 kept=33 total=1087
[EMAPI] page=25 rows=100 kept=40 total=1127
[SCAN] round=553 market=1127 picks=7 ts=2026-03-23T19:06:27.766Z
[EMAPI] page=1 rows=100 kept=44 total=44
[EMAPI] page=2 rows=100 kept=49 total=93
[EMAPI] page=3 rows=100 kept=44 total=137
[EMAPI] page=4 rows=100 kept=43 total=180
[EMAPI] page=5 rows=100 kept=36 total=216
[EMAPI] page=6 rows=100 kept=51 total=267
[EMAPI] page=7 rows=100 kept=48 total=315
[EMAPI] page=8 rows=100 kept=45 total=360
[EMAPI] page=9 rows=100 kept=51 total=411
[EMAPI] page=10 rows=100 kept=48 total=459
[EMAPI] page=11 rows=100 kept=50 total=509
[EMAPI] page=12 rows=100 kept=51 total=560
[EMAPI] page=13 rows=100 kept=48 total=608
[EMAPI] page=14 rows=100 kept=53 total=661
[EMAPI] page=15 rows=100 kept=48 total=709
[EMAPI] page=16 rows=100 kept=49 total=758
[EMAPI] page=17 rows=100 kept=45 total=803
[EMAPI] page=18 rows=100 kept=50 total=853
[EMAPI] page=19 rows=100 kept=46 total=899
[EMAPI] page=20 rows=100 kept=41 total=940
[EMAPI] page=21 rows=100 kept=31 total=971
[EMAPI] page=22 rows=100 kept=36 total=1007
[EMAPI] page=23 rows=100 kept=47 total=1054
[EMAPI] page=24 rows=100 kept=33 total=1087
[EMAPI] page=25 rows=100 kept=40 total=1127
[SCAN] round=554 market=1127 picks=7 ts=2026-03-23T19:07:28.692Z
[EMAPI] page=1 rows=100 kept=44 total=44
[EMAPI] page=2 rows=100 kept=49 total=93
[EMAPI] page=3 rows=100 kept=44 total=137
[EMAPI] page=4 rows=100 kept=43 total=180
[EMAPI] page=5 rows=100 kept=36 total=216
[EMAPI] page=6 rows=100 kept=51 total=267
[EMAPI] page=7 rows=100 kept=48 total=315
[EMAPI] page=8 rows=100 kept=45 total=360
[EMAPI] page=9 rows=100 kept=51 total=411
[EMAPI] page=10 rows=100 kept=48 total=459
[EMAPI] page=11 rows=100 kept=50 total=509
[EMAPI] page=12 rows=100 kept=51 total=560
[EMAPI] page=13 rows=100 kept=48 total=608
[EMAPI] page=14 rows=100 kept=53 total=661
[EMAPI] page=15 rows=100 kept=48 total=709
[EMAPI] page=16 rows=100 kept=49 total=758
[EMAPI] page=17 rows=100 kept=45 total=803
[EMAPI] page=18 rows=100 kept=50 total=853
[EMAPI] page=19 rows=100 kept=46 total=899
[EMAPI] page=20 rows=100 kept=41 total=940
[EMAPI] page=21 rows=100 kept=31 total=971
[EMAPI] page=22 rows=100 kept=36 total=1007
[EMAPI] page=23 rows=100 kept=47 total=1054
[EMAPI] page=24 rows=100 kept=33 total=1087
[EMAPI] page=25 rows=100 kept=40 total=1127
[SCAN] round=555 market=1127 picks=7 ts=2026-03-23T19:08:27.987Z
[EMAPI] page=1 rows=100 kept=44 total=44
[EMAPI] page=2 rows=100 kept=49 total=93
[EMAPI] page=3 rows=100 kept=44 total=137
[EMAPI] page=4 rows=100 kept=43 total=180
[EMAPI] page=5 rows=100 kept=36 total=216
[EMAPI] page=6 rows=100 kept=51 total=267
[EMAPI] page=7 rows=100 kept=48 total=315
[EMAPI] page=8 rows=100 kept=45 total=360
[EMAPI] page=9 rows=100 kept=51 total=411
[EMAPI] page=10 rows=100 kept=48 total=459
[EMAPI] page=11 rows=100 kept=50 total=509
[EMAPI] page=12 rows=100 kept=51 total=560
[EMAPI] page=13 rows=100 kept=48 total=608
[EMAPI] page=14 rows=100 kept=53 total=661
[EMAPI] page=15 rows=100 kept=48 total=709
[EMAPI] page=16 rows=100 kept=49 total=758
[EMAPI] page=17 rows=100 kept=45 total=803
[EMAPI] page=18 rows=100 kept=50 total=853
[EMAPI] page=19 rows=100 kept=46 total=899
[EMAPI] page=20 rows=100 kept=41 total=940
[EMAPI] page=21 rows=100 kept=31 total=971
[EMAPI] page=22 rows=100 kept=36 total=1007
[EMAPI] page=23 rows=100 kept=47 total=1054
[EMAPI] page=24 rows=100 kept=33 total=1087
[EMAPI] page=25 rows=100 kept=40 total=1127
[SCAN] round=556 market=1127 picks=7 ts=2026-03-23T19:09:28.754Z
[EMAPI] page=1 rows=100 kept=44 total=44
[EMAPI] page=2 rows=100 kept=49 total=93
[EMAPI] page=3 rows=100 kept=44 total=137
[EMAPI] page=4 rows=100 kept=43 total=180
[EMAPI] page=5 rows=100 kept=36 total=216
[EMAPI] page=6 rows=100 kept=51 total=267
[EMAPI] page=7 rows=100 kept=48 total=315
[EMAPI] page=8 rows=100 kept=45 total=360
[EMAPI] page=9 rows=100 kept=51 total=411
[EMAPI] page=10 rows=100 kept=48 total=459
[EMAPI] page=11 rows=100 kept=50 total=509
[EMAPI] page=12 rows=100 kept=51 total=560
[EMAPI] page=13 rows=100 kept=48 total=608
[EMAPI] page=14 rows=100 kept=53 total=661
[EMAPI] page=15 rows=100 kept=48 total=709
[EMAPI] page=16 rows=100 kept=49 total=758
[EMAPI] page=17 rows=100 kept=45 total=803
[EMAPI] page=18 rows=100 kept=50 total=853
[EMAPI] page=19 rows=100 kept=46 total=899
[EMAPI] page=20 rows=100 kept=41 total=940
[EMAPI] page=21 rows=100 kept=31 total=971
[EMAPI] page=22 rows=100 kept=36 total=1007
[EMAPI] page=23 rows=100 kept=47 total=1054
[EMAPI] page=24 rows=100 kept=33 total=1087
[EMAPI] page=25 rows=100 kept=40 total=1127
[SCAN] round=557 market=1127 picks=7 ts=2026-03-23T19:10:27.610Z
[EMAPI] page=1 rows=100 kept=44 total=44
[EMAPI] page=2 rows=100 kept=49 total=93
[EMAPI] page=3 rows=100 kept=44 total=137
[EMAPI] page=4 rows=100 kept=43 total=180
[EMAPI] page=5 rows=100 kept=36 total=216
[EMAPI] page=6 rows=100 kept=51 total=267
[EMAPI] page=7 rows=100 kept=48 total=315
[EMAPI] page=8 rows=100 kept=45 total=360
[EMAPI] page=9 rows=100 kept=51 total=411
[EMAPI] page=10 rows=100 kept=48 total=459
[EMAPI] page=11 rows=100 kept=50 total=509
[EMAPI] page=12 rows=100 kept=51 total=560
[EMAPI] page=13 rows=100 kept=48 total=608
[EMAPI] page=14 rows=100 kept=53 total=661
[EMAPI] page=15 rows=100 kept=48 total=709
[EMAPI] page=16 rows=100 kept=49 total=758
[EMAPI] page=17 rows=100 kept=45 total=803
[EMAPI] page=18 rows=100 kept=50 total=853
[EMAPI] page=19 rows=100 kept=46 total=899
[EMAPI] page=20 rows=100 kept=41 total=940
[EMAPI] page=21 rows=100 kept=31 total=971
[EMAPI] page=22 rows=100 kept=36 total=1007
[EMAPI] page=23 rows=100 kept=47 total=1054
[EMAPI] page=24 rows=100 kept=33 total=1087
[EMAPI] page=25 rows=100 kept=40 total=1127
[SCAN] round=558 market=1127 picks=7 ts=2026-03-23T19:11:28.771Z
[EMAPI] page=1 rows=100 kept=44 total=44
[EMAPI] page=2 rows=100 kept=49 total=93
[EMAPI] page=3 rows=100 kept=44 total=137
[EMAPI] page=4 rows=100 kept=43 total=180
[EMAPI] page=5 rows=100 kept=36 total=216
[EMAPI] page=6 rows=100 kept=51 total=267
[EMAPI] page=7 rows=100 kept=48 total=315
[EMAPI] page=8 rows=100 kept=45 total=360
[EMAPI] page=9 rows=100 kept=51 total=411
[EMAPI] page=10 rows=100 kept=48 total=459
[EMAPI] page=11 rows=100 kept=50 total=509
[EMAPI] page=12 rows=100 kept=51 total=560
[EMAPI] page=13 rows=100 kept=48 total=608
[EMAPI] page=14 rows=100 kept=53 total=661
[EMAPI] page=15 rows=100 kept=48 total=709
[EMAPI] page=16 rows=100 kept=49 total=758
[EMAPI] page=17 rows=100 kept=45 total=803
[EMAPI] page=18 rows=100 kept=50 total=853
[EMAPI] page=19 rows=100 kept=46 total=899
[EMAPI] page=20 rows=100 kept=41 total=940
[EMAPI] page=21 rows=100 kept=31 total=971
[EMAPI] page=22 rows=100 kept=36 total=1007
[EMAPI] page=23 rows=100 kept=47 total=1054
[EMAPI] page=24 rows=100 kept=33 total=1087
[EMAPI] page=25 rows=100 kept=40 total=1127
[SCAN] round=559 market=1127 picks=7 ts=2026-03-23T19:12:28.801Z
[EMAPI] page=1 rows=100 kept=44 total=44
[EMAPI] page=2 rows=100 kept=49 total=93
[EMAPI] page=3 rows=100 kept=44 total=137
[EMAPI] page=4 rows=100 kept=43 total=180
[EMAPI] page=5 rows=100 kept=36 total=216
[EMAPI] page=6 rows=100 kept=51 total=267
[EMAPI] page=7 rows=100 kept=48 total=315
[EMAPI] page=8 rows=100 kept=45 total=360
[EMAPI] page=9 rows=100 kept=51 total=411
[EMAPI] page=10 rows=100 kept=48 total=459
[EMAPI] page=11 rows=100 kept=50 total=509
[EMAPI] page=12 rows=100 kept=51 total=560
[EMAPI] page=13 rows=100 kept=48 total=608
[EMAPI] page=14 rows=100 kept=53 total=661
[EMAPI] page=15 rows=100 kept=48 total=709
[EMAPI] page=16 rows=100 kept=49 total=758
[EMAPI] page=17 rows=100 kept=45 total=803
[EMAPI] page=18 rows=100 kept=50 total=853
[EMAPI] page=19 rows=100 kept=46 total=899
[EMAPI] page=20 rows=100 kept=41 total=940
[EMAPI] page=21 rows=100 kept=31 total=971
[EMAPI] page=22 rows=100 kept=36 total=1007
[EMAPI] page=23 rows=100 kept=47 total=1054
[EMAPI] page=24 rows=100 kept=33 total=1087
[EMAPI] page=25 rows=100 kept=40 total=1127
[SCAN] round=560 market=1127 picks=7 ts=2026-03-23T19:13:27.874Z
[EMAPI] page=1 rows=100 kept=44 total=44
[EMAPI] page=2 rows=100 kept=49 total=93
[EMAPI] page=3 rows=100 kept=44 total=137
[EMAPI] page=4 rows=100 kept=43 total=180
[EMAPI] page=5 rows=100 kept=36 total=216
[EMAPI] page=6 rows=100 kept=51 total=267
[EMAPI] page=7 rows=100 kept=48 total=315
[EMAPI] page=8 rows=100 kept=45 total=360
[EMAPI] page=9 rows=100 kept=51 total=411
[EMAPI] page=10 rows=100 kept=48 total=459
[EMAPI] page=11 rows=100 kept=50 total=509
[EMAPI] page=12 rows=100 kept=51 total=560
[EMAPI] page=13 rows=100 kept=48 total=608
[EMAPI] page=14 rows=100 kept=53 total=661
[EMAPI] page=15 rows=100 kept=48 total=709
[EMAPI] page=16 rows=100 kept=49 total=758
[EMAPI] page=17 rows=100 kept=45 total=803
[EMAPI] page=18 rows=100 kept=50 total=853
[EMAPI] page=19 rows=100 kept=46 total=899
[EMAPI] page=20 rows=100 kept=41 total=940
[EMAPI] page=21 rows=100 kept=31 total=971
[EMAPI] page=22 rows=100 kept=36 total=1007
[EMAPI] page=23 rows=100 kept=47 total=1054
[EMAPI] page=24 rows=100 kept=33 total=1087
[EMAPI] page=25 rows=100 kept=40 total=1127
[SCAN] round=561 market=1127 picks=7 ts=2026-03-23T19:14:27.951Z
[EMAPI] page=1 rows=100 kept=44 total=44
[EMAPI] page=2 rows=100 kept=49 total=93
[EMAPI] page=3 rows=100 kept=44 total=137
[EMAPI] page=4 rows=100 kept=43 total=180
[EMAPI] page=5 rows=100 kept=36 total=216
[EMAPI] page=6 rows=100 kept=51 total=267
[EMAPI] page=7 rows=100 kept=48 total=315
[EMAPI] page=8 rows=100 kept=45 total=360
[EMAPI] page=9 rows=100 kept=51 total=411
[EMAPI] page=10 rows=100 kept=48 total=459
[EMAPI] page=11 rows=100 kept=50 total=509
[EMAPI] page=12 rows=100 kept=51 total=560
[EMAPI] page=13 rows=100 kept=48 total=608
[EMAPI] page=14 rows=100 kept=53 total=661
[EMAPI] page=15 rows=100 kept=48 total=709
[EMAPI] page=16 rows=100 kept=49 total=758
[EMAPI] page=17 rows=100 kept=45 total=803
[EMAPI] page=18 rows=100 kept=50 total=853
[EMAPI] page=19 rows=100 kept=46 total=899
[EMAPI] page=20 rows=100 kept=41 total=940
[EMAPI] page=21 rows=100 kept=31 total=971
[EMAPI] page=22 rows=100 kept=36 total=1007
[EMAPI] page=23 rows=100 kept=47 total=1054
[EMAPI] page=24 rows=100 kept=33 total=1087
[EMAPI] page=25 rows=100 kept=40 total=1127
[SCAN] round=562 market=1127 picks=7 ts=2026-03-23T19:15:28.507Z
[EMAPI] page=1 rows=100 kept=44 total=44
[EMAPI] page=2 rows=100 kept=49 total=93
[EMAPI] page=3 rows=100 kept=44 total=137
[EMAPI] page=4 rows=100 kept=43 total=180
[EMAPI] page=5 rows=100 kept=36 total=216
[EMAPI] page=6 rows=100 kept=51 total=267
[EMAPI] page=7 rows=100 kept=48 total=315
[EMAPI] page=8 rows=100 kept=45 total=360
[EMAPI] page=9 rows=100 kept=51 total=411
[EMAPI] page=10 rows=100 kept=48 total=459
[EMAPI] page=11 rows=100 kept=50 total=509
[EMAPI] page=12 rows=100 kept=51 total=560
[EMAPI] page=13 rows=100 kept=48 total=608
[EMAPI] page=14 rows=100 kept=53 total=661
[EMAPI] page=15 rows=100 kept=48 total=709
[EMAPI] page=16 rows=100 kept=49 total=758
[EMAPI] page=17 rows=100 kept=45 total=803
[EMAPI] page=18 rows=100 kept=50 total=853
[EMAPI] page=19 rows=100 kept=46 total=899
[EMAPI] page=20 rows=100 kept=41 total=940
[EMAPI] page=21 rows=100 kept=31 total=971
[EMAPI] page=22 rows=100 kept=36 total=1007
[EMAPI] page=23 rows=100 kept=47 total=1054
[EMAPI] page=24 rows=100 kept=33 total=1087
[EMAPI] page=25 rows=100 kept=40 total=1127
[SCAN] round=563 market=1127 picks=7 ts=2026-03-23T19:16:28.518Z
[EMAPI] page=1 rows=100 kept=44 total=44
[EMAPI] page=2 rows=100 kept=49 total=93
[EMAPI] page=3 rows=100 kept=44 total=137
[EMAPI] page=4 rows=100 kept=43 total=180
[EMAPI] page=5 rows=100 kept=36 total=216
[EMAPI] page=6 rows=100 kept=51 total=267
[EMAPI] page=7 rows=100 kept=48 total=315
[EMAPI] page=8 rows=100 kept=45 total=360
[EMAPI] page=9 rows=100 kept=51 total=411
[EMAPI] page=10 rows=100 kept=48 total=459
[EMAPI] page=11 rows=100 kept=50 total=509
[EMAPI] page=12 rows=100 kept=51 total=560
[EMAPI] page=13 rows=100 kept=48 total=608
[EMAPI] page=14 rows=100 kept=53 total=661
[EMAPI] page=15 rows=100 kept=48 total=709
[EMAPI] page=16 rows=100 kept=49 total=758
[EMAPI] page=17 rows=100 kept=45 total=803
[EMAPI] page=18 rows=100 kept=50 total=853
[EMAPI] page=19 rows=100 kept=46 total=899
[EMAPI] page=20 rows=100 kept=41 total=940
[EMAPI] page=21 rows=100 kept=31 total=971
[EMAPI] page=22 rows=100 kept=36 total=1007
[EMAPI] page=23 rows=100 kept=47 total=1054
[EMAPI] page=24 rows=100 kept=33 total=1087
[EMAPI] page=25 rows=100 kept=40 total=1127
[SCAN] round=564 market=1127 picks=7 ts=2026-03-23T19:17:27.914Z
[EMAPI] page=1 rows=100 kept=44 total=44
[EMAPI] page=2 rows=100 kept=49 total=93
[EMAPI] page=3 rows=100 kept=44 total=137
[EMAPI] page=4 rows=100 kept=43 total=180
[EMAPI] page=5 rows=100 kept=36 total=216
[EMAPI] page=6 rows=100 kept=51 total=267
[EMAPI] page=7 rows=100 kept=48 total=315
[EMAPI] page=8 rows=100 kept=45 total=360
[EMAPI] page=9 rows=100 kept=51 total=411
[EMAPI] page=10 rows=100 kept=48 total=459
[EMAPI] page=11 rows=100 kept=50 total=509
[EMAPI] page=12 rows=100 kept=51 total=560
[EMAPI] page=13 rows=100 kept=48 total=608
[EMAPI] page=14 rows=100 kept=53 total=661
[EMAPI] page=15 rows=100 kept=48 total=709
[EMAPI] page=16 rows=100 kept=49 total=758
[EMAPI] page=17 rows=100 kept=45 total=803
[EMAPI] page=18 rows=100 kept=50 total=853
[EMAPI] page=19 rows=100 kept=46 total=899
[EMAPI] page=20 rows=100 kept=41 total=940
[EMAPI] page=21 rows=100 kept=31 total=971
[EMAPI] page=22 rows=100 kept=36 total=1007
[EMAPI] page=23 rows=100 kept=47 total=1054
[EMAPI] page=24 rows=100 kept=33 total=1087
[EMAPI] page=25 rows=100 kept=40 total=1127
[SCAN] round=565 market=1127 picks=7 ts=2026-03-23T19:18:28.669Z
[EMAPI] page=1 rows=100 kept=44 total=44
[EMAPI] page=2 rows=100 kept=49 total=93
[EMAPI] page=3 rows=100 kept=44 total=137
[EMAPI] page=4 rows=100 kept=43 total=180
[EMAPI] page=5 rows=100 kept=36 total=216
[EMAPI] page=6 rows=100 kept=51 total=267
[EMAPI] page=7 rows=100 kept=48 total=315
[EMAPI] page=8 rows=100 kept=45 total=360
[EMAPI] page=9 rows=100 kept=51 total=411
[EMAPI] page=10 rows=100 kept=48 total=459
[EMAPI] page=11 rows=100 kept=50 total=509
[EMAPI] page=12 rows=100 kept=51 total=560
[EMAPI] page=13 rows=100 kept=48 total=608
[EMAPI] page=14 rows=100 kept=53 total=661
[EMAPI] page=15 rows=100 kept=48 total=709
[EMAPI] page=16 rows=100 kept=49 total=758
[EMAPI] page=17 rows=100 kept=45 total=803
[EMAPI] page=18 rows=100 kept=50 total=853
[EMAPI] page=19 rows=100 kept=46 total=899
[EMAPI] page=20 rows=100 kept=41 total=940
[EMAPI] page=21 rows=100 kept=31 total=971
[EMAPI] page=22 rows=100 kept=36 total=1007
[EMAPI] page=23 rows=100 kept=47 total=1054
[EMAPI] page=24 rows=100 kept=33 total=1087
[EMAPI] page=25 rows=100 kept=40 total=1127
[SCAN] round=566 market=1127 picks=7 ts=2026-03-23T19:19:28.982Z
[EMAPI] page=1 rows=100 kept=44 total=44
[EMAPI] page=2 rows=100 kept=49 total=93
[EMAPI] page=3 rows=100 kept=44 total=137
[EMAPI] page=4 rows=100 kept=43 total=180
[EMAPI] page=5 rows=100 kept=36 total=216
[EMAPI] page=6 rows=100 kept=51 total=267
[EMAPI] page=7 rows=100 kept=48 total=315
[EMAPI] page=8 rows=100 kept=45 total=360
[EMAPI] page=9 rows=100 kept=51 total=411
[EMAPI] page=10 rows=100 kept=48 total=459
[EMAPI] page=11 rows=100 kept=50 total=509
[EMAPI] page=12 rows=100 kept=51 total=560
[EMAPI] page=13 rows=100 kept=48 total=608
[EMAPI] page=14 rows=100 kept=53 total=661
[EMAPI] page=15 rows=100 kept=48 total=709
[EMAPI] page=16 rows=100 kept=49 total=758
[EMAPI] page=17 rows=100 kept=45 total=803
[EMAPI] page=18 rows=100 kept=50 total=853
[EMAPI] page=19 rows=100 kept=46 total=899
[EMAPI] page=20 rows=100 kept=41 total=940
[EMAPI] page=21 rows=100 kept=31 total=971
[EMAPI] page=22 rows=100 kept=36 total=1007
[EMAPI] page=23 rows=100 kept=47 total=1054
[EMAPI] page=24 rows=100 kept=33 total=1087
[EMAPI] page=25 rows=100 kept=40 total=1127
[SCAN] round=567 market=1127 picks=7 ts=2026-03-23T19:20:27.868Z
[EMAPI] page=1 rows=100 kept=44 total=44
[EMAPI] page=2 rows=100 kept=49 total=93
[EMAPI] page=3 rows=100 kept=44 total=137
[EMAPI] page=4 rows=100 kept=43 total=180
[EMAPI] page=5 rows=100 kept=36 total=216
[EMAPI] page=6 rows=100 kept=51 total=267
[EMAPI] page=7 rows=100 kept=48 total=315
[EMAPI] page=8 rows=100 kept=45 total=360
[EMAPI] page=9 rows=100 kept=51 total=411
[EMAPI] page=10 rows=100 kept=48 total=459
[EMAPI] page=11 rows=100 kept=50 total=509
[EMAPI] page=12 rows=100 kept=51 total=560
[EMAPI] page=13 rows=100 kept=48 total=608
[EMAPI] page=14 rows=100 kept=53 total=661
[EMAPI] page=15 rows=100 kept=48 total=709
[EMAPI] page=16 rows=100 kept=49 total=758
[EMAPI] page=17 rows=100 kept=45 total=803
[EMAPI] page=18 rows=100 kept=50 total=853
[EMAPI] page=19 rows=100 kept=46 total=899
[EMAPI] page=20 rows=100 kept=41 total=940
[EMAPI] page=21 rows=100 kept=31 total=971
[EMAPI] page=22 rows=100 kept=36 total=1007
[EMAPI] page=23 rows=100 kept=47 total=1054
[EMAPI] page=24 rows=100 kept=33 total=1087
[EMAPI] page=25 rows=100 kept=40 total=1127
[SCAN] round=568 market=1127 picks=7 ts=2026-03-23T19:21:28.405Z
[EMAPI] page=1 rows=100 kept=44 total=44
[EMAPI] page=2 rows=100 kept=49 total=93
[EMAPI] page=3 rows=100 kept=44 total=137
[EMAPI] page=4 rows=100 kept=43 total=180
[EMAPI] page=5 rows=100 kept=36 total=216
[EMAPI] page=6 rows=100 kept=51 total=267
[EMAPI] page=7 rows=100 kept=48 total=315
[EMAPI] page=8 rows=100 kept=45 total=360
[EMAPI] page=9 rows=100 kept=51 total=411
[EMAPI] page=10 rows=100 kept=48 total=459
[EMAPI] page=11 rows=100 kept=50 total=509
[EMAPI] page=12 rows=100 kept=51 total=560
[EMAPI] page=13 rows=100 kept=48 total=608
[EMAPI] page=14 rows=100 kept=53 total=661
[EMAPI] page=15 rows=100 kept=48 total=709
[EMAPI] page=16 rows=100 kept=49 total=758
[EMAPI] page=17 rows=100 kept=45 total=803
[EMAPI] page=18 rows=100 kept=50 total=853
[EMAPI] page=19 rows=100 kept=46 total=899
[EMAPI] page=20 rows=100 kept=41 total=940
[EMAPI] page=21 rows=100 kept=31 total=971
[EMAPI] page=22 rows=100 kept=36 total=1007
[EMAPI] page=23 rows=100 kept=47 total=1054
[EMAPI] page=24 rows=100 kept=33 total=1087
[EMAPI] page=25 rows=100 kept=40 total=1127
[SCAN] round=569 market=1127 picks=7 ts=2026-03-23T19:22:28.911Z
[EMAPI] page=1 rows=100 kept=44 total=44
[EMAPI] page=2 rows=100 kept=49 total=93
[EMAPI] page=3 rows=100 kept=44 total=137
[EMAPI] page=4 rows=100 kept=43 total=180
[EMAPI] page=5 rows=100 kept=36 total=216
[EMAPI] page=6 rows=100 kept=51 total=267
[EMAPI] page=7 rows=100 kept=48 total=315
[EMAPI] page=8 rows=100 kept=45 total=360
[EMAPI] page=9 rows=100 kept=51 total=411
[EMAPI] page=10 rows=100 kept=48 total=459
[EMAPI] page=11 rows=100 kept=50 total=509
[EMAPI] page=12 rows=100 kept=51 total=560
[EMAPI] page=13 rows=100 kept=48 total=608
[EMAPI] page=14 rows=100 kept=53 total=661
[EMAPI] page=15 rows=100 kept=48 total=709
[EMAPI] page=16 rows=100 kept=49 total=758
[EMAPI] page=17 rows=100 kept=45 total=803
[EMAPI] page=18 rows=100 kept=50 total=853
[EMAPI] page=19 rows=100 kept=46 total=899
[EMAPI] page=20 rows=100 kept=41 total=940
[EMAPI] page=21 rows=100 kept=31 total=971
[EMAPI] page=22 rows=100 kept=36 total=1007
[EMAPI] page=23 rows=100 kept=47 total=1054
[EMAPI] page=24 rows=100 kept=33 total=1087
[EMAPI] page=25 rows=100 kept=40 total=1127
[SCAN] round=570 market=1127 picks=7 ts=2026-03-23T19:23:27.443Z
[EMAPI] page=1 rows=100 kept=44 total=44
[EMAPI] page=2 rows=100 kept=49 total=93
[EMAPI] page=3 rows=100 kept=44 total=137
[EMAPI] page=4 rows=100 kept=43 total=180
[EMAPI] page=5 rows=100 kept=36 total=216
[EMAPI] page=6 rows=100 kept=51 total=267
[EMAPI] page=7 rows=100 kept=48 total=315
[EMAPI] page=8 rows=100 kept=45 total=360
[EMAPI] page=9 rows=100 kept=51 total=411
[EMAPI] page=10 rows=100 kept=48 total=459
[EMAPI] page=11 rows=100 kept=50 total=509
[EMAPI] page=12 rows=100 kept=51 total=560
[EMAPI] page=13 rows=100 kept=48 total=608
[EMAPI] page=14 rows=100 kept=53 total=661
[EMAPI] page=15 rows=100 kept=48 total=709
[EMAPI] page=16 rows=100 kept=49 total=758
[EMAPI] page=17 rows=100 kept=45 total=803
[EMAPI] page=18 rows=100 kept=50 total=853
[EMAPI] page=19 rows=100 kept=46 total=899
[EMAPI] page=20 rows=100 kept=41 total=940
[EMAPI] page=21 rows=100 kept=31 total=971
[EMAPI] page=22 rows=100 kept=36 total=1007
[EMAPI] page=23 rows=100 kept=47 total=1054
[EMAPI] page=24 rows=100 kept=33 total=1087
[EMAPI] page=25 rows=100 kept=40 total=1127
[SCAN] round=571 market=1127 picks=7 ts=2026-03-23T19:24:29.063Z
[EMAPI] page=1 rows=100 kept=44 total=44
[EMAPI] page=2 rows=100 kept=49 total=93
[EMAPI] page=3 rows=100 kept=44 total=137
[EMAPI] page=4 rows=100 kept=43 total=180
[EMAPI] page=5 rows=100 kept=36 total=216
[EMAPI] page=6 rows=100 kept=51 total=267
[EMAPI] page=7 rows=100 kept=48 total=315
[EMAPI] page=8 rows=100 kept=45 total=360
[EMAPI] page=9 rows=100 kept=51 total=411
[EMAPI] page=10 rows=100 kept=48 total=459
[EMAPI] page=11 rows=100 kept=50 total=509
[EMAPI] page=12 rows=100 kept=51 total=560
[EMAPI] page=13 rows=100 kept=48 total=608
[EMAPI] page=14 rows=100 kept=53 total=661
[EMAPI] page=15 rows=100 kept=48 total=709
[EMAPI] page=16 rows=100 kept=49 total=758
[EMAPI] page=17 rows=100 kept=45 total=803
[EMAPI] page=18 rows=100 kept=50 total=853
[EMAPI] page=19 rows=100 kept=46 total=899
[EMAPI] page=20 rows=100 kept=41 total=940
[EMAPI] page=21 rows=100 kept=31 total=971
[EMAPI] page=22 rows=100 kept=36 total=1007
[EMAPI] page=23 rows=100 kept=47 total=1054
[EMAPI] page=24 rows=100 kept=33 total=1087
[EMAPI] page=25 rows=100 kept=40 total=1127
[SCAN] round=572 market=1127 picks=7 ts=2026-03-23T19:25:29.041Z
[EMAPI] page=1 rows=100 kept=44 total=44
[EMAPI] page=2 rows=100 kept=49 total=93
[EMAPI] page=3 rows=100 kept=44 total=137
[EMAPI] page=4 rows=100 kept=43 total=180
[EMAPI] page=5 rows=100 kept=36 total=216
[EMAPI] page=6 rows=100 kept=51 total=267
[EMAPI] page=7 rows=100 kept=48 total=315
[EMAPI] page=8 rows=100 kept=45 total=360
[EMAPI] page=9 rows=100 kept=51 total=411
[EMAPI] page=10 rows=100 kept=48 total=459
[EMAPI] page=11 rows=100 kept=50 total=509
[EMAPI] page=12 rows=100 kept=51 total=560
[EMAPI] page=13 rows=100 kept=48 total=608
[EMAPI] page=14 rows=100 kept=53 total=661
[EMAPI] page=15 rows=100 kept=48 total=709
[EMAPI] page=16 rows=100 kept=49 total=758
[EMAPI] page=17 rows=100 kept=45 total=803
[EMAPI] page=18 rows=100 kept=50 total=853
[EMAPI] page=19 rows=100 kept=46 total=899
[EMAPI] page=20 rows=100 kept=41 total=940
[EMAPI] page=21 rows=100 kept=31 total=971
[EMAPI] page=22 rows=100 kept=36 total=1007
[EMAPI] page=23 rows=100 kept=47 total=1054
[EMAPI] page=24 rows=100 kept=33 total=1087
[EMAPI] page=25 rows=100 kept=40 total=1127
[SCAN] round=573 market=1127 picks=7 ts=2026-03-23T19:26:28.624Z
[EMAPI] page=1 rows=100 kept=44 total=44
[EMAPI] page=2 rows=100 kept=49 total=93
[EMAPI] page=3 rows=100 kept=44 total=137
[EMAPI] page=4 rows=100 kept=43 total=180
[EMAPI] page=5 rows=100 kept=36 total=216
[EMAPI] page=6 rows=100 kept=51 total=267
[EMAPI] page=7 rows=100 kept=48 total=315
[EMAPI] page=8 rows=100 kept=45 total=360
[EMAPI] page=9 rows=100 kept=51 total=411
[EMAPI] page=10 rows=100 kept=48 total=459
[EMAPI] page=11 rows=100 kept=50 total=509
[EMAPI] page=12 rows=100 kept=51 total=560
[EMAPI] page=13 rows=100 kept=48 total=608
[EMAPI] page=14 rows=100 kept=53 total=661
[EMAPI] page=15 rows=100 kept=48 total=709
[EMAPI] page=16 rows=100 kept=49 total=758
[EMAPI] page=17 rows=100 kept=45 total=803
[EMAPI] page=18 rows=100 kept=50 total=853
[EMAPI] page=19 rows=100 kept=46 total=899
[EMAPI] page=20 rows=100 kept=41 total=940
[EMAPI] page=21 rows=100 kept=31 total=971
[EMAPI] page=22 rows=100 kept=36 total=1007
[EMAPI] page=23 rows=100 kept=47 total=1054
[EMAPI] page=24 rows=100 kept=33 total=1087
[EMAPI] page=25 rows=100 kept=40 total=1127
[SCAN] round=574 market=1127 picks=7 ts=2026-03-23T19:27:28.450Z
[EMAPI] page=1 rows=100 kept=44 total=44
[EMAPI] page=2 rows=100 kept=49 total=93
[EMAPI] page=3 rows=100 kept=44 total=137
[EMAPI] page=4 rows=100 kept=43 total=180
[EMAPI] page=5 rows=100 kept=36 total=216
[EMAPI] page=6 rows=100 kept=51 total=267
[EMAPI] page=7 rows=100 kept=48 total=315
[EMAPI] page=8 rows=100 kept=45 total=360
[EMAPI] page=9 rows=100 kept=51 total=411
[EMAPI] page=10 rows=100 kept=48 total=459
[EMAPI] page=11 rows=100 kept=50 total=509
[EMAPI] page=12 rows=100 kept=51 total=560
[EMAPI] page=13 rows=100 kept=48 total=608
[EMAPI] page=14 rows=100 kept=53 total=661
[EMAPI] page=15 rows=100 kept=48 total=709
[EMAPI] page=16 rows=100 kept=49 total=758
[EMAPI] page=17 rows=100 kept=45 total=803
[EMAPI] page=18 rows=100 kept=50 total=853
[EMAPI] page=19 rows=100 kept=46 total=899
[EMAPI] page=20 rows=100 kept=41 total=940
[EMAPI] page=21 rows=100 kept=31 total=971
[EMAPI] page=22 rows=100 kept=36 total=1007
[EMAPI] page=23 rows=100 kept=47 total=1054
[EMAPI] page=24 rows=100 kept=33 total=1087
[EMAPI] page=25 rows=100 kept=40 total=1127
[SCAN] round=575 market=1127 picks=7 ts=2026-03-23T19:28:28.338Z
[EMAPI] page=1 rows=100 kept=44 total=44
[EMAPI] page=2 rows=100 kept=49 total=93
[EMAPI] page=3 rows=100 kept=44 total=137
[EMAPI] page=4 rows=100 kept=43 total=180
[EMAPI] page=5 rows=100 kept=36 total=216
[EMAPI] page=6 rows=100 kept=51 total=267
[EMAPI] page=7 rows=100 kept=48 total=315
[EMAPI] page=8 rows=100 kept=45 total=360
[EMAPI] page=9 rows=100 kept=51 total=411
[EMAPI] page=10 rows=100 kept=48 total=459
[EMAPI] page=11 rows=100 kept=50 total=509
[EMAPI] page=12 rows=100 kept=51 total=560
[EMAPI] page=13 rows=100 kept=48 total=608
[EMAPI] page=14 rows=100 kept=53 total=661
[EMAPI] page=15 rows=100 kept=48 total=709
[EMAPI] page=16 rows=100 kept=49 total=758
[EMAPI] page=17 rows=100 kept=45 total=803
[EMAPI] page=18 rows=100 kept=50 total=853
[EMAPI] page=19 rows=100 kept=46 total=899
[EMAPI] page=20 rows=100 kept=41 total=940
[EMAPI] page=21 rows=100 kept=31 total=971
[EMAPI] page=22 rows=100 kept=36 total=1007
[EMAPI] page=23 rows=100 kept=47 total=1054
[EMAPI] page=24 rows=100 kept=33 total=1087
[EMAPI] page=25 rows=100 kept=40 total=1127
[SCAN] round=576 market=1127 picks=7 ts=2026-03-23T19:29:28.351Z
[EMAPI] page=1 rows=100 kept=44 total=44
[EMAPI] page=2 rows=100 kept=49 total=93
[EMAPI] page=3 rows=100 kept=44 total=137
[EMAPI] page=4 rows=100 kept=43 total=180
[EMAPI] page=5 rows=100 kept=36 total=216
[EMAPI] page=6 rows=100 kept=51 total=267
[EMAPI] page=7 rows=100 kept=48 total=315
[EMAPI] page=8 rows=100 kept=45 total=360
[EMAPI] page=9 rows=100 kept=51 total=411
[EMAPI] page=10 rows=100 kept=48 total=459
[EMAPI] page=11 rows=100 kept=50 total=509
[EMAPI] page=12 rows=100 kept=51 total=560
[EMAPI] page=13 rows=100 kept=48 total=608
[EMAPI] page=14 rows=100 kept=53 total=661
[EMAPI] page=15 rows=100 kept=48 total=709
[EMAPI] page=16 rows=100 kept=49 total=758
[EMAPI] page=17 rows=100 kept=45 total=803
[EMAPI] page=18 rows=100 kept=50 total=853
[EMAPI] page=19 rows=100 kept=46 total=899
[EMAPI] page=20 rows=100 kept=41 total=940
[EMAPI] page=21 rows=100 kept=31 total=971
[EMAPI] page=22 rows=100 kept=36 total=1007
[EMAPI] page=23 rows=100 kept=47 total=1054
[EMAPI] page=24 rows=100 kept=33 total=1087
[EMAPI] page=25 rows=100 kept=40 total=1127
[SCAN] round=577 market=1127 picks=7 ts=2026-03-23T19:30:27.770Z
[SCAN] interval error page.evaluate: TypeError: Failed to fetch
    at eval (eval at evaluate (:290:30), <anonymous>:2:28)
    at UtilityScript.evaluate (<anonymous>:292:16)
    at UtilityScript.<anonymous> (<anonymous>:1:44)
[SCAN] interval error page.evaluate: TypeError: Failed to fetch
    at eval (eval at evaluate (:290:30), <anonymous>:2:28)
    at UtilityScript.evaluate (<anonymous>:292:16)
    at UtilityScript.<anonymous> (<anonymous>:1:44)
[SCAN] interval error page.evaluate: TypeError: Failed to fetch
    at eval (eval at evaluate (:290:30), <anonymous>:2:28)
    at UtilityScript.evaluate (<anonymous>:292:16)
    at UtilityScript.<anonymous> (<anonymous>:1:44)
[SCAN] interval error page.evaluate: TypeError: Failed to fetch
    at eval (eval at evaluate (:290:30), <anonymous>:2:28)
    at UtilityScript.evaluate (<anonymous>:292:16)
    at UtilityScript.<anonymous> (<anonymous>:1:44)
[SCAN] interval error page.evaluate: TypeError: Failed to fetch
    at eval (eval at evaluate (:290:30), <anonymous>:2:28)
    at UtilityScript.evaluate (<anonymous>:292:16)
    at UtilityScript.<anonymous> (<anonymous>:1:44)
[SCAN] interval error page.evaluate: TypeError: Failed to fetch
    at eval (eval at evaluate (:290:30), <anonymous>:2:28)
    at UtilityScript.evaluate (<anonymous>:292:16)
    at UtilityScript.<anonymous> (<anonymous>:1:44)
[SCAN] interval error page.evaluate: TypeError: Failed to fetch
    at eval (eval at evaluate (:290:30), <anonymous>:2:28)
    at UtilityScript.evaluate (<anonymous>:292:16)
    at UtilityScript.<anonymous> (<anonymous>:1:44)
[SCAN] interval error page.evaluate: TypeError: Failed to fetch
    at eval (eval at evaluate (:290:30), <anonymous>:2:28)
    at UtilityScript.evaluate (<anonymous>:292:16)
    at UtilityScript.<anonymous> (<anonymous>:1:44)
[SCAN] interval error page.evaluate: TypeError: Failed to fetch
    at eval (eval at evaluate (:290:30), <anonymous>:2:28)
    at UtilityScript.evaluate (<anonymous>:292:16)
    at UtilityScript.<anonymous> (<anonymous>:1:44)
[SCAN] interval error page.evaluate: TypeError: Failed to fetch
    at eval (eval at evaluate (:290:30), <anonymous>:2:28)
    at UtilityScript.evaluate (<anonymous>:292:16)
    at UtilityScript.<anonymous> (<anonymous>:1:44)
[SCAN] interval error page.evaluate: TypeError: Failed to fetch
    at eval (eval at evaluate (:290:30), <anonymous>:2:28)
    at UtilityScript.evaluate (<anonymous>:292:16)
    at UtilityScript.<anonymous> (<anonymous>:1:44)
[SCAN] interval error page.evaluate: TypeError: Failed to fetch
    at eval (eval at evaluate (:290:30), <anonymous>:2:28)
    at UtilityScript.evaluate (<anonymous>:292:16)
    at UtilityScript.<anonymous> (<anonymous>:1:44)
[SCAN] interval error page.evaluate: TypeError: Failed to fetch
    at eval (eval at evaluate (:290:30), <anonymous>:2:28)
    at UtilityScript.evaluate (<anonymous>:292:16)
    at UtilityScript.<anonymous> (<anonymous>:1:44)
[SCAN] interval error page.evaluate: TypeError: Failed to fetch
    at eval (eval at evaluate (:290:30), <anonymous>:2:28)
    at UtilityScript.evaluate (<anonymous>:292:16)
    at UtilityScript.<anonymous> (<anonymous>:1:44)
[SCAN] interval error page.evaluate: TypeError: Failed to fetch
    at eval (eval at evaluate (:290:30), <anonymous>:2:28)
    at UtilityScript.evaluate (<anonymous>:292:16)
    at UtilityScript.<anonymous> (<anonymous>:1:44)
[SCAN] interval error page.evaluate: TypeError: Failed to fetch
    at eval (eval at evaluate (:290:30), <anonymous>:2:28)
    at UtilityScript.evaluate (<anonymous>:292:16)
    at UtilityScript.<anonymous> (<anonymous>:1:44)
[SCAN] interval error page.evaluate: TypeError: Failed to fetch
    at eval (eval at evaluate (:290:30), <anonymous>:2:28)
    at UtilityScript.evaluate (<anonymous>:292:16)
    at UtilityScript.<anonymous> (<anonymous>:1:44)
[SCAN] interval error page.evaluate: TypeError: Failed to fetch
    at eval (eval at evaluate (:290:30), <anonymous>:2:28)
    at UtilityScript.evaluate (<anonymous>:292:16)
    at UtilityScript.<anonymous> (<anonymous>:1:44)
[SCAN] interval error page.evaluate: TypeError: Failed to fetch
    at eval (eval at evaluate (:290:30), <anonymous>:2:28)
    at UtilityScript.evaluate (<anonymous>:292:16)
    at UtilityScript.<anonymous> (<anonymous>:1:44)
[SCAN] interval error page.evaluate: TypeError: Failed to fetch
    at eval (eval at evaluate (:290:30), <anonymous>:2:28)
    at UtilityScript.evaluate (<anonymous>:292:16)
    at UtilityScript.<anonymous> (<anonymous>:1:44)
[SCAN] interval error page.evaluate: TypeError: Failed to fetch
    at eval (eval at evaluate (:290:30), <anonymous>:2:28)
    at UtilityScript.evaluate (<anonymous>:292:16)
    at UtilityScript.<anonymous> (<anonymous>:1:44)
[SCAN] interval error page.evaluate: TypeError: Failed to fetch
    at eval (eval at evaluate (:290:30), <anonymous>:2:28)
    at UtilityScript.evaluate (<anonymous>:292:16)
    at UtilityScript.<anonymous> (<anonymous>:1:44)
[SCAN] interval error page.evaluate: TypeError: Failed to fetch
    at eval (eval at evaluate (:290:30), <anonymous>:2:28)
    at UtilityScript.evaluate (<anonymous>:292:16)
    at UtilityScript.<anonymous> (<anonymous>:1:44)
[SCAN] interval error page.evaluate: TypeError: Failed to fetch
    at eval (eval at evaluate (:290:30), <anonymous>:2:28)
    at UtilityScript.evaluate (<anonymous>:292:16)
    at UtilityScript.<anonymous> (<anonymous>:1:44)
[SCAN] interval error page.evaluate: TypeError: Failed to fetch
    at eval (eval at evaluate (:290:30), <anonymous>:2:28)
    at UtilityScript.evaluate (<anonymous>:292:16)
    at UtilityScript.<anonymous> (<anonymous>:1:44)
[SCAN] interval error page.evaluate: TypeError: Failed to fetch
    at eval (eval at evaluate (:290:30), <anonymous>:2:28)
    at UtilityScript.evaluate (<anonymous>:292:16)
    at UtilityScript.<anonymous> (<anonymous>:1:44)
[SCAN] interval error page.evaluate: TypeError: Failed to fetch
    at eval (eval at evaluate (:290:30), <anonymous>:2:28)
    at UtilityScript.evaluate (<anonymous>:292:16)
    at UtilityScript.<anonymous> (<anonymous>:1:44)
[SCAN] interval error page.evaluate: TypeError: Failed to fetch
    at eval (eval at evaluate (:290:30), <anonymous>:2:28)
    at UtilityScript.evaluate (<anonymous>:292:16)
    at UtilityScript.<anonymous> (<anonymous>:1:44)
[SCAN] interval error page.evaluate: TypeError: Failed to fetch
    at eval (eval at evaluate (:290:30), <anonymous>:2:28)
    at UtilityScript.evaluate (<anonymous>:292:16)
    at UtilityScript.<anonymous> (<anonymous>:1:44)
[SCAN] interval error page.evaluate: TypeError: Failed to fetch
    at eval (eval at evaluate (:290:30), <anonymous>:2:28)
    at UtilityScript.evaluate (<anonymous>:292:16)
    at UtilityScript.<anonymous> (<anonymous>:1:44)
[SCAN] interval error page.evaluate: TypeError: Failed to fetch
    at eval (eval at evaluate (:290:30), <anonymous>:2:28)
    at UtilityScript.evaluate (<anonymous>:292:16)
    at UtilityScript.<anonymous> (<anonymous>:1:44)
[SCAN] interval error page.evaluate: TypeError: Failed to fetch
    at eval (eval at evaluate (:290:30), <anonymous>:2:28)
    at UtilityScript.evaluate (<anonymous>:292:16)
    at UtilityScript.<anonymous> (<anonymous>:1:44)
[SCAN] interval error page.evaluate: TypeError: Failed to fetch
    at eval (eval at evaluate (:290:30), <anonymous>:2:28)
    at UtilityScript.evaluate (<anonymous>:292:16)
    at UtilityScript.<anonymous> (<anonymous>:1:44)
[SCAN] interval error page.evaluate: TypeError: Failed to fetch
    at eval (eval at evaluate (:290:30), <anonymous>:2:28)
    at UtilityScript.evaluate (<anonymous>:292:16)
    at UtilityScript.<anonymous> (<anonymous>:1:44)
[SCAN] interval error page.evaluate: TypeError: Failed to fetch
    at eval (eval at evaluate (:290:30), <anonymous>:2:28)
    at UtilityScript.evaluate (<anonymous>:292:16)
    at UtilityScript.<anonymous> (<anonymous>:1:44)
[SCAN] interval error page.evaluate: TypeError: Failed to fetch
    at eval (eval at evaluate (:290:30), <anonymous>:2:28)
    at UtilityScript.evaluate (<anonymous>:292:16)
    at UtilityScript.<anonymous> (<anonymous>:1:44)
[SCAN] interval error page.evaluate: TypeError: Failed to fetch
    at eval (eval at evaluate (:290:30), <anonymous>:2:28)
    at UtilityScript.evaluate (<anonymous>:292:16)
    at UtilityScript.<anonymous> (<anonymous>:1:44)
[SCAN] interval error page.evaluate: TypeError: Failed to fetch
    at eval (eval at evaluate (:290:30), <anonymous>:2:28)
    at UtilityScript.evaluate (<anonymous>:292:16)
    at UtilityScript.<anonymous> (<anonymous>:1:44)
[SCAN] interval error page.evaluate: TypeError: Failed to fetch
    at eval (eval at evaluate (:290:30), <anonymous>:2:28)
    at UtilityScript.evaluate (<anonymous>:292:16)
    at UtilityScript.<anonymous> (<anonymous>:1:44)
[SCAN] interval error page.evaluate: TypeError: Failed to fetch
    at eval (eval at evaluate (:290:30), <anonymous>:2:28)
    at UtilityScript.evaluate (<anonymous>:292:16)
    at UtilityScript.<anonymous> (<anonymous>:1:44)
[SCAN] interval error page.evaluate: TypeError: Failed to fetch
    at eval (eval at evaluate (:290:30), <anonymous>:2:28)
    at UtilityScript.evaluate (<anonymous>:292:16)
    at UtilityScript.<anonymous> (<anonymous>:1:44)
[SCAN] interval error page.evaluate: TypeError: Failed to fetch
    at eval (eval at evaluate (:290:30), <anonymous>:2:28)
    at UtilityScript.evaluate (<anonymous>:292:16)
    at UtilityScript.<anonymous> (<anonymous>:1:44)
[SCAN] interval error page.evaluate: TypeError: Failed to fetch
    at eval (eval at evaluate (:290:30), <anonymous>:2:28)
    at UtilityScript.evaluate (<anonymous>:292:16)
    at UtilityScript.<anonymous> (<anonymous>:1:44)
[SCAN] interval error page.evaluate: TypeError: Failed to fetch
    at eval (eval at evaluate (:290:30), <anonymous>:2:28)
    at UtilityScript.evaluate (<anonymous>:292:16)
    at UtilityScript.<anonymous> (<anonymous>:1:44)
[SCAN] interval error page.evaluate: TypeError: Failed to fetch
    at eval (eval at evaluate (:290:30), <anonymous>:2:28)
    at UtilityScript.evaluate (<anonymous>:292:16)
    at UtilityScript.<anonymous> (<anonymous>:1:44)
[SCAN] interval error page.evaluate: TypeError: Failed to fetch
    at eval (eval at evaluate (:290:30), <anonymous>:2:28)
    at UtilityScript.evaluate (<anonymous>:292:16)
    at UtilityScript.<anonymous> (<anonymous>:1:44)
[SCAN] interval error page.evaluate: TypeError: Failed to fetch
    at eval (eval at evaluate (:290:30), <anonymous>:2:28)
    at UtilityScript.evaluate (<anonymous>:292:16)
    at UtilityScript.<anonymous> (<anonymous>:1:44)
[SCAN] interval error page.evaluate: TypeError: Failed to fetch
    at eval (eval at evaluate (:290:30), <anonymous>:2:28)
    at UtilityScript.evaluate (<anonymous>:292:16)
    at UtilityScript.<anonymous> (<anonymous>:1:44)
[SCAN] interval error page.evaluate: TypeError: Failed to fetch
    at eval (eval at evaluate (:290:30), <anonymous>:2:28)
    at UtilityScript.evaluate (<anonymous>:292:16)
    at UtilityScript.<anonymous> (<anonymous>:1:44)
[SCAN] interval error page.evaluate: TypeError: Failed to fetch
    at eval (eval at evaluate (:290:30), <anonymous>:2:28)
    at UtilityScript.evaluate (<anonymous>:292:16)
    at UtilityScript.<anonymous> (<anonymous>:1:44)
[SCAN] interval error page.evaluate: TypeError: Failed to fetch
    at eval (eval at evaluate (:290:30), <anonymous>:2:28)
    at UtilityScript.evaluate (<anonymous>:292:16)
    at UtilityScript.<anonymous> (<anonymous>:1:44)
[SCAN] interval error page.evaluate: TypeError: Failed to fetch
    at eval (eval at evaluate (:290:30), <anonymous>:2:28)
    at UtilityScript.evaluate (<anonymous>:292:16)
    at UtilityScript.<anonymous> (<anonymous>:1:44)
[SCAN] interval error page.evaluate: TypeError: Failed to fetch
    at eval (eval at evaluate (:290:30), <anonymous>:2:28)
    at UtilityScript.evaluate (<anonymous>:292:16)
    at UtilityScript.<anonymous> (<anonymous>:1:44)
[SCAN] interval error page.evaluate: TypeError: Failed to fetch
    at eval (eval at evaluate (:290:30), <anonymous>:2:28)
    at UtilityScript.evaluate (<anonymous>:292:16)
    at UtilityScript.<anonymous> (<anonymous>:1:44)
[SCAN] interval error page.evaluate: TypeError: Failed to fetch
    at eval (eval at evaluate (:290:30), <anonymous>:2:28)
    at UtilityScript.evaluate (<anonymous>:292:16)
    at UtilityScript.<anonymous> (<anonymous>:1:44)
[SCAN] interval error page.evaluate: TypeError: Failed to fetch
    at eval (eval at evaluate (:290:30), <anonymous>:2:28)
    at UtilityScript.evaluate (<anonymous>:292:16)
    at UtilityScript.<anonymous> (<anonymous>:1:44)
[SCAN] interval error page.evaluate: TypeError: Failed to fetch
    at eval (eval at evaluate (:290:30), <anonymous>:2:28)
    at UtilityScript.evaluate (<anonymous>:292:16)
    at UtilityScript.<anonymous> (<anonymous>:1:44)
[SCAN] interval error page.evaluate: TypeError: Failed to fetch
    at eval (eval at evaluate (:290:30), <anonymous>:2:28)
    at UtilityScript.evaluate (<anonymous>:292:16)
    at UtilityScript.<anonymous> (<anonymous>:1:44)
[SCAN] interval error page.evaluate: TypeError: Failed to fetch
    at eval (eval at evaluate (:290:30), <anonymous>:2:28)
    at UtilityScript.evaluate (<anonymous>:292:16)
    at UtilityScript.<anonymous> (<anonymous>:1:44)
[SCAN] interval error page.evaluate: TypeError: Failed to fetch
    at eval (eval at evaluate (:290:30), <anonymous>:2:28)
    at UtilityScript.evaluate (<anonymous>:292:16)
    at UtilityScript.<anonymous> (<anonymous>:1:44)
[SCAN] interval error page.evaluate: TypeError: Failed to fetch
    at eval (eval at evaluate (:290:30), <anonymous>:2:28)
    at UtilityScript.evaluate (<anonymous>:292:16)
    at UtilityScript.<anonymous> (<anonymous>:1:44)
[SCAN] interval error page.evaluate: TypeError: Failed to fetch
    at eval (eval at evaluate (:290:30), <anonymous>:2:28)
    at UtilityScript.evaluate (<anonymous>:292:16)
    at UtilityScript.<anonymous> (<anonymous>:1:44)
[SCAN] interval error page.evaluate: TypeError: Failed to fetch
    at eval (eval at evaluate (:290:30), <anonymous>:2:28)
    at UtilityScript.evaluate (<anonymous>:292:16)
    at UtilityScript.<anonymous> (<anonymous>:1:44)
[SCAN] interval error page.evaluate: TypeError: Failed to fetch
    at eval (eval at evaluate (:290:30), <anonymous>:2:28)
    at UtilityScript.evaluate (<anonymous>:292:16)
    at UtilityScript.<anonymous> (<anonymous>:1:44)
[SCAN] interval error page.evaluate: TypeError: Failed to fetch
    at eval (eval at evaluate (:290:30), <anonymous>:2:28)
    at UtilityScript.evaluate (<anonymous>:292:16)
    at UtilityScript.<anonymous> (<anonymous>:1:44)
[SCAN] interval error page.evaluate: TypeError: Failed to fetch
    at eval (eval at evaluate (:290:30), <anonymous>:2:28)
    at UtilityScript.evaluate (<anonymous>:292:16)
    at UtilityScript.<anonymous> (<anonymous>:1:44)
[SCAN] interval error page.evaluate: TypeError: Failed to fetch
    at eval (eval at evaluate (:290:30), <anonymous>:2:28)
    at UtilityScript.evaluate (<anonymous>:292:16)
    at UtilityScript.<anonymous> (<anonymous>:1:44)
[SCAN] interval error page.evaluate: TypeError: Failed to fetch
    at eval (eval at evaluate (:290:30), <anonymous>:2:28)
    at UtilityScript.evaluate (<anonymous>:292:16)
    at UtilityScript.<anonymous> (<anonymous>:1:44)
[SCAN] interval error page.evaluate: TypeError: Failed to fetch
    at eval (eval at evaluate (:290:30), <anonymous>:2:28)
    at UtilityScript.evaluate (<anonymous>:292:16)
    at UtilityScript.<anonymous> (<anonymous>:1:44)
[SCAN] interval error page.evaluate: TypeError: Failed to fetch
    at eval (eval at evaluate (:290:30), <anonymous>:2:28)
    at UtilityScript.evaluate (<anonymous>:292:16)
    at UtilityScript.<anonymous> (<anonymous>:1:44)
[SCAN] interval error page.evaluate: TypeError: Failed to fetch
    at eval (eval at evaluate (:290:30), <anonymous>:2:28)
    at UtilityScript.evaluate (<anonymous>:292:16)
    at UtilityScript.<anonymous> (<anonymous>:1:44)
[SCAN] interval error page.evaluate: TypeError: Failed to fetch
    at eval (eval at evaluate (:290:30), <anonymous>:2:28)
    at UtilityScript.evaluate (<anonymous>:292:16)
    at UtilityScript.<anonymous> (<anonymous>:1:44)
[SCAN] interval error page.evaluate: TypeError: Failed to fetch
    at eval (eval at evaluate (:290:30), <anonymous>:2:28)
    at UtilityScript.evaluate (<anonymous>:292:16)
    at UtilityScript.<anonymous> (<anonymous>:1:44)
[SCAN] interval error page.evaluate: TypeError: Failed to fetch
    at eval (eval at evaluate (:290:30), <anonymous>:2:28)
    at UtilityScript.evaluate (<anonymous>:292:16)
    at UtilityScript.<anonymous> (<anonymous>:1:44)
[SCAN] interval error page.evaluate: TypeError: Failed to fetch
    at eval (eval at evaluate (:290:30), <anonymous>:2:28)
    at UtilityScript.evaluate (<anonymous>:292:16)
    at UtilityScript.<anonymous> (<anonymous>:1:44)
[SCAN] interval error page.evaluate: TypeError: Failed to fetch
    at eval (eval at evaluate (:290:30), <anonymous>:2:28)
    at UtilityScript.evaluate (<anonymous>:292:16)
    at UtilityScript.<anonymous> (<anonymous>:1:44)
[SCAN] interval error page.evaluate: TypeError: Failed to fetch
    at eval (eval at evaluate (:290:30), <anonymous>:2:28)
    at UtilityScript.evaluate (<anonymous>:292:16)
    at UtilityScript.<anonymous> (<anonymous>:1:44)
[SCAN] interval error page.evaluate: TypeError: Failed to fetch
    at eval (eval at evaluate (:290:30), <anonymous>:2:28)
    at UtilityScript.evaluate (<anonymous>:292:16)
    at UtilityScript.<anonymous> (<anonymous>:1:44)
[SCAN] interval error page.evaluate: TypeError: Failed to fetch
    at eval (eval at evaluate (:290:30), <anonymous>:2:28)
    at UtilityScript.evaluate (<anonymous>:292:16)
    at UtilityScript.<anonymous> (<anonymous>:1:44)
[SCAN] interval error page.evaluate: TypeError: Failed to fetch
    at eval (eval at evaluate (:290:30), <anonymous>:2:28)
    at UtilityScript.evaluate (<anonymous>:292:16)
    at UtilityScript.<anonymous> (<anonymous>:1:44)
[SCAN] interval error page.evaluate: TypeError: Failed to fetch
    at eval (eval at evaluate (:290:30), <anonymous>:2:28)
    at UtilityScript.evaluate (<anonymous>:292:16)
    at UtilityScript.<anonymous> (<anonymous>:1:44)
[SCAN] interval error page.evaluate: TypeError: Failed to fetch
    at eval (eval at evaluate (:290:30), <anonymous>:2:28)
    at UtilityScript.evaluate (<anonymous>:292:16)
    at UtilityScript.<anonymous> (<anonymous>:1:44)
[SCAN] interval error page.evaluate: TypeError: Failed to fetch
    at eval (eval at evaluate (:290:30), <anonymous>:2:28)
    at UtilityScript.evaluate (<anonymous>:292:16)
    at UtilityScript.<anonymous> (<anonymous>:1:44)
[SCAN] interval error page.evaluate: TypeError: Failed to fetch
    at eval (eval at evaluate (:290:30), <anonymous>:2:28)
    at UtilityScript.evaluate (<anonymous>:292:16)
    at UtilityScript.<anonymous> (<anonymous>:1:44)
[SCAN] interval error page.evaluate: TypeError: Failed to fetch
    at eval (eval at evaluate (:290:30), <anonymous>:2:28)
    at UtilityScript.evaluate (<anonymous>:292:16)
    at UtilityScript.<anonymous> (<anonymous>:1:44)
[SCAN] interval error page.evaluate: TypeError: Failed to fetch
    at eval (eval at evaluate (:290:30), <anonymous>:2:28)
    at UtilityScript.evaluate (<anonymous>:292:16)
    at UtilityScript.<anonymous> (<anonymous>:1:44)
[SCAN] interval error page.evaluate: TypeError: Failed to fetch
    at eval (eval at evaluate (:290:30), <anonymous>:2:28)
    at UtilityScript.evaluate (<anonymous>:292:16)
    at UtilityScript.<anonymous> (<anonymous>:1:44)
[SCAN] interval error page.evaluate: TypeError: Failed to fetch
    at eval (eval at evaluate (:290:30), <anonymous>:2:28)
    at UtilityScript.evaluate (<anonymous>:292:16)
    at UtilityScript.<anonymous> (<anonymous>:1:44)
[SCAN] interval error page.evaluate: TypeError: Failed to fetch
    at eval (eval at evaluate (:290:30), <anonymous>:2:28)
    at UtilityScript.evaluate (<anonymous>:292:16)
    at UtilityScript.<anonymous> (<anonymous>:1:44)
[SCAN] interval error page.evaluate: TypeError: Failed to fetch
    at eval (eval at evaluate (:290:30), <anonymous>:2:28)
    at UtilityScript.evaluate (<anonymous>:292:16)
    at UtilityScript.<anonymous> (<anonymous>:1:44)
[SCAN] interval error page.evaluate: TypeError: Failed to fetch
    at eval (eval at evaluate (:290:30), <anonymous>:2:28)
    at UtilityScript.evaluate (<anonymous>:292:16)
    at UtilityScript.<anonymous> (<anonymous>:1:44)
[SCAN] interval error page.evaluate: TypeError: Failed to fetch
    at eval (eval at evaluate (:290:30), <anonymous>:2:28)
    at UtilityScript.evaluate (<anonymous>:292:16)
    at UtilityScript.<anonymous> (<anonymous>:1:44)
[SCAN] interval error page.evaluate: TypeError: Failed to fetch
    at eval (eval at evaluate (:290:30), <anonymous>:2:28)
    at UtilityScript.evaluate (<anonymous>:292:16)
    at UtilityScript.<anonymous> (<anonymous>:1:44)
[SCAN] interval error page.evaluate: TypeError: Failed to fetch
    at eval (eval at evaluate (:290:30), <anonymous>:2:28)
    at UtilityScript.evaluate (<anonymous>:292:16)
    at UtilityScript.<anonymous> (<anonymous>:1:44)
[SCAN] interval error page.evaluate: TypeError: Failed to fetch
    at eval (eval at evaluate (:290:30), <anonymous>:2:28)
    at UtilityScript.evaluate (<anonymous>:292:16)
    at UtilityScript.<anonymous> (<anonymous>:1:44)
[SCAN] interval error page.evaluate: TypeError: Failed to fetch
    at eval (eval at evaluate (:290:30), <anonymous>:2:28)
    at UtilityScript.evaluate (<anonymous>:292:16)
    at UtilityScript.<anonymous> (<anonymous>:1:44)
[SCAN] interval error page.evaluate: TypeError: Failed to fetch
    at eval (eval at evaluate (:290:30), <anonymous>:2:28)
    at UtilityScript.evaluate (<anonymous>:292:16)
    at UtilityScript.<anonymous> (<anonymous>:1:44)
[SCAN] interval error page.evaluate: TypeError: Failed to fetch
    at eval (eval at evaluate (:290:30), <anonymous>:2:28)
    at UtilityScript.evaluate (<anonymous>:292:16)
    at UtilityScript.<anonymous> (<anonymous>:1:44)
[SCAN] interval error page.evaluate: TypeError: Failed to fetch
    at eval (eval at evaluate (:290:30), <anonymous>:2:28)
    at UtilityScript.evaluate (<anonymous>:292:16)
    at UtilityScript.<anonymous> (<anonymous>:1:44)
[SCAN] interval error page.evaluate: TypeError: Failed to fetch
    at eval (eval at evaluate (:290:30), <anonymous>:2:28)
    at UtilityScript.evaluate (<anonymous>:292:16)
    at UtilityScript.<anonymous> (<anonymous>:1:44)
[SCAN] interval error page.evaluate: TypeError: Failed to fetch
    at eval (eval at evaluate (:290:30), <anonymous>:2:28)
    at UtilityScript.evaluate (<anonymous>:292:16)
    at UtilityScript.<anonymous> (<anonymous>:1:44)
[SCAN] interval error page.evaluate: TypeError: Failed to fetch
    at eval (eval at evaluate (:290:30), <anonymous>:2:28)
    at UtilityScript.evaluate (<anonymous>:292:16)
    at UtilityScript.<anonymous> (<anonymous>:1:44)
[SCAN] interval error page.evaluate: TypeError: Failed to fetch
    at eval (eval at evaluate (:290:30), <anonymous>:2:28)
    at UtilityScript.evaluate (<anonymous>:292:16)
    at UtilityScript.<anonymous> (<anonymous>:1:44)
[SCAN] interval error page.evaluate: TypeError: Failed to fetch
    at eval (eval at evaluate (:290:30), <anonymous>:2:28)
    at UtilityScript.evaluate (<anonymous>:292:16)
    at UtilityScript.<anonymous> (<anonymous>:1:44)
[SCAN] interval error page.evaluate: TypeError: Failed to fetch
    at eval (eval at evaluate (:290:30), <anonymous>:2:28)
    at UtilityScript.evaluate (<anonymous>:292:16)
    at UtilityScript.<anonymous> (<anonymous>:1:44)
[SCAN] interval error page.evaluate: TypeError: Failed to fetch
    at eval (eval at evaluate (:290:30), <anonymous>:2:28)
    at UtilityScript.evaluate (<anonymous>:292:16)
    at UtilityScript.<anonymous> (<anonymous>:1:44)
[SCAN] interval error page.evaluate: TypeError: Failed to fetch
    at eval (eval at evaluate (:290:30), <anonymous>:2:28)
    at UtilityScript.evaluate (<anonymous>:292:16)
    at UtilityScript.<anonymous> (<anonymous>:1:44)
[SCAN] interval error page.evaluate: TypeError: Failed to fetch
    at eval (eval at evaluate (:290:30), <anonymous>:2:28)
    at UtilityScript.evaluate (<anonymous>:292:16)
    at UtilityScript.<anonymous> (<anonymous>:1:44)
[SCAN] interval error page.evaluate: TypeError: Failed to fetch
    at eval (eval at evaluate (:290:30), <anonymous>:2:28)
    at UtilityScript.evaluate (<anonymous>:292:16)
    at UtilityScript.<anonymous> (<anonymous>:1:44)
[SCAN] interval error page.evaluate: TypeError: Failed to fetch
    at eval (eval at evaluate (:290:30), <anonymous>:2:28)
    at UtilityScript.evaluate (<anonymous>:292:16)
    at UtilityScript.<anonymous> (<anonymous>:1:44)
[SCAN] interval error page.evaluate: TypeError: Failed to fetch
    at eval (eval at evaluate (:290:30), <anonymous>:2:28)
    at UtilityScript.evaluate (<anonymous>:292:16)
    at UtilityScript.<anonymous> (<anonymous>:1:44)
[SCAN] interval error page.evaluate: TypeError: Failed to fetch
    at eval (eval at evaluate (:290:30), <anonymous>:2:28)
    at UtilityScript.evaluate (<anonymous>:292:16)
    at UtilityScript.<anonymous> (<anonymous>:1:44)
[SCAN] interval error page.evaluate: TypeError: Failed to fetch
    at eval (eval at evaluate (:290:30), <anonymous>:2:28)
    at UtilityScript.evaluate (<anonymous>:292:16)
    at UtilityScript.<anonymous> (<anonymous>:1:44)
[SCAN] interval error page.evaluate: TypeError: Failed to fetch
    at eval (eval at evaluate (:290:30), <anonymous>:2:28)
    at UtilityScript.evaluate (<anonymous>:292:16)
    at UtilityScript.<anonymous> (<anonymous>:1:44)
[SCAN] interval error page.evaluate: TypeError: Failed to fetch
    at eval (eval at evaluate (:290:30), <anonymous>:2:28)
    at UtilityScript.evaluate (<anonymous>:292:16)
    at UtilityScript.<anonymous> (<anonymous>:1:44)
[SCAN] interval error page.evaluate: TypeError: Failed to fetch
    at eval (eval at evaluate (:290:30), <anonymous>:2:28)
    at UtilityScript.evaluate (<anonymous>:292:16)
    at UtilityScript.<anonymous> (<anonymous>:1:44)
[SCAN] interval error page.evaluate: TypeError: Failed to fetch
    at eval (eval at evaluate (:290:30), <anonymous>:2:28)
    at UtilityScript.evaluate (<anonymous>:292:16)
    at UtilityScript.<anonymous> (<anonymous>:1:44)
[SCAN] interval error page.evaluate: TypeError: Failed to fetch
    at eval (eval at evaluate (:290:30), <anonymous>:2:28)
    at UtilityScript.evaluate (<anonymous>:292:16)
    at UtilityScript.<anonymous> (<anonymous>:1:44)
[SCAN] interval error page.evaluate: TypeError: Failed to fetch
    at eval (eval at evaluate (:290:30), <anonymous>:2:28)
    at UtilityScript.evaluate (<anonymous>:292:16)
    at UtilityScript.<anonymous> (<anonymous>:1:44)
[SCAN] interval error page.evaluate: TypeError: Failed to fetch
    at eval (eval at evaluate (:290:30), <anonymous>:2:28)
    at UtilityScript.evaluate (<anonymous>:292:16)
    at UtilityScript.<anonymous> (<anonymous>:1:44)
[SCAN] interval error page.evaluate: TypeError: Failed to fetch
    at eval (eval at evaluate (:290:30), <anonymous>:2:28)
    at UtilityScript.evaluate (<anonymous>:292:16)
    at UtilityScript.<anonymous> (<anonymous>:1:44)
[SCAN] interval error page.evaluate: TypeError: Failed to fetch
    at eval (eval at evaluate (:290:30), <anonymous>:2:28)
    at UtilityScript.evaluate (<anonymous>:292:16)
    at UtilityScript.<anonymous> (<anonymous>:1:44)
[SCAN] interval error page.evaluate: TypeError: Failed to fetch
    at eval (eval at evaluate (:290:30), <anonymous>:2:28)
    at UtilityScript.evaluate (<anonymous>:292:16)
    at UtilityScript.<anonymous> (<anonymous>:1:44)
[SCAN] interval error page.evaluate: TypeError: Failed to fetch
    at eval (eval at evaluate (:290:30), <anonymous>:2:28)
    at UtilityScript.evaluate (<anonymous>:292:16)
    at UtilityScript.<anonymous> (<anonymous>:1:44)
[SCAN] interval error page.evaluate: TypeError: Failed to fetch
    at eval (eval at evaluate (:290:30), <anonymous>:2:28)
    at UtilityScript.evaluate (<anonymous>:292:16)
    at UtilityScript.<anonymous> (<anonymous>:1:44)
[SCAN] interval error page.evaluate: TypeError: Failed to fetch
    at eval (eval at evaluate (:290:30), <anonymous>:2:28)
    at UtilityScript.evaluate (<anonymous>:292:16)
    at UtilityScript.<anonymous> (<anonymous>:1:44)
[SCAN] interval error page.evaluate: TypeError: Failed to fetch
    at eval (eval at evaluate (:290:30), <anonymous>:2:28)
    at UtilityScript.evaluate (<anonymous>:292:16)
    at UtilityScript.<anonymous> (<anonymous>:1:44)
[SCAN] interval error page.evaluate: TypeError: Failed to fetch
    at eval (eval at evaluate (:290:30), <anonymous>:2:28)
    at UtilityScript.evaluate (<anonymous>:292:16)
    at UtilityScript.<anonymous> (<anonymous>:1:44)
[SCAN] interval error page.evaluate: TypeError: Failed to fetch
    at eval (eval at evaluate (:290:30), <anonymous>:2:28)
    at UtilityScript.evaluate (<anonymous>:292:16)
    at UtilityScript.<anonymous> (<anonymous>:1:44)
[SCAN] interval error page.evaluate: TypeError: Failed to fetch
    at eval (eval at evaluate (:290:30), <anonymous>:2:28)
    at UtilityScript.evaluate (<anonymous>:292:16)
    at UtilityScript.<anonymous> (<anonymous>:1:44)
[SCAN] interval error page.evaluate: TypeError: Failed to fetch
    at eval (eval at evaluate (:290:30), <anonymous>:2:28)
    at UtilityScript.evaluate (<anonymous>:292:16)
    at UtilityScript.<anonymous> (<anonymous>:1:44)
[SCAN] interval error page.evaluate: TypeError: Failed to fetch
    at eval (eval at evaluate (:290:30), <anonymous>:2:28)
    at UtilityScript.evaluate (<anonymous>:292:16)
    at UtilityScript.<anonymous> (<anonymous>:1:44)
[SCAN] interval error page.evaluate: TypeError: Failed to fetch
    at eval (eval at evaluate (:290:30), <anonymous>:2:28)
    at UtilityScript.evaluate (<anonymous>:292:16)
    at UtilityScript.<anonymous> (<anonymous>:1:44)
[SCAN] interval error page.evaluate: TypeError: Failed to fetch
    at eval (eval at evaluate (:290:30), <anonymous>:2:28)
    at UtilityScript.evaluate (<anonymous>:292:16)
    at UtilityScript.<anonymous> (<anonymous>:1:44)
[SCAN] interval error page.evaluate: TypeError: Failed to fetch
    at eval (eval at evaluate (:290:30), <anonymous>:2:28)
    at UtilityScript.evaluate (<anonymous>:292:16)
    at UtilityScript.<anonymous> (<anonymous>:1:44)
[SCAN] interval error page.evaluate: TypeError: Failed to fetch
    at eval (eval at evaluate (:290:30), <anonymous>:2:28)
    at UtilityScript.evaluate (<anonymous>:292:16)
    at UtilityScript.<anonymous> (<anonymous>:1:44)
[SCAN] interval error page.evaluate: TypeError: Failed to fetch
    at eval (eval at evaluate (:290:30), <anonymous>:2:28)
    at UtilityScript.evaluate (<anonymous>:292:16)
    at UtilityScript.<anonymous> (<anonymous>:1:44)
[SCAN] interval error page.evaluate: TypeError: Failed to fetch
    at eval (eval at evaluate (:290:30), <anonymous>:2:28)
    at UtilityScript.evaluate (<anonymous>:292:16)
    at UtilityScript.<anonymous> (<anonymous>:1:44)
[SCAN] interval error page.evaluate: TypeError: Failed to fetch
    at eval (eval at evaluate (:290:30), <anonymous>:2:28)
    at UtilityScript.evaluate (<anonymous>:292:16)
    at UtilityScript.<anonymous> (<anonymous>:1:44)
[SCAN] interval error page.evaluate: TypeError: Failed to fetch
    at eval (eval at evaluate (:290:30), <anonymous>:2:28)
    at UtilityScript.evaluate (<anonymous>:292:16)
    at UtilityScript.<anonymous> (<anonymous>:1:44)
[SCAN] interval error page.evaluate: TypeError: Failed to fetch
    at eval (eval at evaluate (:290:30), <anonymous>:2:28)
    at UtilityScript.evaluate (<anonymous>:292:16)
    at UtilityScript.<anonymous> (<anonymous>:1:44)
[SCAN] interval error page.evaluate: TypeError: Failed to fetch
    at eval (eval at evaluate (:290:30), <anonymous>:2:28)
    at UtilityScript.evaluate (<anonymous>:292:16)
    at UtilityScript.<anonymous> (<anonymous>:1:44)
[SCAN] interval error page.evaluate: TypeError: Failed to fetch
    at eval (eval at evaluate (:290:30), <anonymous>:2:28)
    at UtilityScript.evaluate (<anonymous>:292:16)
    at UtilityScript.<anonymous> (<anonymous>:1:44)
[SCAN] interval error page.evaluate: TypeError: Failed to fetch
    at eval (eval at evaluate (:290:30), <anonymous>:2:28)
    at UtilityScript.evaluate (<anonymous>:292:16)
    at UtilityScript.<anonymous> (<anonymous>:1:44)
[SCAN] interval error page.evaluate: TypeError: Failed to fetch
    at eval (eval at evaluate (:290:30), <anonymous>:2:28)
    at UtilityScript.evaluate (<anonymous>:292:16)
    at UtilityScript.<anonymous> (<anonymous>:1:44)
[SCAN] interval error page.evaluate: TypeError: Failed to fetch
    at eval (eval at evaluate (:290:30), <anonymous>:2:28)
    at UtilityScript.evaluate (<anonymous>:292:16)
    at UtilityScript.<anonymous> (<anonymous>:1:44)
[SCAN] interval error page.evaluate: TypeError: Failed to fetch
    at eval (eval at evaluate (:290:30), <anonymous>:2:28)
    at UtilityScript.evaluate (<anonymous>:292:16)
    at UtilityScript.<anonymous> (<anonymous>:1:44)
[SCAN] interval error page.evaluate: TypeError: Failed to fetch
    at eval (eval at evaluate (:290:30), <anonymous>:2:28)
    at UtilityScript.evaluate (<anonymous>:292:16)
    at UtilityScript.<anonymous> (<anonymous>:1:44)
[SCAN] interval error page.evaluate: TypeError: Failed to fetch
    at eval (eval at evaluate (:290:30), <anonymous>:2:28)
    at UtilityScript.evaluate (<anonymous>:292:16)
    at UtilityScript.<anonymous> (<anonymous>:1:44)
[SCAN] interval error page.evaluate: TypeError: Failed to fetch
    at eval (eval at evaluate (:290:30), <anonymous>:2:28)
    at UtilityScript.evaluate (<anonymous>:292:16)
    at UtilityScript.<anonymous> (<anonymous>:1:44)
[SCAN] interval error page.evaluate: TypeError: Failed to fetch
    at eval (eval at evaluate (:290:30), <anonymous>:2:28)
    at UtilityScript.evaluate (<anonymous>:292:16)
    at UtilityScript.<anonymous> (<anonymous>:1:44)
[SCAN] interval error page.evaluate: TypeError: Failed to fetch
    at eval (eval at evaluate (:290:30), <anonymous>:2:28)
    at UtilityScript.evaluate (<anonymous>:292:16)
    at UtilityScript.<anonymous> (<anonymous>:1:44)
[SCAN] interval error page.evaluate: TypeError: Failed to fetch
    at eval (eval at evaluate (:290:30), <anonymous>:2:28)
    at UtilityScript.evaluate (<anonymous>:292:16)
    at UtilityScript.<anonymous> (<anonymous>:1:44)
[SCAN] interval error page.evaluate: TypeError: Failed to fetch
    at eval (eval at evaluate (:290:30), <anonymous>:2:28)
    at UtilityScript.evaluate (<anonymous>:292:16)
    at UtilityScript.<anonymous> (<anonymous>:1:44)
[SCAN] interval error page.evaluate: TypeError: Failed to fetch
    at eval (eval at evaluate (:290:30), <anonymous>:2:28)
    at UtilityScript.evaluate (<anonymous>:292:16)
    at UtilityScript.<anonymous> (<anonymous>:1:44)
[SCAN] interval error page.evaluate: TypeError: Failed to fetch
    at eval (eval at evaluate (:290:30), <anonymous>:2:28)
    at UtilityScript.evaluate (<anonymous>:292:16)
    at UtilityScript.<anonymous> (<anonymous>:1:44)
[SCAN] interval error browserType.launch: Timeout 180000ms exceeded.
Call log:
  - <launching> /Users/yanlinwei.vendor/Library/Caches/ms-playwright/chromium_headless_shell-1208/chrome-headless-shell-mac-arm64/chrome-headless-shell --disable-field-trial-config --disable-background-networking --disable-background-timer-throttling --disable-backgrounding-occluded-windows --disable-back-forward-cache --disable-breakpad --disable-client-side-phishing-detection --disable-component-extensions-with-background-pages --disable-component-update --no-default-browser-check --disable-default-apps --disable-dev-shm-usage --disable-extensions --disable-features=AvoidUnnecessaryBeforeUnloadCheckSync,BoundaryEventDispatchTracksNodeRemoval,DestroyProfileOnBrowserClose,DialMediaRouteProvider,GlobalMediaControls,HttpsUpgrades,LensOverlay,MediaRouter,PaintHolding,ThirdPartyStoragePartitioning,Translate,AutoDeElevate,RenderDocument,OptimizationHints --enable-features=CDPScreenshotNewSurface --allow-pre-commit-input --disable-hang-monitor --disable-ipc-flooding-protection --disable-popup-blocking --disable-prompt-on-repost --disable-renderer-backgrounding --force-color-profile=srgb --metrics-recording-only --no-first-run --password-store=basic --use-mock-keychain --no-service-autorun --export-tagged-pdf --disable-search-engine-choice-screen --unsafely-disable-devtools-self-xss-warnings --edge-skip-compat-layer-relaunch --enable-automation --disable-infobars --disable-search-engine-choice-screen --disable-sync --headless --hide-scrollbars --mute-audio --blink-settings=primaryHoverType=2,availableHoverTypes=2,primaryPointerType=4,availablePointerTypes=4 --no-sandbox --user-data-dir=/var/folders/c4/x7h5zd6932v97rh4kv3pqpy9hlmy0q/T/playwright_chromiumdev_profile-RKThAC --remote-debugging-pipe --no-startup-window
  - <launched> pid=8672

[SCAN] interval error page.evaluate: TypeError: Failed to fetch
    at eval (eval at evaluate (:290:30), <anonymous>:2:28)
    at UtilityScript.evaluate (<anonymous>:292:16)
    at UtilityScript.<anonymous> (<anonymous>:1:44)
[SCAN] interval error page.evaluate: TypeError: Failed to fetch
    at eval (eval at evaluate (:290:30), <anonymous>:2:28)
    at UtilityScript.evaluate (<anonymous>:292:16)
    at UtilityScript.<anonymous> (<anonymous>:1:44)
[SCAN] interval error page.evaluate: TypeError: Failed to fetch
    at eval (eval at evaluate (:290:30), <anonymous>:2:28)
    at UtilityScript.evaluate (<anonymous>:292:16)
    at UtilityScript.<anonymous> (<anonymous>:1:44)
[SCAN] interval error page.evaluate: TypeError: Failed to fetch
    at eval (eval at evaluate (:290:30), <anonymous>:2:28)
    at UtilityScript.evaluate (<anonymous>:292:16)
    at UtilityScript.<anonymous> (<anonymous>:1:44)
[EMAPI] page=1 rows=100 kept=30 total=30
[EMAPI] page=2 rows=100 kept=29 total=59
[EMAPI] page=3 rows=100 kept=37 total=96
[EMAPI] page=4 rows=100 kept=24 total=120
[EMAPI] page=5 rows=100 kept=26 total=145
[EMAPI] page=6 rows=100 kept=30 total=174
[EMAPI] page=7 rows=100 kept=29 total=202
[EMAPI] page=8 rows=100 kept=36 total=227
[EMAPI] page=9 rows=100 kept=27 total=253
[EMAPI] page=10 rows=100 kept=40 total=288
[EMAPI] page=11 rows=100 kept=33 total=316
[EMAPI] page=12 rows=100 kept=35 total=346
[EMAPI] page=13 rows=100 kept=32 total=373
[EMAPI] page=14 rows=100 kept=32 total=400
[EMAPI] page=15 rows=100 kept=32 total=430
[EMAPI] page=16 rows=100 kept=25 total=451
[EMAPI] page=17 rows=100 kept=39 total=487
[EMAPI] page=18 rows=100 kept=39 total=524
[EMAPI] page=19 rows=100 kept=29 total=550
[EMAPI] page=20 rows=100 kept=33 total=578
[EMAPI] page=21 rows=100 kept=33 total=604
[EMAPI] page=22 rows=100 kept=33 total=631
[EMAPI] page=23 rows=100 kept=41 total=667
[EMAPI] page=24 rows=100 kept=29 total=694
[EMAPI] page=25 rows=100 kept=34 total=725
[SCAN] round=578 market=725 picks=0 ts=2026-03-24T01:33:25.834Z
[EMAPI] page=1 rows=100 kept=31 total=31
[EMAPI] page=2 rows=100 kept=24 total=55
[EMAPI] page=3 rows=100 kept=35 total=90
[EMAPI] page=4 rows=100 kept=25 total=115
[EMAPI] page=5 rows=100 kept=35 total=149
[EMAPI] page=6 rows=100 kept=32 total=181
[EMAPI] page=7 rows=100 kept=28 total=206
[EMAPI] page=8 rows=100 kept=28 total=233
[EMAPI] page=9 rows=100 kept=33 total=262
[EMAPI] page=10 rows=100 kept=35 total=297
[EMAPI] page=11 rows=100 kept=31 total=323
[EMAPI] page=12 rows=100 kept=26 total=348
[EMAPI] page=13 rows=100 kept=32 total=379
[EMAPI] page=14 rows=100 kept=31 total=407
[EMAPI] page=15 rows=100 kept=36 total=443
[EMAPI] page=16 rows=100 kept=25 total=467
[EMAPI] page=17 rows=100 kept=36 total=498
[EMAPI] page=18 rows=100 kept=32 total=527
[EMAPI] page=19 rows=100 kept=33 total=559
[EMAPI] page=20 rows=100 kept=44 total=598
[EMAPI] page=21 rows=100 kept=36 total=621
[EMAPI] page=22 rows=100 kept=34 total=654
[EMAPI] page=23 rows=100 kept=30 total=683
[EMAPI] page=24 rows=100 kept=32 total=712
[EMAPI] page=25 rows=100 kept=44 total=745
[SCAN] round=579 market=745 picks=0 ts=2026-03-24T01:34:26.373Z
[EMAPI] page=1 rows=100 kept=35 total=35
[EMAPI] page=2 rows=100 kept=35 total=70
[EMAPI] page=3 rows=100 kept=25 total=95
[EMAPI] page=4 rows=100 kept=39 total=134
[EMAPI] page=5 rows=100 kept=37 total=169
[EMAPI] page=6 rows=100 kept=34 total=199
[EMAPI] page=7 rows=100 kept=29 total=228
[EMAPI] page=8 rows=100 kept=37 total=263
[EMAPI] page=9 rows=100 kept=33 total=287
[EMAPI] page=10 rows=100 kept=31 total=313
[EMAPI] page=11 rows=100 kept=30 total=338
[EMAPI] page=12 rows=100 kept=31 total=366
[EMAPI] page=13 rows=100 kept=32 total=398
[EMAPI] page=14 rows=100 kept=38 total=432
[EMAPI] page=15 rows=100 kept=38 total=469
[EMAPI] page=16 rows=100 kept=42 total=510
[EMAPI] page=17 rows=100 kept=22 total=532
[EMAPI] page=18 rows=100 kept=33 total=565
[EMAPI] page=19 rows=100 kept=45 total=609
[EMAPI] page=20 rows=100 kept=32 total=640
[EMAPI] page=21 rows=100 kept=37 total=669
[EMAPI] page=22 rows=100 kept=30 total=695
[EMAPI] page=23 rows=100 kept=23 total=715
[EMAPI] page=24 rows=100 kept=39 total=751
[EMAPI] page=25 rows=100 kept=34 total=783
[SCAN] round=580 market=783 picks=0 ts=2026-03-24T01:35:26.431Z
[EMAPI] page=1 rows=100 kept=32 total=32
[EMAPI] page=2 rows=100 kept=39 total=70
[EMAPI] page=3 rows=100 kept=35 total=105
[EMAPI] page=4 rows=100 kept=37 total=136
[EMAPI] page=5 rows=100 kept=28 total=163
[EMAPI] page=6 rows=100 kept=42 total=202
[EMAPI] page=7 rows=100 kept=38 total=237
[EMAPI] page=8 rows=100 kept=35 total=267
[EMAPI] page=9 rows=100 kept=32 total=295
[EMAPI] page=10 rows=100 kept=28 total=323
[EMAPI] page=11 rows=100 kept=39 total=357
[EMAPI] page=12 rows=100 kept=32 total=387
[EMAPI] page=13 rows=100 kept=40 total=422
[EMAPI] page=14 rows=100 kept=39 total=458
[EMAPI] page=15 rows=100 kept=38 total=490
[EMAPI] page=16 rows=100 kept=31 total=518
[EMAPI] page=17 rows=100 kept=37 total=553
[EMAPI] page=18 rows=100 kept=39 total=589
[EMAPI] page=19 rows=100 kept=31 total=618
[EMAPI] page=20 rows=100 kept=36 total=649
[EMAPI] page=21 rows=100 kept=46 total=688
[EMAPI] page=22 rows=100 kept=39 total=725
[EMAPI] page=23 rows=100 kept=38 total=761
[EMAPI] page=24 rows=100 kept=37 total=796
[EMAPI] page=25 rows=100 kept=43 total=839
[SCAN] round=581 market=839 picks=0 ts=2026-03-24T01:36:26.532Z
[EMAPI] page=1 rows=100 kept=38 total=38
[EMAPI] page=2 rows=100 kept=32 total=70
[EMAPI] page=3 rows=100 kept=27 total=97
[EMAPI] page=4 rows=100 kept=36 total=132
[EMAPI] page=5 rows=100 kept=39 total=168
[EMAPI] page=6 rows=100 kept=31 total=199
[EMAPI] page=7 rows=100 kept=42 total=241
[EMAPI] page=8 rows=100 kept=35 total=270
[EMAPI] page=9 rows=100 kept=30 total=298
[EMAPI] page=10 rows=100 kept=34 total=328
[EMAPI] page=11 rows=100 kept=39 total=363
[EMAPI] page=12 rows=100 kept=31 total=387
[EMAPI] page=13 rows=100 kept=33 total=418
[EMAPI] page=14 rows=100 kept=40 total=456
[EMAPI] page=15 rows=100 kept=41 total=492
[EMAPI] page=16 rows=100 kept=33 total=524
[EMAPI] page=17 rows=100 kept=33 total=549
[EMAPI] page=18 rows=100 kept=41 total=589
[EMAPI] page=19 rows=100 kept=33 total=615
[EMAPI] page=20 rows=100 kept=45 total=657
[EMAPI] page=21 rows=100 kept=36 total=687
[EMAPI] page=22 rows=100 kept=32 total=719
[EMAPI] page=23 rows=100 kept=41 total=760
[EMAPI] page=24 rows=100 kept=42 total=798
[EMAPI] page=25 rows=100 kept=32 total=826
[SCAN] round=582 market=826 picks=1 ts=2026-03-24T01:37:27.140Z
[EMAPI] page=1 rows=100 kept=36 total=36
[EMAPI] page=2 rows=100 kept=34 total=68
[EMAPI] page=3 rows=100 kept=34 total=102
[EMAPI] page=4 rows=100 kept=29 total=131
[EMAPI] page=5 rows=100 kept=42 total=173
[EMAPI] page=6 rows=100 kept=41 total=211
[EMAPI] page=7 rows=100 kept=30 total=239
[EMAPI] page=8 rows=100 kept=40 total=277
[EMAPI] page=9 rows=100 kept=33 total=310
[EMAPI] page=10 rows=100 kept=34 total=343
[EMAPI] page=11 rows=100 kept=36 total=374
[EMAPI] page=12 rows=100 kept=41 total=413
[EMAPI] page=13 rows=100 kept=45 total=454
[EMAPI] page=14 rows=100 kept=41 total=489
[EMAPI] page=15 rows=100 kept=37 total=523
[EMAPI] page=16 rows=100 kept=35 total=553
[EMAPI] page=17 rows=100 kept=26 total=575
[EMAPI] page=18 rows=100 kept=34 total=608
[EMAPI] page=19 rows=100 kept=38 total=645
[EMAPI] page=20 rows=100 kept=32 total=676
[EMAPI] page=21 rows=100 kept=42 total=713
[EMAPI] page=22 rows=100 kept=38 total=750
[EMAPI] page=23 rows=100 kept=41 total=790
[EMAPI] page=24 rows=100 kept=37 total=826
[EMAPI] page=25 rows=100 kept=33 total=858
[SCAN] round=583 market=858 picks=1 ts=2026-03-24T01:38:25.258Z
[EMAPI] page=1 rows=100 kept=36 total=36
[EMAPI] page=2 rows=100 kept=33 total=69
[EMAPI] page=3 rows=100 kept=30 total=99
[EMAPI] page=4 rows=100 kept=37 total=135
[EMAPI] page=5 rows=100 kept=36 total=169
[EMAPI] page=6 rows=100 kept=43 total=209
[EMAPI] page=7 rows=100 kept=28 total=235
[EMAPI] page=8 rows=100 kept=48 total=280
[EMAPI] page=9 rows=100 kept=41 total=321
[EMAPI] page=10 rows=100 kept=25 total=345
[EMAPI] page=11 rows=100 kept=31 total=373
[EMAPI] page=12 rows=100 kept=43 total=415
[EMAPI] page=13 rows=100 kept=39 total=450
[EMAPI] page=14 rows=100 kept=37 total=483
[EMAPI] page=15 rows=100 kept=34 total=517
[EMAPI] page=16 rows=100 kept=40 total=554
[EMAPI] page=17 rows=100 kept=35 total=588
[EMAPI] page=18 rows=100 kept=40 total=624
[EMAPI] page=19 rows=100 kept=36 total=655
[EMAPI] page=20 rows=100 kept=45 total=697
[EMAPI] page=21 rows=100 kept=37 total=734
[EMAPI] page=22 rows=100 kept=48 total=780
[EMAPI] page=23 rows=100 kept=40 total=820
[EMAPI] page=24 rows=100 kept=36 total=847
[EMAPI] page=25 rows=100 kept=50 total=888
[SCAN] round=584 market=888 picks=1 ts=2026-03-24T01:39:26.630Z
[EMAPI] page=1 rows=100 kept=31 total=31
[EMAPI] page=2 rows=100 kept=29 total=60
[EMAPI] page=3 rows=100 kept=41 total=101
[EMAPI] page=4 rows=100 kept=29 total=129
[EMAPI] page=5 rows=100 kept=31 total=159
[EMAPI] page=6 rows=100 kept=43 total=201
[EMAPI] page=7 rows=100 kept=36 total=237
[EMAPI] page=8 rows=100 kept=39 total=275
[EMAPI] page=9 rows=100 kept=36 total=309
[EMAPI] page=10 rows=100 kept=37 total=343
[EMAPI] page=11 rows=100 kept=36 total=377
[EMAPI] page=12 rows=100 kept=38 total=412
[EMAPI] page=13 rows=100 kept=35 total=444
[EMAPI] page=14 rows=100 kept=33 total=473
[EMAPI] page=15 rows=100 kept=35 total=501
[EMAPI] page=16 rows=100 kept=33 total=532
[EMAPI] page=17 rows=100 kept=43 total=570
[EMAPI] page=18 rows=100 kept=41 total=608
[EMAPI] page=19 rows=100 kept=36 total=641
[EMAPI] page=20 rows=100 kept=38 total=674
[EMAPI] page=21 rows=100 kept=51 total=716
[EMAPI] page=22 rows=100 kept=34 total=746
[EMAPI] page=23 rows=100 kept=33 total=778
[EMAPI] page=24 rows=100 kept=41 total=817
[EMAPI] page=25 rows=100 kept=46 total=856
[SCAN] round=585 market=856 picks=1 ts=2026-03-24T01:40:27.090Z
[EMAPI] page=1 rows=100 kept=33 total=33
[EMAPI] page=2 rows=100 kept=30 total=62
[EMAPI] page=3 rows=100 kept=33 total=95
[EMAPI] page=4 rows=100 kept=31 total=126
[EMAPI] page=5 rows=100 kept=34 total=157
[EMAPI] page=6 rows=100 kept=42 total=198
[EMAPI] page=7 rows=100 kept=35 total=232
[EMAPI] page=8 rows=100 kept=37 total=263
[EMAPI] page=9 rows=100 kept=38 total=294
[EMAPI] page=10 rows=100 kept=31 total=321
[EMAPI] page=11 rows=100 kept=45 total=357
[EMAPI] page=12 rows=100 kept=35 total=385
[EMAPI] page=13 rows=100 kept=48 total=426
[EMAPI] page=14 rows=100 kept=42 total=465
[EMAPI] page=15 rows=100 kept=46 total=507
[EMAPI] page=16 rows=100 kept=34 total=539
[EMAPI] page=17 rows=100 kept=36 total=572
[EMAPI] page=18 rows=100 kept=39 total=608
[EMAPI] page=19 rows=100 kept=41 total=647
[EMAPI] page=20 rows=100 kept=29 total=676
[EMAPI] page=21 rows=100 kept=35 total=711
[EMAPI] page=22 rows=100 kept=46 total=753
[EMAPI] page=23 rows=100 kept=40 total=788
[EMAPI] page=24 rows=100 kept=37 total=819
[EMAPI] page=25 rows=100 kept=45 total=862
[SCAN] round=586 market=862 picks=1 ts=2026-03-24T01:41:27.413Z
[EMAPI] page=1 rows=100 kept=34 total=34
[EMAPI] page=2 rows=100 kept=26 total=60
[EMAPI] page=3 rows=100 kept=34 total=94
[EMAPI] page=4 rows=100 kept=29 total=122
[EMAPI] page=5 rows=100 kept=41 total=162
[EMAPI] page=6 rows=100 kept=34 total=195
[EMAPI] page=7 rows=100 kept=40 total=233
[EMAPI] page=8 rows=100 kept=43 total=276
[EMAPI] page=9 rows=100 kept=37 total=310
[EMAPI] page=10 rows=100 kept=33 total=343
[EMAPI] page=11 rows=100 kept=37 total=376
[EMAPI] page=12 rows=100 kept=43 total=418
[EMAPI] page=13 rows=100 kept=48 total=462
[EMAPI] page=14 rows=100 kept=45 total=503
[EMAPI] page=15 rows=100 kept=37 total=539
[EMAPI] page=16 rows=100 kept=39 total=578
[EMAPI] page=17 rows=100 kept=34 total=605
[EMAPI] page=18 rows=100 kept=45 total=649
[EMAPI] page=19 rows=100 kept=45 total=693
[EMAPI] page=20 rows=100 kept=38 total=729
[EMAPI] page=21 rows=100 kept=39 total=767
[EMAPI] page=22 rows=100 kept=40 total=803
[EMAPI] page=23 rows=100 kept=46 total=845
[EMAPI] page=24 rows=100 kept=42 total=885
[EMAPI] page=25 rows=100 kept=39 total=921
[SCAN] round=587 market=921 picks=0 ts=2026-03-24T01:42:25.915Z
[EMAPI] page=1 rows=100 kept=32 total=32
[EMAPI] page=2 rows=100 kept=31 total=63
[EMAPI] page=3 rows=100 kept=27 total=89
[EMAPI] page=4 rows=100 kept=35 total=124
[EMAPI] page=5 rows=100 kept=41 total=164
[EMAPI] page=6 rows=100 kept=40 total=203
[EMAPI] page=7 rows=100 kept=37 total=240
[EMAPI] page=8 rows=100 kept=47 total=281
[EMAPI] page=9 rows=100 kept=32 total=306
[EMAPI] page=10 rows=100 kept=41 total=346
[EMAPI] page=11 rows=100 kept=42 total=387
[EMAPI] page=12 rows=100 kept=37 total=422
[EMAPI] page=13 rows=100 kept=47 total=469
[EMAPI] page=14 rows=100 kept=44 total=512
[EMAPI] page=15 rows=100 kept=36 total=543
[EMAPI] page=16 rows=100 kept=41 total=584
[EMAPI] page=17 rows=100 kept=38 total=620
[EMAPI] page=18 rows=100 kept=35 total=653
[EMAPI] page=19 rows=100 kept=39 total=691
[EMAPI] page=20 rows=100 kept=37 total=727
[EMAPI] page=21 rows=100 kept=43 total=768
[EMAPI] page=22 rows=100 kept=44 total=809
[EMAPI] page=23 rows=100 kept=45 total=854
[EMAPI] page=24 rows=100 kept=39 total=887
[EMAPI] page=25 rows=100 kept=30 total=913
[SCAN] round=588 market=913 picks=1 ts=2026-03-24T01:43:25.277Z
[EMAPI] page=1 rows=100 kept=36 total=36
[EMAPI] page=2 rows=100 kept=30 total=65
[EMAPI] page=3 rows=100 kept=32 total=97
[EMAPI] page=4 rows=100 kept=39 total=131
[EMAPI] page=5 rows=100 kept=36 total=164
[EMAPI] page=6 rows=100 kept=39 total=203
[EMAPI] page=7 rows=100 kept=41 total=241
[EMAPI] page=8 rows=100 kept=39 total=280
[EMAPI] page=9 rows=100 kept=42 total=319
[EMAPI] page=10 rows=100 kept=35 total=350
[EMAPI] page=11 rows=100 kept=39 total=387
[EMAPI] page=12 rows=100 kept=41 total=425
[EMAPI] page=13 rows=100 kept=47 total=468
[EMAPI] page=14 rows=100 kept=51 total=517
[EMAPI] page=15 rows=100 kept=47 total=560
[EMAPI] page=16 rows=100 kept=45 total=605
[EMAPI] page=17 rows=100 kept=38 total=641
[EMAPI] page=18 rows=100 kept=43 total=680
[EMAPI] page=19 rows=100 kept=35 total=711
[EMAPI] page=20 rows=100 kept=56 total=764
[EMAPI] page=21 rows=100 kept=43 total=806
[EMAPI] page=22 rows=100 kept=38 total=839
[EMAPI] page=23 rows=100 kept=37 total=871
[EMAPI] page=24 rows=100 kept=36 total=905
[EMAPI] page=25 rows=100 kept=31 total=936
[SCAN] round=589 market=936 picks=0 ts=2026-03-24T01:44:25.498Z
[EMAPI] page=1 rows=100 kept=36 total=36
[EMAPI] page=2 rows=100 kept=33 total=69
[EMAPI] page=3 rows=100 kept=24 total=92
[EMAPI] page=4 rows=100 kept=36 total=128
[EMAPI] page=5 rows=100 kept=43 total=171
[EMAPI] page=6 rows=100 kept=36 total=207
[EMAPI] page=7 rows=100 kept=39 total=241
[EMAPI] page=8 rows=100 kept=46 total=282
[EMAPI] page=9 rows=100 kept=39 total=318
[EMAPI] page=10 rows=100 kept=35 total=348
[EMAPI] page=11 rows=100 kept=39 total=387
[EMAPI] page=12 rows=100 kept=48 total=433
[EMAPI] page=13 rows=100 kept=42 total=471
[EMAPI] page=14 rows=100 kept=42 total=511
[EMAPI] page=15 rows=100 kept=43 total=550
[EMAPI] page=16 rows=100 kept=39 total=588
[EMAPI] page=17 rows=100 kept=45 total=626
[EMAPI] page=18 rows=100 kept=39 total=663
[EMAPI] page=19 rows=100 kept=41 total=701
[EMAPI] page=20 rows=100 kept=47 total=742
[EMAPI] page=21 rows=100 kept=37 total=778
[EMAPI] page=22 rows=100 kept=40 total=814
[EMAPI] page=23 rows=100 kept=43 total=856
[EMAPI] page=24 rows=100 kept=34 total=888
[EMAPI] page=25 rows=100 kept=35 total=919
[SCAN] round=590 market=919 picks=1 ts=2026-03-24T01:45:26.323Z
[EMAPI] page=1 rows=100 kept=38 total=38
[EMAPI] page=2 rows=100 kept=27 total=64
[EMAPI] page=3 rows=100 kept=26 total=88
[EMAPI] page=4 rows=100 kept=38 total=124
[EMAPI] page=5 rows=100 kept=35 total=159
[EMAPI] page=6 rows=100 kept=38 total=196
[EMAPI] page=7 rows=100 kept=36 total=230
[EMAPI] page=8 rows=100 kept=42 total=268
[EMAPI] page=9 rows=100 kept=36 total=302
[EMAPI] page=10 rows=100 kept=31 total=330
[EMAPI] page=11 rows=100 kept=38 total=363
[EMAPI] page=12 rows=100 kept=41 total=402
[EMAPI] page=13 rows=100 kept=41 total=436
[EMAPI] page=14 rows=100 kept=35 total=470
[EMAPI] page=15 rows=100 kept=38 total=504
[EMAPI] page=16 rows=100 kept=51 total=548
[EMAPI] page=17 rows=100 kept=47 total=592
[EMAPI] page=18 rows=100 kept=51 total=638
[EMAPI] page=19 rows=100 kept=34 total=666
[EMAPI] page=20 rows=100 kept=39 total=703
[EMAPI] page=21 rows=100 kept=36 total=738
[EMAPI] page=22 rows=100 kept=40 total=775
[EMAPI] page=23 rows=100 kept=41 total=814
[EMAPI] page=24 rows=100 kept=53 total=861
[EMAPI] page=25 rows=100 kept=41 total=894
[SCAN] round=591 market=894 picks=1 ts=2026-03-24T01:46:27.716Z
[EMAPI] page=1 rows=100 kept=38 total=38
[EMAPI] page=2 rows=100 kept=28 total=65
[EMAPI] page=3 rows=100 kept=31 total=96
[EMAPI] page=4 rows=100 kept=31 total=127
[EMAPI] page=5 rows=100 kept=39 total=166
[EMAPI] page=6 rows=100 kept=32 total=197
[EMAPI] page=7 rows=100 kept=30 total=225
[EMAPI] page=8 rows=100 kept=33 total=255
[EMAPI] page=9 rows=100 kept=37 total=291
[EMAPI] page=10 rows=100 kept=37 total=327
[EMAPI] page=11 rows=100 kept=39 total=365
[EMAPI] page=12 rows=100 kept=35 total=400
[EMAPI] page=13 rows=100 kept=37 total=437
[EMAPI] page=14 rows=100 kept=46 total=481
[EMAPI] page=15 rows=100 kept=46 total=521
[EMAPI] page=16 rows=100 kept=45 total=563
[EMAPI] page=17 rows=100 kept=31 total=592
[EMAPI] page=18 rows=100 kept=42 total=633
[EMAPI] page=19 rows=100 kept=39 total=670
[EMAPI] page=20 rows=100 kept=39 total=707
[EMAPI] page=21 rows=100 kept=45 total=748
[EMAPI] page=22 rows=100 kept=49 total=793
[EMAPI] page=23 rows=100 kept=41 total=831
[EMAPI] page=24 rows=100 kept=42 total=872
[EMAPI] page=25 rows=100 kept=42 total=913
[SCAN] round=592 market=913 picks=1 ts=2026-03-24T01:47:25.498Z
[EMAPI] page=1 rows=100 kept=38 total=38
[EMAPI] page=2 rows=100 kept=23 total=61
[EMAPI] page=3 rows=100 kept=33 total=93
[EMAPI] page=4 rows=100 kept=34 total=127
[EMAPI] page=5 rows=100 kept=36 total=163
[EMAPI] page=6 rows=100 kept=35 total=191
[EMAPI] page=7 rows=100 kept=37 total=228
[EMAPI] page=8 rows=100 kept=31 total=257
[EMAPI] page=9 rows=100 kept=38 total=292
[EMAPI] page=10 rows=100 kept=35 total=321
[EMAPI] page=11 rows=100 kept=37 total=356
[EMAPI] page=12 rows=100 kept=42 total=388
[EMAPI] page=13 rows=100 kept=39 total=421
[EMAPI] page=14 rows=100 kept=40 total=458
[EMAPI] page=15 rows=100 kept=38 total=487
[EMAPI] page=16 rows=100 kept=42 total=529
[EMAPI] page=17 rows=100 kept=42 total=563
[EMAPI] page=18 rows=100 kept=39 total=597
[EMAPI] page=19 rows=100 kept=37 total=632
[EMAPI] page=20 rows=100 kept=36 total=663
[EMAPI] page=21 rows=100 kept=51 total=712
[EMAPI] page=22 rows=100 kept=36 total=746
[EMAPI] page=23 rows=100 kept=48 total=790
[EMAPI] page=24 rows=100 kept=43 total=830
[EMAPI] page=25 rows=100 kept=38 total=864
[SCAN] round=593 market=864 picks=3 ts=2026-03-24T01:48:26.725Z
[EMAPI] page=1 rows=100 kept=33 total=33
[EMAPI] page=2 rows=100 kept=29 total=61
[EMAPI] page=3 rows=100 kept=28 total=89
[EMAPI] page=4 rows=100 kept=35 total=123
[EMAPI] page=5 rows=100 kept=33 total=156
[EMAPI] page=6 rows=100 kept=27 total=183
[EMAPI] page=7 rows=100 kept=29 total=210
[EMAPI] page=8 rows=100 kept=29 total=235
[EMAPI] page=9 rows=100 kept=39 total=274
[EMAPI] page=10 rows=100 kept=47 total=316
[EMAPI] page=11 rows=100 kept=35 total=348
[EMAPI] page=12 rows=100 kept=34 total=382
[EMAPI] page=13 rows=100 kept=49 total=427
[EMAPI] page=14 rows=100 kept=47 total=458
[EMAPI] page=15 rows=100 kept=32 total=489
[EMAPI] page=16 rows=100 kept=49 total=534
[EMAPI] page=17 rows=100 kept=38 total=568
[EMAPI] page=18 rows=100 kept=34 total=601
[EMAPI] page=19 rows=100 kept=36 total=636
[EMAPI] page=20 rows=100 kept=42 total=676
[EMAPI] page=21 rows=100 kept=34 total=705
[EMAPI] page=22 rows=100 kept=36 total=740
[EMAPI] page=23 rows=100 kept=42 total=777
[EMAPI] page=24 rows=100 kept=53 total=822
[EMAPI] page=25 rows=100 kept=37 total=858
[SCAN] round=594 market=858 picks=3 ts=2026-03-24T01:49:26.414Z
[EMAPI] page=1 rows=100 kept=35 total=35
[EMAPI] page=2 rows=100 kept=24 total=59
[EMAPI] page=3 rows=100 kept=35 total=94
[EMAPI] page=4 rows=100 kept=26 total=120
[EMAPI] page=5 rows=100 kept=30 total=150
[EMAPI] page=6 rows=100 kept=28 total=177
[EMAPI] page=7 rows=100 kept=32 total=207
[EMAPI] page=8 rows=100 kept=35 total=240
[EMAPI] page=9 rows=100 kept=31 total=270
[EMAPI] page=10 rows=100 kept=35 total=305
[EMAPI] page=11 rows=100 kept=33 total=334
[EMAPI] page=12 rows=100 kept=37 total=367
[EMAPI] page=13 rows=100 kept=49 total=404
[EMAPI] page=14 rows=100 kept=35 total=438
[EMAPI] page=15 rows=100 kept=37 total=470
[EMAPI] page=16 rows=100 kept=41 total=507
[EMAPI] page=17 rows=100 kept=41 total=541
[EMAPI] page=18 rows=100 kept=39 total=580
[EMAPI] page=19 rows=100 kept=41 total=617
[EMAPI] page=20 rows=100 kept=46 total=660
[EMAPI] page=21 rows=100 kept=44 total=701
[EMAPI] page=22 rows=100 kept=42 total=738
[EMAPI] page=23 rows=100 kept=41 total=771
[EMAPI] page=24 rows=100 kept=40 total=808
[EMAPI] page=25 rows=100 kept=44 total=845
[SCAN] round=595 market=845 picks=3 ts=2026-03-24T01:50:27.443Z
[EMAPI] page=1 rows=100 kept=35 total=35
[EMAPI] page=2 rows=100 kept=27 total=62
[EMAPI] page=3 rows=100 kept=23 total=83
[EMAPI] page=4 rows=100 kept=31 total=114
[EMAPI] page=5 rows=100 kept=31 total=145
[EMAPI] page=6 rows=100 kept=28 total=171
[EMAPI] page=7 rows=100 kept=31 total=201
[EMAPI] page=8 rows=100 kept=36 total=236
[EMAPI] page=9 rows=100 kept=31 total=265
[EMAPI] page=10 rows=100 kept=44 total=309
[EMAPI] page=11 rows=100 kept=38 total=347
[EMAPI] page=12 rows=100 kept=30 total=377
[EMAPI] page=13 rows=100 kept=35 total=412
[EMAPI] page=14 rows=100 kept=46 total=457
[EMAPI] page=15 rows=100 kept=39 total=494
[EMAPI] page=16 rows=100 kept=37 total=531
[EMAPI] page=17 rows=100 kept=41 total=572
[EMAPI] page=18 rows=100 kept=33 total=603
[EMAPI] page=19 rows=100 kept=35 total=636
[EMAPI] page=20 rows=100 kept=42 total=676
[EMAPI] page=21 rows=100 kept=43 total=714
[EMAPI] page=22 rows=100 kept=40 total=752
[EMAPI] page=23 rows=100 kept=48 total=796
[EMAPI] page=24 rows=100 kept=49 total=839
[EMAPI] page=25 rows=100 kept=35 total=872
[SCAN] round=596 market=872 picks=2 ts=2026-03-24T01:51:27.595Z
[EMAPI] page=1 rows=100 kept=36 total=36
[EMAPI] page=2 rows=100 kept=28 total=64
[EMAPI] page=3 rows=100 kept=25 total=88
[EMAPI] page=4 rows=100 kept=29 total=117
[EMAPI] page=5 rows=100 kept=31 total=145
[EMAPI] page=6 rows=100 kept=25 total=168
[EMAPI] page=7 rows=100 kept=41 total=208
[EMAPI] page=8 rows=100 kept=18 total=226
[EMAPI] page=9 rows=100 kept=36 total=262
[EMAPI] page=10 rows=100 kept=41 total=301
[EMAPI] page=11 rows=100 kept=43 total=343
[EMAPI] page=12 rows=100 kept=47 total=389
[EMAPI] page=13 rows=100 kept=42 total=428
[EMAPI] page=14 rows=100 kept=32 total=458
[EMAPI] page=15 rows=100 kept=33 total=489
[EMAPI] page=16 rows=100 kept=37 total=526
[EMAPI] page=17 rows=100 kept=44 total=570
[EMAPI] page=18 rows=100 kept=42 total=611
[EMAPI] page=19 rows=100 kept=41 total=652
[EMAPI] page=20 rows=100 kept=39 total=689
[EMAPI] page=21 rows=100 kept=44 total=732
[EMAPI] page=22 rows=100 kept=32 total=760
[EMAPI] page=23 rows=100 kept=35 total=793
[EMAPI] page=24 rows=100 kept=43 total=835
[EMAPI] page=25 rows=100 kept=43 total=877
[SCAN] round=597 market=877 picks=3 ts=2026-03-24T01:52:26.032Z
[EMAPI] page=1 rows=100 kept=33 total=33
[EMAPI] page=2 rows=100 kept=31 total=63
[EMAPI] page=3 rows=100 kept=27 total=90
[EMAPI] page=4 rows=100 kept=23 total=112
[EMAPI] page=5 rows=100 kept=31 total=143
[EMAPI] page=6 rows=100 kept=39 total=180
[EMAPI] page=7 rows=100 kept=36 total=213
[EMAPI] page=8 rows=100 kept=32 total=245
[EMAPI] page=9 rows=100 kept=42 total=281
[EMAPI] page=10 rows=100 kept=41 total=317
[EMAPI] page=11 rows=100 kept=35 total=350
[EMAPI] page=12 rows=100 kept=39 total=388
[EMAPI] page=13 rows=100 kept=45 total=422
[EMAPI] page=14 rows=100 kept=27 total=449
[EMAPI] page=15 rows=100 kept=32 total=477
[EMAPI] page=16 rows=100 kept=44 total=516
[EMAPI] page=17 rows=100 kept=49 total=565
[EMAPI] page=18 rows=100 kept=45 total=607
[EMAPI] page=19 rows=100 kept=44 total=651
[EMAPI] page=20 rows=100 kept=30 total=680
[EMAPI] page=21 rows=100 kept=37 total=717
[EMAPI] page=22 rows=100 kept=45 total=759
[EMAPI] page=23 rows=100 kept=39 total=790
[EMAPI] page=24 rows=100 kept=43 total=828
[EMAPI] page=25 rows=100 kept=43 total=855
[SCAN] round=598 market=855 picks=4 ts=2026-03-24T01:53:25.256Z
[EMAPI] page=1 rows=100 kept=35 total=35
[EMAPI] page=2 rows=100 kept=27 total=62
[EMAPI] page=3 rows=100 kept=29 total=91
[EMAPI] page=4 rows=100 kept=26 total=117
[EMAPI] page=5 rows=100 kept=26 total=142
[EMAPI] page=6 rows=100 kept=38 total=179
[EMAPI] page=7 rows=100 kept=40 total=219
[EMAPI] page=8 rows=100 kept=45 total=261
[EMAPI] page=9 rows=100 kept=36 total=297
[EMAPI] page=10 rows=100 kept=38 total=332
[EMAPI] page=11 rows=100 kept=46 total=376
[EMAPI] page=12 rows=100 kept=39 total=415
[EMAPI] page=13 rows=100 kept=32 total=444
[EMAPI] page=14 rows=100 kept=34 total=474
[EMAPI] page=15 rows=100 kept=39 total=513
[EMAPI] page=16 rows=100 kept=50 total=560
[EMAPI] page=17 rows=100 kept=40 total=600
[EMAPI] page=18 rows=100 kept=49 total=649
[EMAPI] page=19 rows=100 kept=37 total=684
[EMAPI] page=20 rows=100 kept=33 total=715
[EMAPI] page=21 rows=100 kept=46 total=757
[EMAPI] page=22 rows=100 kept=31 total=782
[EMAPI] page=23 rows=100 kept=40 total=821
[EMAPI] page=24 rows=100 kept=41 total=859
[EMAPI] page=25 rows=100 kept=35 total=890
[SCAN] round=599 market=890 picks=3 ts=2026-03-24T01:54:25.670Z
[EMAPI] page=1 rows=100 kept=36 total=36
[EMAPI] page=2 rows=100 kept=23 total=59
[EMAPI] page=3 rows=100 kept=29 total=88
[EMAPI] page=4 rows=100 kept=30 total=118
[EMAPI] page=5 rows=100 kept=32 total=149
[EMAPI] page=6 rows=100 kept=24 total=173
[EMAPI] page=7 rows=100 kept=48 total=221
[EMAPI] page=8 rows=100 kept=36 total=257
[EMAPI] page=9 rows=100 kept=42 total=298
[EMAPI] page=10 rows=100 kept=41 total=334
[EMAPI] page=11 rows=100 kept=42 total=374
[EMAPI] page=12 rows=100 kept=38 total=412
[EMAPI] page=13 rows=100 kept=40 total=451
[EMAPI] page=14 rows=100 kept=37 total=487
[EMAPI] page=15 rows=100 kept=36 total=523
[EMAPI] page=16 rows=100 kept=45 total=562
[EMAPI] page=17 rows=100 kept=48 total=608
[EMAPI] page=18 rows=100 kept=38 total=646
[EMAPI] page=19 rows=100 kept=34 total=678
[EMAPI] page=20 rows=100 kept=46 total=720
[EMAPI] page=21 rows=100 kept=44 total=754
[EMAPI] page=22 rows=100 kept=31 total=784
[EMAPI] page=23 rows=100 kept=45 total=827
[EMAPI] page=24 rows=100 kept=34 total=861
[EMAPI] page=25 rows=100 kept=37 total=896
[SCAN] round=600 market=896 picks=5 ts=2026-03-24T01:55:27.056Z
[EMAPI] page=1 rows=100 kept=37 total=37
[EMAPI] page=2 rows=100 kept=22 total=59
[EMAPI] page=3 rows=100 kept=29 total=88
[EMAPI] page=4 rows=100 kept=29 total=116
[EMAPI] page=5 rows=100 kept=29 total=144
[EMAPI] page=6 rows=100 kept=31 total=172
[EMAPI] page=7 rows=100 kept=38 total=204
[EMAPI] page=8 rows=100 kept=43 total=244
[EMAPI] page=9 rows=100 kept=42 total=285
[EMAPI] page=10 rows=100 kept=39 total=323
[EMAPI] page=11 rows=100 kept=40 total=363
[EMAPI] page=12 rows=100 kept=43 total=404
[EMAPI] page=13 rows=100 kept=39 total=438
[EMAPI] page=14 rows=100 kept=36 total=473
[EMAPI] page=15 rows=100 kept=47 total=520
[EMAPI] page=16 rows=100 kept=44 total=561
[EMAPI] page=17 rows=100 kept=40 total=598
[EMAPI] page=18 rows=100 kept=36 total=634
[EMAPI] page=19 rows=100 kept=40 total=673
[EMAPI] page=20 rows=100 kept=39 total=706
[EMAPI] page=21 rows=100 kept=34 total=737
[EMAPI] page=22 rows=100 kept=40 total=776
[EMAPI] page=23 rows=100 kept=42 total=817
[EMAPI] page=24 rows=100 kept=30 total=845
[EMAPI] page=25 rows=100 kept=45 total=890
[SCAN] round=601 market=890 picks=5 ts=2026-03-24T01:56:27.095Z
[EMAPI] page=1 rows=100 kept=35 total=35
[EMAPI] page=2 rows=100 kept=27 total=62
[EMAPI] page=3 rows=100 kept=24 total=86
[EMAPI] page=4 rows=100 kept=32 total=118
[EMAPI] page=5 rows=100 kept=31 total=148
[EMAPI] page=6 rows=100 kept=37 total=184
[EMAPI] page=7 rows=100 kept=37 total=220
[EMAPI] page=8 rows=100 kept=37 total=256
[EMAPI] page=9 rows=100 kept=46 total=299
[EMAPI] page=10 rows=100 kept=42 total=338
[EMAPI] page=11 rows=100 kept=31 total=369
[EMAPI] page=12 rows=100 kept=41 total=407
[EMAPI] page=13 rows=100 kept=42 total=445
[EMAPI] page=14 rows=100 kept=41 total=483
[EMAPI] page=15 rows=100 kept=40 total=522
[EMAPI] page=16 rows=100 kept=42 total=562
[EMAPI] page=17 rows=100 kept=34 total=595
[EMAPI] page=18 rows=100 kept=41 total=633
[EMAPI] page=19 rows=100 kept=43 total=674
[EMAPI] page=20 rows=100 kept=36 total=709
[EMAPI] page=21 rows=100 kept=54 total=763
[EMAPI] page=22 rows=100 kept=32 total=790
[EMAPI] page=23 rows=100 kept=35 total=823
[EMAPI] page=24 rows=100 kept=42 total=865
[EMAPI] page=25 rows=100 kept=41 total=904
[SCAN] round=602 market=904 picks=5 ts=2026-03-24T01:57:25.964Z
[EMAPI] page=1 rows=100 kept=36 total=36
[EMAPI] page=2 rows=100 kept=28 total=64
[EMAPI] page=3 rows=100 kept=29 total=93
[EMAPI] page=4 rows=100 kept=28 total=121
[EMAPI] page=5 rows=100 kept=39 total=160
[EMAPI] page=6 rows=100 kept=32 total=191
[EMAPI] page=7 rows=100 kept=39 total=229
[EMAPI] page=8 rows=100 kept=40 total=268
[EMAPI] page=9 rows=100 kept=41 total=306
[EMAPI] page=10 rows=100 kept=42 total=344
[EMAPI] page=11 rows=100 kept=42 total=385
[EMAPI] page=12 rows=100 kept=37 total=422
[EMAPI] page=13 rows=100 kept=36 total=457
[EMAPI] page=14 rows=100 kept=44 total=500
[EMAPI] page=15 rows=100 kept=43 total=541
[EMAPI] page=16 rows=100 kept=43 total=581
[EMAPI] page=17 rows=100 kept=49 total=630
[EMAPI] page=18 rows=100 kept=42 total=667
[EMAPI] page=19 rows=100 kept=35 total=699
[EMAPI] page=20 rows=100 kept=43 total=741
[EMAPI] page=21 rows=100 kept=42 total=780
[EMAPI] page=22 rows=100 kept=39 total=817
[EMAPI] page=23 rows=100 kept=35 total=851
[EMAPI] page=24 rows=100 kept=38 total=888
[EMAPI] page=25 rows=100 kept=35 total=918
[SCAN] round=603 market=918 picks=6 ts=2026-03-24T01:58:26.066Z
[EMAPI] page=1 rows=100 kept=38 total=38
[EMAPI] page=2 rows=100 kept=26 total=64
[EMAPI] page=3 rows=100 kept=31 total=95
[EMAPI] page=4 rows=100 kept=30 total=124
[EMAPI] page=5 rows=100 kept=40 total=164
[EMAPI] page=6 rows=100 kept=41 total=203
[EMAPI] page=7 rows=100 kept=42 total=245
[EMAPI] page=8 rows=100 kept=41 total=285
[EMAPI] page=9 rows=100 kept=40 total=324
[EMAPI] page=10 rows=100 kept=42 total=365
[EMAPI] page=11 rows=100 kept=34 total=398
[EMAPI] page=12 rows=100 kept=44 total=441
[EMAPI] page=13 rows=100 kept=44 total=485
[EMAPI] page=14 rows=100 kept=37 total=522
[EMAPI] page=15 rows=100 kept=48 total=568
[EMAPI] page=16 rows=100 kept=37 total=605
[EMAPI] page=17 rows=100 kept=41 total=644
[EMAPI] page=18 rows=100 kept=46 total=686
[EMAPI] page=19 rows=100 kept=34 total=720
[EMAPI] page=20 rows=100 kept=39 total=759
[EMAPI] page=21 rows=100 kept=45 total=803
[EMAPI] page=22 rows=100 kept=43 total=845
[EMAPI] page=23 rows=100 kept=35 total=879
[EMAPI] page=24 rows=100 kept=31 total=906
[EMAPI] page=25 rows=100 kept=35 total=941
[SCAN] round=604 market=941 picks=6 ts=2026-03-24T01:59:26.711Z
[EMAPI] page=1 rows=100 kept=36 total=36
[EMAPI] page=2 rows=100 kept=27 total=62
[EMAPI] page=3 rows=100 kept=36 total=98
[EMAPI] page=4 rows=100 kept=29 total=126
[EMAPI] page=5 rows=100 kept=43 total=167
[EMAPI] page=6 rows=100 kept=51 total=218
[EMAPI] page=7 rows=100 kept=43 total=260
[EMAPI] page=8 rows=100 kept=38 total=293
[EMAPI] page=9 rows=100 kept=40 total=331
[EMAPI] page=10 rows=100 kept=46 total=376
[EMAPI] page=11 rows=100 kept=42 total=417
[EMAPI] page=12 rows=100 kept=40 total=457
[EMAPI] page=13 rows=100 kept=40 total=490
[EMAPI] page=14 rows=100 kept=43 total=528
[EMAPI] page=15 rows=100 kept=46 total=569
[EMAPI] page=16 rows=100 kept=35 total=604
[EMAPI] page=17 rows=100 kept=48 total=646
[EMAPI] page=18 rows=100 kept=47 total=691
[EMAPI] page=19 rows=100 kept=37 total=723
[EMAPI] page=20 rows=100 kept=49 total=770
[EMAPI] page=21 rows=100 kept=43 total=812
[EMAPI] page=22 rows=100 kept=39 total=842
[EMAPI] page=23 rows=100 kept=33 total=872
[EMAPI] page=24 rows=100 kept=41 total=910
[EMAPI] page=25 rows=100 kept=39 total=948
[SCAN] round=605 market=948 picks=5 ts=2026-03-24T02:00:25.765Z
[EMAPI] page=1 rows=100 kept=36 total=36
[EMAPI] page=2 rows=100 kept=29 total=65
[EMAPI] page=3 rows=100 kept=33 total=98
[EMAPI] page=4 rows=100 kept=37 total=134
[EMAPI] page=5 rows=100 kept=36 total=168
[EMAPI] page=6 rows=100 kept=47 total=212
[EMAPI] page=7 rows=100 kept=44 total=256
[EMAPI] page=8 rows=100 kept=47 total=303
[EMAPI] page=9 rows=100 kept=38 total=341
[EMAPI] page=10 rows=100 kept=45 total=383
[EMAPI] page=11 rows=100 kept=36 total=417
[EMAPI] page=12 rows=100 kept=43 total=459
[EMAPI] page=13 rows=100 kept=46 total=498
[EMAPI] page=14 rows=100 kept=34 total=530
[EMAPI] page=15 rows=100 kept=37 total=565
[EMAPI] page=16 rows=100 kept=47 total=610
[EMAPI] page=17 rows=100 kept=44 total=653
[EMAPI] page=18 rows=100 kept=43 total=695
[EMAPI] page=19 rows=100 kept=42 total=737
[EMAPI] page=20 rows=100 kept=49 total=785
[EMAPI] page=21 rows=100 kept=47 total=830
[EMAPI] page=22 rows=100 kept=46 total=875
[EMAPI] page=23 rows=100 kept=33 total=908
[EMAPI] page=24 rows=100 kept=41 total=949
[EMAPI] page=25 rows=100 kept=43 total=989
[SCAN] round=606 market=989 picks=5 ts=2026-03-24T02:01:25.767Z
[EMAPI] page=1 rows=100 kept=35 total=35
[EMAPI] page=2 rows=100 kept=30 total=64
[EMAPI] page=3 rows=100 kept=33 total=95
[EMAPI] page=4 rows=100 kept=35 total=129
[EMAPI] page=5 rows=100 kept=47 total=176
[EMAPI] page=6 rows=100 kept=41 total=213
[EMAPI] page=7 rows=100 kept=51 total=262
[EMAPI] page=8 rows=100 kept=39 total=297
[EMAPI] page=9 rows=100 kept=38 total=330
[EMAPI] page=10 rows=100 kept=41 total=365
[EMAPI] page=11 rows=100 kept=42 total=403
[EMAPI] page=12 rows=100 kept=43 total=441
[EMAPI] page=13 rows=100 kept=42 total=482
[EMAPI] page=14 rows=100 kept=54 total=534
[EMAPI] page=15 rows=100 kept=39 total=561
[EMAPI] page=16 rows=100 kept=37 total=598
[EMAPI] page=17 rows=100 kept=40 total=637
[EMAPI] page=18 rows=100 kept=44 total=677
[EMAPI] page=19 rows=100 kept=44 total=716
[EMAPI] page=20 rows=100 kept=42 total=756
[EMAPI] page=21 rows=100 kept=48 total=803
[EMAPI] page=22 rows=100 kept=39 total=841
[EMAPI] page=23 rows=100 kept=42 total=867
[EMAPI] page=24 rows=100 kept=39 total=900
[EMAPI] page=25 rows=100 kept=46 total=943
[SCAN] round=607 market=943 picks=5 ts=2026-03-24T02:02:25.611Z
[EMAPI] page=1 rows=100 kept=34 total=34
[EMAPI] page=2 rows=100 kept=34 total=67
[EMAPI] page=3 rows=100 kept=35 total=102
[EMAPI] page=4 rows=100 kept=42 total=143
[EMAPI] page=5 rows=100 kept=41 total=183
[EMAPI] page=6 rows=100 kept=46 total=228
[EMAPI] page=7 rows=100 kept=50 total=278
[EMAPI] page=8 rows=100 kept=46 total=323
[EMAPI] page=9 rows=100 kept=45 total=367
[EMAPI] page=10 rows=100 kept=37 total=400
[EMAPI] page=11 rows=100 kept=38 total=437
[EMAPI] page=12 rows=100 kept=43 total=475
[EMAPI] page=13 rows=100 kept=30 total=501
[EMAPI] page=14 rows=100 kept=46 total=546
[EMAPI] page=15 rows=100 kept=43 total=587
[EMAPI] page=16 rows=100 kept=48 total=633
[EMAPI] page=17 rows=100 kept=43 total=676
[EMAPI] page=18 rows=100 kept=48 total=720
[EMAPI] page=19 rows=100 kept=40 total=757
[EMAPI] page=20 rows=100 kept=49 total=803
[EMAPI] page=21 rows=100 kept=41 total=840
[EMAPI] page=22 rows=100 kept=40 total=878
[EMAPI] page=23 rows=100 kept=40 total=915
[EMAPI] page=24 rows=100 kept=37 total=952
[EMAPI] page=25 rows=100 kept=38 total=985
[SCAN] round=608 market=985 picks=5 ts=2026-03-24T02:03:25.357Z
[EMAPI] page=1 rows=100 kept=39 total=39
[EMAPI] page=2 rows=100 kept=34 total=72
[EMAPI] page=3 rows=100 kept=32 total=104
[EMAPI] page=4 rows=100 kept=39 total=143
[EMAPI] page=5 rows=100 kept=48 total=190
[EMAPI] page=6 rows=100 kept=43 total=232
[EMAPI] page=7 rows=100 kept=45 total=276
[EMAPI] page=8 rows=100 kept=43 total=319
[EMAPI] page=9 rows=100 kept=55 total=369
[EMAPI] page=10 rows=100 kept=42 total=408
[EMAPI] page=11 rows=100 kept=46 total=453
[EMAPI] page=12 rows=100 kept=40 total=490
[EMAPI] page=13 rows=100 kept=47 total=533
[EMAPI] page=14 rows=100 kept=46 total=575
[EMAPI] page=15 rows=100 kept=48 total=615
[EMAPI] page=16 rows=100 kept=46 total=660
[EMAPI] page=17 rows=100 kept=47 total=706
[EMAPI] page=18 rows=100 kept=44 total=750
[EMAPI] page=19 rows=100 kept=46 total=789
[EMAPI] page=20 rows=100 kept=44 total=832
[EMAPI] page=21 rows=100 kept=39 total=867
[EMAPI] page=22 rows=100 kept=37 total=903
[EMAPI] page=23 rows=100 kept=40 total=942
[EMAPI] page=24 rows=100 kept=34 total=976
[EMAPI] page=25 rows=100 kept=38 total=1010
[SCAN] round=609 market=1010 picks=6 ts=2026-03-24T02:04:26.316Z
[EMAPI] page=1 rows=100 kept=38 total=38
[EMAPI] page=2 rows=100 kept=37 total=75
[EMAPI] page=3 rows=100 kept=33 total=107
[EMAPI] page=4 rows=100 kept=41 total=148
[EMAPI] page=5 rows=100 kept=53 total=197
[EMAPI] page=6 rows=100 kept=52 total=247
[EMAPI] page=7 rows=100 kept=54 total=296
[EMAPI] page=8 rows=100 kept=49 total=343
[EMAPI] page=9 rows=100 kept=44 total=381
[EMAPI] page=10 rows=100 kept=37 total=416
[EMAPI] page=11 rows=100 kept=40 total=456
[EMAPI] page=12 rows=100 kept=47 total=500
[EMAPI] page=13 rows=100 kept=47 total=546
[EMAPI] page=14 rows=100 kept=44 total=585
[EMAPI] page=15 rows=100 kept=40 total=623
[EMAPI] page=16 rows=100 kept=46 total=668
[EMAPI] page=17 rows=100 kept=48 total=715
[EMAPI] page=18 rows=100 kept=48 total=761
[EMAPI] page=19 rows=100 kept=41 total=798
[EMAPI] page=20 rows=100 kept=39 total=835
[EMAPI] page=21 rows=100 kept=45 total=878
[EMAPI] page=22 rows=100 kept=45 total=916
[EMAPI] page=23 rows=100 kept=37 total=947
[EMAPI] page=24 rows=100 kept=42 total=988
[EMAPI] page=25 rows=100 kept=45 total=1031
[SCAN] round=610 market=1031 picks=5 ts=2026-03-24T02:05:27.124Z
[EMAPI] page=1 rows=100 kept=37 total=37
[EMAPI] page=2 rows=100 kept=38 total=75
[EMAPI] page=3 rows=100 kept=35 total=109
[EMAPI] page=4 rows=100 kept=44 total=153
[EMAPI] page=5 rows=100 kept=44 total=197
[EMAPI] page=6 rows=100 kept=46 total=242
[EMAPI] page=7 rows=100 kept=52 total=294
[EMAPI] page=8 rows=100 kept=48 total=338
[EMAPI] page=9 rows=100 kept=48 total=382
[EMAPI] page=10 rows=100 kept=48 total=427
[EMAPI] page=11 rows=100 kept=49 total=474
[EMAPI] page=12 rows=100 kept=40 total=513
[EMAPI] page=13 rows=100 kept=49 total=557
[EMAPI] page=14 rows=100 kept=45 total=601
[EMAPI] page=15 rows=100 kept=42 total=642
[EMAPI] page=16 rows=100 kept=50 total=688
[EMAPI] page=17 rows=100 kept=44 total=726
[EMAPI] page=18 rows=100 kept=47 total=773
[EMAPI] page=19 rows=100 kept=51 total=821
[EMAPI] page=20 rows=100 kept=39 total=851
[EMAPI] page=21 rows=100 kept=49 total=896
[EMAPI] page=22 rows=100 kept=43 total=937
[EMAPI] page=23 rows=100 kept=39 total=969
[EMAPI] page=24 rows=100 kept=39 total=1004
[EMAPI] page=25 rows=100 kept=41 total=1043
[SCAN] round=611 market=1043 picks=6 ts=2026-03-24T02:06:26.133Z
[EMAPI] page=1 rows=100 kept=37 total=37
[EMAPI] page=2 rows=100 kept=39 total=76
[EMAPI] page=3 rows=100 kept=32 total=108
[EMAPI] page=4 rows=100 kept=43 total=151
[EMAPI] page=5 rows=100 kept=43 total=192
[EMAPI] page=6 rows=100 kept=47 total=236
[EMAPI] page=7 rows=100 kept=46 total=281
[EMAPI] page=8 rows=100 kept=49 total=329
[EMAPI] page=9 rows=100 kept=53 total=381
[EMAPI] page=10 rows=100 kept=43 total=423
[EMAPI] page=11 rows=100 kept=44 total=466
[EMAPI] page=12 rows=100 kept=45 total=510
[EMAPI] page=13 rows=100 kept=45 total=551
[EMAPI] page=14 rows=100 kept=41 total=589
[EMAPI] page=15 rows=100 kept=49 total=632
[EMAPI] page=16 rows=100 kept=42 total=671
[EMAPI] page=17 rows=100 kept=45 total=713
[EMAPI] page=18 rows=100 kept=46 total=758
[EMAPI] page=19 rows=100 kept=44 total=796
[EMAPI] page=20 rows=100 kept=44 total=838
[EMAPI] page=21 rows=100 kept=45 total=883
[EMAPI] page=22 rows=100 kept=43 total=920
[EMAPI] page=23 rows=100 kept=36 total=953
[EMAPI] page=24 rows=100 kept=39 total=988
[EMAPI] page=25 rows=100 kept=39 total=1020
[SCAN] round=612 market=1020 picks=7 ts=2026-03-24T02:07:26.754Z
[EMAPI] page=1 rows=100 kept=36 total=36
[EMAPI] page=2 rows=100 kept=40 total=76
[EMAPI] page=3 rows=100 kept=32 total=107
[EMAPI] page=4 rows=100 kept=45 total=151
[EMAPI] page=5 rows=100 kept=44 total=195
[EMAPI] page=6 rows=100 kept=39 total=231
[EMAPI] page=7 rows=100 kept=52 total=283
[EMAPI] page=8 rows=100 kept=50 total=332
[EMAPI] page=9 rows=100 kept=51 total=382
[EMAPI] page=10 rows=100 kept=55 total=437
[EMAPI] page=11 rows=100 kept=36 total=472
[EMAPI] page=12 rows=100 kept=48 total=519
[EMAPI] page=13 rows=100 kept=37 total=552
[EMAPI] page=14 rows=100 kept=47 total=596
[EMAPI] page=15 rows=100 kept=47 total=643
[EMAPI] page=16 rows=100 kept=44 total=685
[EMAPI] page=17 rows=100 kept=47 total=729
[EMAPI] page=18 rows=100 kept=52 total=781
[EMAPI] page=19 rows=100 kept=38 total=812
[EMAPI] page=20 rows=100 kept=33 total=844
[EMAPI] page=21 rows=100 kept=35 total=876
[EMAPI] page=22 rows=100 kept=46 total=921
[EMAPI] page=23 rows=100 kept=39 total=958
[EMAPI] page=24 rows=100 kept=43 total=999
[EMAPI] page=25 rows=100 kept=45 total=1032
[SCAN] round=613 market=1032 picks=7 ts=2026-03-24T02:08:26.535Z
[EMAPI] page=1 rows=100 kept=37 total=37
[EMAPI] page=2 rows=100 kept=41 total=78
[EMAPI] page=3 rows=100 kept=36 total=113
[EMAPI] page=4 rows=100 kept=33 total=145
[EMAPI] page=5 rows=100 kept=49 total=193
[EMAPI] page=6 rows=100 kept=40 total=233
[EMAPI] page=7 rows=100 kept=53 total=285
[EMAPI] page=8 rows=100 kept=42 total=325
[EMAPI] page=9 rows=100 kept=47 total=370
[EMAPI] page=10 rows=100 kept=47 total=412
[EMAPI] page=11 rows=100 kept=53 total=465
[EMAPI] page=12 rows=100 kept=34 total=497
[EMAPI] page=13 rows=100 kept=48 total=545
[EMAPI] page=14 rows=100 kept=42 total=587
[EMAPI] page=15 rows=100 kept=45 total=631
[EMAPI] page=16 rows=100 kept=46 total=677
[EMAPI] page=17 rows=100 kept=54 total=731
[EMAPI] page=18 rows=100 kept=43 total=774
[EMAPI] page=19 rows=100 kept=46 total=819
[EMAPI] page=20 rows=100 kept=35 total=853
[EMAPI] page=21 rows=100 kept=49 total=901
[EMAPI] page=22 rows=100 kept=45 total=945
[EMAPI] page=23 rows=100 kept=39 total=984
[EMAPI] page=24 rows=100 kept=33 total=1012
[EMAPI] page=25 rows=100 kept=41 total=1052
[SCAN] round=614 market=1052 picks=7 ts=2026-03-24T02:09:25.901Z
[EMAPI] page=1 rows=100 kept=39 total=39
[EMAPI] page=2 rows=100 kept=37 total=76
[EMAPI] page=3 rows=100 kept=34 total=110
[EMAPI] page=4 rows=100 kept=39 total=149
[EMAPI] page=5 rows=100 kept=45 total=194
[EMAPI] page=6 rows=100 kept=43 total=235
[EMAPI] page=7 rows=100 kept=50 total=284
[EMAPI] page=8 rows=100 kept=44 total=325
[EMAPI] page=9 rows=100 kept=52 total=376
[EMAPI] page=10 rows=100 kept=41 total=417
[EMAPI] page=11 rows=100 kept=49 total=466
[EMAPI] page=12 rows=100 kept=33 total=498
[EMAPI] page=13 rows=100 kept=49 total=544
[EMAPI] page=14 rows=100 kept=48 total=590
[EMAPI] page=15 rows=100 kept=44 total=632
[EMAPI] page=16 rows=100 kept=51 total=679
[EMAPI] page=17 rows=100 kept=52 total=729
[EMAPI] page=18 rows=100 kept=45 total=774
[EMAPI] page=19 rows=100 kept=40 total=814
[EMAPI] page=20 rows=100 kept=42 total=856
[EMAPI] page=21 rows=100 kept=55 total=910
[EMAPI] page=22 rows=100 kept=34 total=944
[EMAPI] page=23 rows=100 kept=40 total=983
[EMAPI] page=24 rows=100 kept=39 total=1021
[EMAPI] page=25 rows=100 kept=42 total=1062
[SCAN] round=615 market=1062 picks=7 ts=2026-03-24T02:10:25.304Z
[EMAPI] page=1 rows=100 kept=37 total=37
[EMAPI] page=2 rows=100 kept=40 total=77
[EMAPI] page=3 rows=100 kept=32 total=109
[EMAPI] page=4 rows=100 kept=35 total=144
[EMAPI] page=5 rows=100 kept=41 total=180
[EMAPI] page=6 rows=100 kept=47 total=227
[EMAPI] page=7 rows=100 kept=50 total=277
[EMAPI] page=8 rows=100 kept=53 total=328
[EMAPI] page=9 rows=100 kept=45 total=373
[EMAPI] page=10 rows=100 kept=46 total=416
[EMAPI] page=11 rows=100 kept=45 total=456
[EMAPI] page=12 rows=100 kept=48 total=503
[EMAPI] page=13 rows=100 kept=50 total=549
[EMAPI] page=14 rows=100 kept=40 total=586
[EMAPI] page=15 rows=100 kept=46 total=631
[EMAPI] page=16 rows=100 kept=54 total=685
[EMAPI] page=17 rows=100 kept=49 total=734
[EMAPI] page=18 rows=100 kept=41 total=772
[EMAPI] page=19 rows=100 kept=41 total=807
[EMAPI] page=20 rows=100 kept=47 total=852
[EMAPI] page=21 rows=100 kept=52 total=900
[EMAPI] page=22 rows=100 kept=39 total=933
[EMAPI] page=23 rows=100 kept=41 total=974
[EMAPI] page=24 rows=100 kept=29 total=1000
[EMAPI] page=25 rows=100 kept=41 total=1041
[SCAN] round=616 market=1041 picks=8 ts=2026-03-24T02:11:26.282Z
[EMAPI] page=1 rows=100 kept=36 total=36
[EMAPI] page=2 rows=100 kept=40 total=76
[EMAPI] page=3 rows=100 kept=29 total=105
[EMAPI] page=4 rows=100 kept=39 total=143
[EMAPI] page=5 rows=100 kept=44 total=187
[EMAPI] page=6 rows=100 kept=51 total=232
[EMAPI] page=7 rows=100 kept=54 total=280
[EMAPI] page=8 rows=100 kept=51 total=326
[EMAPI] page=9 rows=100 kept=46 total=365
[EMAPI] page=10 rows=100 kept=38 total=402
[EMAPI] page=11 rows=100 kept=52 total=452
[EMAPI] page=12 rows=100 kept=51 total=500
[EMAPI] page=13 rows=100 kept=37 total=536
[EMAPI] page=14 rows=100 kept=45 total=579
[EMAPI] page=15 rows=100 kept=46 total=624
[EMAPI] page=16 rows=100 kept=48 total=671
[EMAPI] page=17 rows=100 kept=57 total=726
[EMAPI] page=18 rows=100 kept=44 total=766
[EMAPI] page=19 rows=100 kept=48 total=811
[EMAPI] page=20 rows=100 kept=33 total=840
[EMAPI] page=21 rows=100 kept=45 total=882
[EMAPI] page=22 rows=100 kept=37 total=917
[EMAPI] page=23 rows=100 kept=35 total=948
[EMAPI] page=24 rows=100 kept=40 total=985
[EMAPI] page=25 rows=100 kept=43 total=1025
[SCAN] round=617 market=1025 picks=8 ts=2026-03-24T02:12:26.144Z
[EMAPI] page=1 rows=100 kept=36 total=36
[EMAPI] page=2 rows=100 kept=43 total=78
[EMAPI] page=3 rows=100 kept=25 total=103
[EMAPI] page=4 rows=100 kept=50 total=152
[EMAPI] page=5 rows=100 kept=43 total=194
[EMAPI] page=6 rows=100 kept=43 total=236
[EMAPI] page=7 rows=100 kept=43 total=274
[EMAPI] page=8 rows=100 kept=51 total=324
[EMAPI] page=9 rows=100 kept=48 total=370
[EMAPI] page=10 rows=100 kept=48 total=417
[EMAPI] page=11 rows=100 kept=40 total=456
[EMAPI] page=12 rows=100 kept=50 total=501
[EMAPI] page=13 rows=100 kept=30 total=531
[EMAPI] page=14 rows=100 kept=44 total=574
[EMAPI] page=15 rows=100 kept=48 total=622
[EMAPI] page=16 rows=100 kept=50 total=672
[EMAPI] page=17 rows=100 kept=49 total=720
[EMAPI] page=18 rows=100 kept=43 total=758
[EMAPI] page=19 rows=100 kept=44 total=802
[EMAPI] page=20 rows=100 kept=45 total=844
[EMAPI] page=21 rows=100 kept=42 total=882
[EMAPI] page=22 rows=100 kept=32 total=912
[EMAPI] page=23 rows=100 kept=50 total=959
[EMAPI] page=24 rows=100 kept=38 total=995
[EMAPI] page=25 rows=100 kept=39 total=1033
[SCAN] round=618 market=1033 picks=8 ts=2026-03-24T02:13:28.663Z
[EMAPI] page=1 rows=100 kept=36 total=36
[EMAPI] page=2 rows=100 kept=40 total=76
[EMAPI] page=3 rows=100 kept=27 total=103
[EMAPI] page=4 rows=100 kept=43 total=143
[EMAPI] page=5 rows=100 kept=37 total=180
[EMAPI] page=6 rows=100 kept=49 total=229
[EMAPI] page=7 rows=100 kept=48 total=274
[EMAPI] page=8 rows=100 kept=49 total=319
[EMAPI] page=9 rows=100 kept=41 total=358
[EMAPI] page=10 rows=100 kept=46 total=403
[EMAPI] page=11 rows=100 kept=44 total=445
[EMAPI] page=12 rows=100 kept=46 total=488
[EMAPI] page=13 rows=100 kept=47 total=533
[EMAPI] page=14 rows=100 kept=46 total=578
[EMAPI] page=15 rows=100 kept=38 total=616
[EMAPI] page=16 rows=100 kept=45 total=658
[EMAPI] page=17 rows=100 kept=40 total=697
[EMAPI] page=18 rows=100 kept=50 total=746
[EMAPI] page=19 rows=100 kept=48 total=788
[EMAPI] page=20 rows=100 kept=47 total=833
[EMAPI] page=21 rows=100 kept=50 total=881
[EMAPI] page=22 rows=100 kept=41 total=919
[EMAPI] page=23 rows=100 kept=50 total=962
[EMAPI] page=24 rows=100 kept=34 total=993
[EMAPI] page=25 rows=100 kept=36 total=1025
[SCAN] round=619 market=1025 picks=7 ts=2026-03-24T02:14:25.459Z
[EMAPI] page=1 rows=100 kept=40 total=40
[EMAPI] page=2 rows=100 kept=34 total=74
[EMAPI] page=3 rows=100 kept=31 total=105
[EMAPI] page=4 rows=100 kept=45 total=150
[EMAPI] page=5 rows=100 kept=44 total=193
[EMAPI] page=6 rows=100 kept=43 total=236
[EMAPI] page=7 rows=100 kept=53 total=287
[EMAPI] page=8 rows=100 kept=46 total=330
[EMAPI] page=9 rows=100 kept=45 total=373
[EMAPI] page=10 rows=100 kept=44 total=416
[EMAPI] page=11 rows=100 kept=47 total=460
[EMAPI] page=12 rows=100 kept=39 total=499
[EMAPI] page=13 rows=100 kept=47 total=545
[EMAPI] page=14 rows=100 kept=44 total=586
[EMAPI] page=15 rows=100 kept=47 total=633
[EMAPI] page=16 rows=100 kept=43 total=674
[EMAPI] page=17 rows=100 kept=41 total=712
[EMAPI] page=18 rows=100 kept=55 total=763
[EMAPI] page=19 rows=100 kept=52 total=813
[EMAPI] page=20 rows=100 kept=35 total=847
[EMAPI] page=21 rows=100 kept=39 total=883
[EMAPI] page=22 rows=100 kept=47 total=927
[EMAPI] page=23 rows=100 kept=45 total=970
[EMAPI] page=24 rows=100 kept=42 total=1011
[EMAPI] page=25 rows=100 kept=35 total=1045
[SCAN] round=620 market=1045 picks=9 ts=2026-03-24T02:15:26.620Z
[EMAPI] page=1 rows=100 kept=37 total=37
[EMAPI] page=2 rows=100 kept=36 total=73
[EMAPI] page=3 rows=100 kept=30 total=103
[EMAPI] page=4 rows=100 kept=48 total=150
[EMAPI] page=5 rows=100 kept=44 total=192
[EMAPI] page=6 rows=100 kept=44 total=233
[EMAPI] page=7 rows=100 kept=51 total=283
[EMAPI] page=8 rows=100 kept=43 total=324
[EMAPI] page=9 rows=100 kept=45 total=369
[EMAPI] page=10 rows=100 kept=51 total=420
[EMAPI] page=11 rows=100 kept=48 total=462
[EMAPI] page=12 rows=100 kept=40 total=501
[EMAPI] page=13 rows=100 kept=40 total=540
[EMAPI] page=14 rows=100 kept=49 total=586
[EMAPI] page=15 rows=100 kept=39 total=625
[EMAPI] page=16 rows=100 kept=47 total=672
[EMAPI] page=17 rows=100 kept=45 total=717
[EMAPI] page=18 rows=100 kept=40 total=756
[EMAPI] page=19 rows=100 kept=40 total=789
[EMAPI] page=20 rows=100 kept=46 total=834
[EMAPI] page=21 rows=100 kept=44 total=874
[EMAPI] page=22 rows=100 kept=42 total=912
[EMAPI] page=23 rows=100 kept=40 total=951
[EMAPI] page=24 rows=100 kept=43 total=993
[EMAPI] page=25 rows=100 kept=41 total=1031
[SCAN] round=621 market=1031 picks=9 ts=2026-03-24T02:16:26.226Z
[EMAPI] page=1 rows=100 kept=35 total=35
[EMAPI] page=2 rows=100 kept=38 total=73
[EMAPI] page=3 rows=100 kept=30 total=103
[EMAPI] page=4 rows=100 kept=42 total=145
[EMAPI] page=5 rows=100 kept=49 total=192
[EMAPI] page=6 rows=100 kept=42 total=232
[EMAPI] page=7 rows=100 kept=46 total=277
[EMAPI] page=8 rows=100 kept=42 total=318
[EMAPI] page=9 rows=100 kept=43 total=361
[EMAPI] page=10 rows=100 kept=49 total=409
[EMAPI] page=11 rows=100 kept=41 total=448
[EMAPI] page=12 rows=100 kept=56 total=504
[EMAPI] page=13 rows=100 kept=42 total=546
[EMAPI] page=14 rows=100 kept=41 total=587
[EMAPI] page=15 rows=100 kept=46 total=632
[EMAPI] page=16 rows=100 kept=42 total=670
[EMAPI] page=17 rows=100 kept=39 total=704
[EMAPI] page=18 rows=100 kept=51 total=755
[EMAPI] page=19 rows=100 kept=46 total=799
[EMAPI] page=20 rows=100 kept=45 total=844
[EMAPI] page=21 rows=100 kept=44 total=884
[EMAPI] page=22 rows=100 kept=46 total=926
[EMAPI] page=23 rows=100 kept=42 total=967
[EMAPI] page=24 rows=100 kept=38 total=1003
[EMAPI] page=25 rows=100 kept=42 total=1045
[SCAN] round=622 market=1045 picks=7 ts=2026-03-24T02:17:27.102Z
[EMAPI] page=1 rows=100 kept=36 total=36
[EMAPI] page=2 rows=100 kept=41 total=77
[EMAPI] page=3 rows=100 kept=32 total=109
[EMAPI] page=4 rows=100 kept=43 total=151
[EMAPI] page=5 rows=100 kept=41 total=192
[EMAPI] page=6 rows=100 kept=50 total=241
[EMAPI] page=7 rows=100 kept=46 total=287
[EMAPI] page=8 rows=100 kept=41 total=324
[EMAPI] page=9 rows=100 kept=51 total=373
[EMAPI] page=10 rows=100 kept=52 total=424
[EMAPI] page=11 rows=100 kept=41 total=463
[EMAPI] page=12 rows=100 kept=52 total=512
[EMAPI] page=13 rows=100 kept=47 total=558
[EMAPI] page=14 rows=100 kept=38 total=593
[EMAPI] page=15 rows=100 kept=41 total=634
[EMAPI] page=16 rows=100 kept=46 total=676
[EMAPI] page=17 rows=100 kept=53 total=727
[EMAPI] page=18 rows=100 kept=43 total=767
[EMAPI] page=19 rows=100 kept=40 total=803
[EMAPI] page=20 rows=100 kept=45 total=848
[EMAPI] page=21 rows=100 kept=48 total=892
[EMAPI] page=22 rows=100 kept=47 total=936
[EMAPI] page=23 rows=100 kept=41 total=974
[EMAPI] page=24 rows=100 kept=49 total=1017
[EMAPI] page=25 rows=100 kept=35 total=1050
[SCAN] round=623 market=1050 picks=8 ts=2026-03-24T02:18:25.710Z
[EMAPI] page=1 rows=100 kept=36 total=36
[EMAPI] page=2 rows=100 kept=41 total=77
[EMAPI] page=3 rows=100 kept=33 total=110
[EMAPI] page=4 rows=100 kept=42 total=152
[EMAPI] page=5 rows=100 kept=41 total=191
[EMAPI] page=6 rows=100 kept=48 total=239
[EMAPI] page=7 rows=100 kept=46 total=284
[EMAPI] page=8 rows=100 kept=40 total=324
[EMAPI] page=9 rows=100 kept=46 total=370
[EMAPI] page=10 rows=100 kept=42 total=410
[EMAPI] page=11 rows=100 kept=49 total=457
[EMAPI] page=12 rows=100 kept=48 total=502
[EMAPI] page=13 rows=100 kept=44 total=544
[EMAPI] page=14 rows=100 kept=40 total=583
[EMAPI] page=15 rows=100 kept=57 total=639
[EMAPI] page=16 rows=100 kept=37 total=675
[EMAPI] page=17 rows=100 kept=47 total=721
[EMAPI] page=18 rows=100 kept=39 total=757
[EMAPI] page=19 rows=100 kept=39 total=795
[EMAPI] page=20 rows=100 kept=45 total=840
[EMAPI] page=21 rows=100 kept=45 total=885
[EMAPI] page=22 rows=100 kept=42 total=925
[EMAPI] page=23 rows=100 kept=43 total=965
[EMAPI] page=24 rows=100 kept=41 total=1004
[EMAPI] page=25 rows=100 kept=43 total=1047
[SCAN] round=624 market=1047 picks=9 ts=2026-03-24T02:19:26.893Z
[EMAPI] page=1 rows=100 kept=37 total=37
[EMAPI] page=2 rows=100 kept=37 total=74
[EMAPI] page=3 rows=100 kept=28 total=102
[EMAPI] page=4 rows=100 kept=42 total=144
[EMAPI] page=5 rows=100 kept=50 total=193
[EMAPI] page=6 rows=100 kept=44 total=235
[EMAPI] page=7 rows=100 kept=46 total=278
[EMAPI] page=8 rows=100 kept=46 total=322
[EMAPI] page=9 rows=100 kept=46 total=365
[EMAPI] page=10 rows=100 kept=46 total=411
[EMAPI] page=11 rows=100 kept=43 total=447
[EMAPI] page=12 rows=100 kept=53 total=500
[EMAPI] page=13 rows=100 kept=43 total=543
[EMAPI] page=14 rows=100 kept=41 total=583
[EMAPI] page=15 rows=100 kept=43 total=626
[EMAPI] page=16 rows=100 kept=42 total=666
[EMAPI] page=17 rows=100 kept=43 total=707
[EMAPI] page=18 rows=100 kept=48 total=753
[EMAPI] page=19 rows=100 kept=49 total=801
[EMAPI] page=20 rows=100 kept=44 total=841
[EMAPI] page=21 rows=100 kept=44 total=883
[EMAPI] page=22 rows=100 kept=35 total=917
[EMAPI] page=23 rows=100 kept=43 total=956
[EMAPI] page=24 rows=100 kept=46 total=1001
[EMAPI] page=25 rows=100 kept=36 total=1035
[SCAN] round=625 market=1035 picks=9 ts=2026-03-24T02:20:27.475Z
[EMAPI] page=1 rows=100 kept=36 total=36
[EMAPI] page=2 rows=100 kept=40 total=76
[EMAPI] page=3 rows=100 kept=31 total=105
[EMAPI] page=4 rows=100 kept=43 total=146
[EMAPI] page=5 rows=100 kept=47 total=191
[EMAPI] page=6 rows=100 kept=48 total=235
[EMAPI] page=7 rows=100 kept=46 total=275
[EMAPI] page=8 rows=100 kept=40 total=313
[EMAPI] page=9 rows=100 kept=47 total=359
[EMAPI] page=10 rows=100 kept=41 total=400
[EMAPI] page=11 rows=100 kept=47 total=444
[EMAPI] page=12 rows=100 kept=38 total=482
[EMAPI] page=13 rows=100 kept=39 total=517
[EMAPI] page=14 rows=100 kept=44 total=557
[EMAPI] page=15 rows=100 kept=40 total=597
[EMAPI] page=16 rows=100 kept=46 total=642
[EMAPI] page=17 rows=100 kept=50 total=691
[EMAPI] page=18 rows=100 kept=44 total=735
[EMAPI] page=19 rows=100 kept=45 total=780
[EMAPI] page=20 rows=100 kept=45 total=823
[EMAPI] page=21 rows=100 kept=42 total=863
[EMAPI] page=22 rows=100 kept=40 total=902
[EMAPI] page=23 rows=100 kept=42 total=943
[EMAPI] page=24 rows=100 kept=49 total=986
[EMAPI] page=25 rows=100 kept=34 total=1018
[SCAN] round=626 market=1018 picks=9 ts=2026-03-24T02:21:29.041Z
[EMAPI] page=1 rows=100 kept=36 total=36
[EMAPI] page=2 rows=100 kept=37 total=73
[EMAPI] page=3 rows=100 kept=34 total=107
[EMAPI] page=4 rows=100 kept=40 total=147
[EMAPI] page=5 rows=100 kept=46 total=193
[EMAPI] page=6 rows=100 kept=36 total=228
[EMAPI] page=7 rows=100 kept=42 total=268
[EMAPI] page=8 rows=100 kept=46 total=314
[EMAPI] page=9 rows=100 kept=44 total=354
[EMAPI] page=10 rows=100 kept=37 total=390
[EMAPI] page=11 rows=100 kept=45 total=435
[EMAPI] page=12 rows=100 kept=36 total=470
[EMAPI] page=13 rows=100 kept=53 total=523
[EMAPI] page=14 rows=100 kept=41 total=559
[EMAPI] page=15 rows=100 kept=40 total=594
[EMAPI] page=16 rows=100 kept=51 total=644
[EMAPI] page=17 rows=100 kept=39 total=682
[EMAPI] page=18 rows=100 kept=48 total=725
[EMAPI] page=19 rows=100 kept=34 total=758
[EMAPI] page=20 rows=100 kept=47 total=805
[EMAPI] page=21 rows=100 kept=45 total=843
[EMAPI] page=22 rows=100 kept=43 total=883
[EMAPI] page=23 rows=100 kept=40 total=923
[EMAPI] page=24 rows=100 kept=39 total=958
[EMAPI] page=25 rows=100 kept=43 total=999
[SCAN] round=627 market=999 picks=8 ts=2026-03-24T02:22:25.556Z
[EMAPI] page=1 rows=100 kept=37 total=37
[EMAPI] page=2 rows=100 kept=35 total=72
[EMAPI] page=3 rows=100 kept=34 total=106
[EMAPI] page=4 rows=100 kept=42 total=148
[EMAPI] page=5 rows=100 kept=35 total=183
[EMAPI] page=6 rows=100 kept=44 total=225
[EMAPI] page=7 rows=100 kept=43 total=267
[EMAPI] page=8 rows=100 kept=48 total=315
[EMAPI] page=9 rows=100 kept=41 total=352
[EMAPI] page=10 rows=100 kept=46 total=397
[EMAPI] page=11 rows=100 kept=43 total=438
[EMAPI] page=12 rows=100 kept=44 total=480
[EMAPI] page=13 rows=100 kept=39 total=519
[EMAPI] page=14 rows=100 kept=37 total=551
[EMAPI] page=15 rows=100 kept=43 total=592
[EMAPI] page=16 rows=100 kept=42 total=632
[EMAPI] page=17 rows=100 kept=50 total=682
[EMAPI] page=18 rows=100 kept=40 total=721
[EMAPI] page=19 rows=100 kept=44 total=763
[EMAPI] page=20 rows=100 kept=41 total=803
[EMAPI] page=21 rows=100 kept=35 total=837
[EMAPI] page=22 rows=100 kept=39 total=874
[EMAPI] page=23 rows=100 kept=44 total=916
[EMAPI] page=24 rows=100 kept=46 total=961
[EMAPI] page=25 rows=100 kept=48 total=1004
[SCAN] round=628 market=1004 picks=8 ts=2026-03-24T02:23:25.492Z
[EMAPI] page=1 rows=100 kept=37 total=37
[EMAPI] page=2 rows=100 kept=36 total=73
[EMAPI] page=3 rows=100 kept=34 total=106
[EMAPI] page=4 rows=100 kept=41 total=146
[EMAPI] page=5 rows=100 kept=45 total=190
[EMAPI] page=6 rows=100 kept=44 total=233
[EMAPI] page=7 rows=100 kept=42 total=275
[EMAPI] page=8 rows=100 kept=47 total=320
[EMAPI] page=9 rows=100 kept=41 total=360
[EMAPI] page=10 rows=100 kept=40 total=399
[EMAPI] page=11 rows=100 kept=42 total=441
[EMAPI] page=12 rows=100 kept=38 total=479
[EMAPI] page=13 rows=100 kept=46 total=523
[EMAPI] page=14 rows=100 kept=44 total=564
[EMAPI] page=15 rows=100 kept=40 total=604
[EMAPI] page=16 rows=100 kept=39 total=643
[EMAPI] page=17 rows=100 kept=41 total=682
[EMAPI] page=18 rows=100 kept=47 total=725
[EMAPI] page=19 rows=100 kept=37 total=762
[EMAPI] page=20 rows=100 kept=44 total=806
[EMAPI] page=21 rows=100 kept=39 total=845
[EMAPI] page=22 rows=100 kept=37 total=881
[EMAPI] page=23 rows=100 kept=39 total=919
[EMAPI] page=24 rows=100 kept=47 total=964
[EMAPI] page=25 rows=100 kept=46 total=1007
[SCAN] round=629 market=1007 picks=9 ts=2026-03-24T02:24:27.128Z
[EMAPI] page=1 rows=100 kept=40 total=40
[EMAPI] page=2 rows=100 kept=35 total=75
[EMAPI] page=3 rows=100 kept=36 total=111
[EMAPI] page=4 rows=100 kept=35 total=146
[EMAPI] page=5 rows=100 kept=41 total=184
[EMAPI] page=6 rows=100 kept=50 total=232
[EMAPI] page=7 rows=100 kept=51 total=283
[EMAPI] page=8 rows=100 kept=46 total=329
[EMAPI] page=9 rows=100 kept=45 total=370
[EMAPI] page=10 rows=100 kept=44 total=413
[EMAPI] page=11 rows=100 kept=46 total=456
[EMAPI] page=12 rows=100 kept=42 total=496
[EMAPI] page=13 rows=100 kept=42 total=537
[EMAPI] page=14 rows=100 kept=46 total=582
[EMAPI] page=15 rows=100 kept=41 total=623
[EMAPI] page=16 rows=100 kept=49 total=663
[EMAPI] page=17 rows=100 kept=39 total=700
[EMAPI] page=18 rows=100 kept=41 total=741
[EMAPI] page=19 rows=100 kept=35 total=775
[EMAPI] page=20 rows=100 kept=34 total=808
[EMAPI] page=21 rows=100 kept=50 total=849
[EMAPI] page=22 rows=100 kept=46 total=890
[EMAPI] page=23 rows=100 kept=43 total=931
[EMAPI] page=24 rows=100 kept=45 total=969
[EMAPI] page=25 rows=100 kept=47 total=1015
[SCAN] round=630 market=1015 picks=9 ts=2026-03-24T02:25:25.543Z
[EMAPI] page=1 rows=100 kept=39 total=39
[EMAPI] page=2 rows=100 kept=35 total=73
[EMAPI] page=3 rows=100 kept=35 total=108
[EMAPI] page=4 rows=100 kept=37 total=145
[EMAPI] page=5 rows=100 kept=46 total=191
[EMAPI] page=6 rows=100 kept=44 total=233
[EMAPI] page=7 rows=100 kept=51 total=280
[EMAPI] page=8 rows=100 kept=41 total=321
[EMAPI] page=9 rows=100 kept=44 total=365
[EMAPI] page=10 rows=100 kept=45 total=406
[EMAPI] page=11 rows=100 kept=45 total=444
[EMAPI] page=12 rows=100 kept=43 total=485
[EMAPI] page=13 rows=100 kept=45 total=530
[EMAPI] page=14 rows=100 kept=45 total=573
[EMAPI] page=15 rows=100 kept=48 total=619
[EMAPI] page=16 rows=100 kept=40 total=659
[EMAPI] page=17 rows=100 kept=31 total=690
[EMAPI] page=18 rows=100 kept=33 total=721
[EMAPI] page=19 rows=100 kept=51 total=772
[EMAPI] page=20 rows=100 kept=34 total=802
[EMAPI] page=21 rows=100 kept=35 total=836
[EMAPI] page=22 rows=100 kept=40 total=873
[EMAPI] page=23 rows=100 kept=48 total=918
[EMAPI] page=24 rows=100 kept=46 total=961
[EMAPI] page=25 rows=100 kept=50 total=1010
[SCAN] round=631 market=1010 picks=9 ts=2026-03-24T02:26:26.715Z
[EMAPI] page=1 rows=100 kept=37 total=37
[EMAPI] page=2 rows=100 kept=38 total=75
[EMAPI] page=3 rows=100 kept=39 total=114
[EMAPI] page=4 rows=100 kept=39 total=152
[EMAPI] page=5 rows=100 kept=46 total=197
[EMAPI] page=6 rows=100 kept=39 total=234
[EMAPI] page=7 rows=100 kept=45 total=277
[EMAPI] page=8 rows=100 kept=42 total=319
[EMAPI] page=9 rows=100 kept=41 total=360
[EMAPI] page=10 rows=100 kept=47 total=407
[EMAPI] page=11 rows=100 kept=37 total=444
[EMAPI] page=12 rows=100 kept=38 total=480
[EMAPI] page=13 rows=100 kept=51 total=529
[EMAPI] page=14 rows=100 kept=46 total=573
[EMAPI] page=15 rows=100 kept=41 total=614
[EMAPI] page=16 rows=100 kept=42 total=652
[EMAPI] page=17 rows=100 kept=36 total=688
[EMAPI] page=18 rows=100 kept=36 total=721
[EMAPI] page=19 rows=100 kept=40 total=760
[EMAPI] page=20 rows=100 kept=44 total=803
[EMAPI] page=21 rows=100 kept=41 total=844
[EMAPI] page=22 rows=100 kept=40 total=883
[EMAPI] page=23 rows=100 kept=40 total=922
[EMAPI] page=24 rows=100 kept=39 total=958
[EMAPI] page=25 rows=100 kept=50 total=1007
[SCAN] round=632 market=1007 picks=9 ts=2026-03-24T02:27:27.190Z
[EMAPI] page=1 rows=100 kept=37 total=37
[EMAPI] page=2 rows=100 kept=39 total=76
[EMAPI] page=3 rows=100 kept=35 total=110
[EMAPI] page=4 rows=100 kept=42 total=151
[EMAPI] page=5 rows=100 kept=42 total=191
[EMAPI] page=6 rows=100 kept=48 total=238
[EMAPI] page=7 rows=100 kept=42 total=279
[EMAPI] page=8 rows=100 kept=39 total=317
[EMAPI] page=9 rows=100 kept=45 total=362
[EMAPI] page=10 rows=100 kept=38 total=400
[EMAPI] page=11 rows=100 kept=37 total=435
[EMAPI] page=12 rows=100 kept=45 total=479
[EMAPI] page=13 rows=100 kept=47 total=524
[EMAPI] page=14 rows=100 kept=42 total=566
[EMAPI] page=15 rows=100 kept=46 total=609
[EMAPI] page=16 rows=100 kept=49 total=656
[EMAPI] page=17 rows=100 kept=36 total=691
[EMAPI] page=18 rows=100 kept=36 total=725
[EMAPI] page=19 rows=100 kept=52 total=777
[EMAPI] page=20 rows=100 kept=43 total=820
[EMAPI] page=21 rows=100 kept=36 total=854
[EMAPI] page=22 rows=100 kept=44 total=893
[EMAPI] page=23 rows=100 kept=44 total=934
[EMAPI] page=24 rows=100 kept=39 total=972
[EMAPI] page=25 rows=100 kept=43 total=1011
[SCAN] round=633 market=1011 picks=9 ts=2026-03-24T02:28:25.687Z
[EMAPI] page=1 rows=100 kept=38 total=38
[EMAPI] page=2 rows=100 kept=38 total=76
[EMAPI] page=3 rows=100 kept=39 total=113
[EMAPI] page=4 rows=100 kept=40 total=152
[EMAPI] page=5 rows=100 kept=49 total=195
[EMAPI] page=6 rows=100 kept=38 total=231
[EMAPI] page=7 rows=100 kept=52 total=282
[EMAPI] page=8 rows=100 kept=39 total=321
[EMAPI] page=9 rows=100 kept=49 total=367
[EMAPI] page=10 rows=100 kept=42 total=407
[EMAPI] page=11 rows=100 kept=41 total=447
[EMAPI] page=12 rows=100 kept=29 total=473
[EMAPI] page=13 rows=100 kept=45 total=518
[EMAPI] page=14 rows=100 kept=51 total=566
[EMAPI] page=15 rows=100 kept=44 total=610
[EMAPI] page=16 rows=100 kept=39 total=646
[EMAPI] page=17 rows=100 kept=41 total=685
[EMAPI] page=18 rows=100 kept=45 total=727
[EMAPI] page=19 rows=100 kept=46 total=773
[EMAPI] page=20 rows=100 kept=44 total=815
[EMAPI] page=21 rows=100 kept=40 total=854
[EMAPI] page=22 rows=100 kept=43 total=894
[EMAPI] page=23 rows=100 kept=40 total=929
[EMAPI] page=24 rows=100 kept=42 total=967
[EMAPI] page=25 rows=100 kept=42 total=1008
[SCAN] round=634 market=1008 picks=10 ts=2026-03-24T02:29:25.557Z
[EMAPI] page=1 rows=100 kept=39 total=39
[EMAPI] page=2 rows=100 kept=32 total=70
[EMAPI] page=3 rows=100 kept=34 total=103
[EMAPI] page=4 rows=100 kept=39 total=141
[EMAPI] page=5 rows=100 kept=47 total=187
[EMAPI] page=6 rows=100 kept=39 total=223
[EMAPI] page=7 rows=100 kept=38 total=257
[EMAPI] page=8 rows=100 kept=44 total=300
[EMAPI] page=9 rows=100 kept=46 total=343
[EMAPI] page=10 rows=100 kept=45 total=386
[EMAPI] page=11 rows=100 kept=41 total=426
[EMAPI] page=12 rows=100 kept=47 total=470
[EMAPI] page=13 rows=100 kept=33 total=499
[EMAPI] page=14 rows=100 kept=44 total=539
[EMAPI] page=15 rows=100 kept=50 total=583
[EMAPI] page=16 rows=100 kept=41 total=623
[EMAPI] page=17 rows=100 kept=33 total=654
[EMAPI] page=18 rows=100 kept=44 total=698
[EMAPI] page=19 rows=100 kept=45 total=743
[EMAPI] page=20 rows=100 kept=41 total=778
[EMAPI] page=21 rows=100 kept=40 total=814
[EMAPI] page=22 rows=100 kept=40 total=850
[EMAPI] page=23 rows=100 kept=33 total=883
[EMAPI] page=24 rows=100 kept=46 total=922
[EMAPI] page=25 rows=100 kept=48 total=964
[SCAN] round=635 market=964 picks=10 ts=2026-03-24T02:30:26.932Z
[EMAPI] page=1 rows=100 kept=39 total=39
[EMAPI] page=2 rows=100 kept=33 total=72
[EMAPI] page=3 rows=100 kept=33 total=105
[EMAPI] page=4 rows=100 kept=38 total=141
[EMAPI] page=5 rows=100 kept=45 total=185
[EMAPI] page=6 rows=100 kept=45 total=228
[EMAPI] page=7 rows=100 kept=38 total=266
[EMAPI] page=8 rows=100 kept=39 total=304
[EMAPI] page=9 rows=100 kept=41 total=345
[EMAPI] page=10 rows=100 kept=38 total=383
[EMAPI] page=11 rows=100 kept=44 total=426
[EMAPI] page=12 rows=100 kept=47 total=472
[EMAPI] page=13 rows=100 kept=41 total=510
[EMAPI] page=14 rows=100 kept=35 total=541
[EMAPI] page=15 rows=100 kept=49 total=588
[EMAPI] page=16 rows=100 kept=41 total=628
[EMAPI] page=17 rows=100 kept=53 total=681
[EMAPI] page=18 rows=100 kept=29 total=709
[EMAPI] page=19 rows=100 kept=40 total=749
[EMAPI] page=20 rows=100 kept=38 total=787
[EMAPI] page=21 rows=100 kept=40 total=826
[EMAPI] page=22 rows=100 kept=41 total=867
[EMAPI] page=23 rows=100 kept=37 total=903
[EMAPI] page=24 rows=100 kept=43 total=946
[EMAPI] page=25 rows=100 kept=41 total=984
[SCAN] round=636 market=984 picks=9 ts=2026-03-24T02:31:25.529Z
[EMAPI] page=1 rows=100 kept=39 total=39
[EMAPI] page=2 rows=100 kept=32 total=70
[EMAPI] page=3 rows=100 kept=37 total=107
[EMAPI] page=4 rows=100 kept=38 total=142
[EMAPI] page=5 rows=100 kept=46 total=186
[EMAPI] page=6 rows=100 kept=47 total=231
[EMAPI] page=7 rows=100 kept=41 total=271
[EMAPI] page=8 rows=100 kept=39 total=310
[EMAPI] page=9 rows=100 kept=41 total=350
[EMAPI] page=10 rows=100 kept=44 total=394
[EMAPI] page=11 rows=100 kept=44 total=437
[EMAPI] page=12 rows=100 kept=34 total=466
[EMAPI] page=13 rows=100 kept=39 total=503
[EMAPI] page=14 rows=100 kept=50 total=552
[EMAPI] page=15 rows=100 kept=38 total=586
[EMAPI] page=16 rows=100 kept=43 total=624
[EMAPI] page=17 rows=100 kept=37 total=660
[EMAPI] page=18 rows=100 kept=43 total=698
[EMAPI] page=19 rows=100 kept=51 total=746
[EMAPI] page=20 rows=100 kept=40 total=778
[EMAPI] page=21 rows=100 kept=35 total=809
[EMAPI] page=22 rows=100 kept=45 total=851
[EMAPI] page=23 rows=100 kept=40 total=889
[EMAPI] page=24 rows=100 kept=33 total=915
[EMAPI] page=25 rows=100 kept=49 total=962
[SCAN] round=637 market=962 picks=10 ts=2026-03-24T02:32:25.403Z
[EMAPI] page=1 rows=100 kept=37 total=37
[EMAPI] page=2 rows=100 kept=34 total=71
[EMAPI] page=3 rows=100 kept=34 total=104
[EMAPI] page=4 rows=100 kept=39 total=143
[EMAPI] page=5 rows=100 kept=42 total=184
[EMAPI] page=6 rows=100 kept=42 total=225
[EMAPI] page=7 rows=100 kept=50 total=274
[EMAPI] page=8 rows=100 kept=38 total=312
[EMAPI] page=9 rows=100 kept=34 total=345
[EMAPI] page=10 rows=100 kept=41 total=386
[EMAPI] page=11 rows=100 kept=47 total=431
[EMAPI] page=12 rows=100 kept=47 total=476
[EMAPI] page=13 rows=100 kept=36 total=511
[EMAPI] page=14 rows=100 kept=41 total=551
[EMAPI] page=15 rows=100 kept=51 total=602
[EMAPI] page=16 rows=100 kept=39 total=638
[EMAPI] page=17 rows=100 kept=40 total=678
[EMAPI] page=18 rows=100 kept=29 total=703
[EMAPI] page=19 rows=100 kept=47 total=749
[EMAPI] page=20 rows=100 kept=42 total=786
[EMAPI] page=21 rows=100 kept=42 total=828
[EMAPI] page=22 rows=100 kept=45 total=871
[EMAPI] page=23 rows=100 kept=39 total=907
[EMAPI] page=24 rows=100 kept=38 total=944
[EMAPI] page=25 rows=100 kept=41 total=980
[SCAN] round=638 market=980 picks=10 ts=2026-03-24T02:33:26.692Z
[EMAPI] page=1 rows=100 kept=36 total=36
[EMAPI] page=2 rows=100 kept=39 total=75
[EMAPI] page=3 rows=100 kept=33 total=108
[EMAPI] page=4 rows=100 kept=41 total=148
[EMAPI] page=5 rows=100 kept=37 total=185
[EMAPI] page=6 rows=100 kept=47 total=230
[EMAPI] page=7 rows=100 kept=40 total=269
[EMAPI] page=8 rows=100 kept=43 total=312
[EMAPI] page=9 rows=100 kept=44 total=350
[EMAPI] page=10 rows=100 kept=43 total=391
[EMAPI] page=11 rows=100 kept=41 total=432
[EMAPI] page=12 rows=100 kept=44 total=475
[EMAPI] page=13 rows=100 kept=38 total=510
[EMAPI] page=14 rows=100 kept=36 total=546
[EMAPI] page=15 rows=100 kept=43 total=588
[EMAPI] page=16 rows=100 kept=49 total=635
[EMAPI] page=17 rows=100 kept=36 total=671
[EMAPI] page=18 rows=100 kept=39 total=710
[EMAPI] page=19 rows=100 kept=42 total=751
[EMAPI] page=20 rows=100 kept=43 total=791
[EMAPI] page=21 rows=100 kept=46 total=836
[EMAPI] page=22 rows=100 kept=47 total=882
[EMAPI] page=23 rows=100 kept=35 total=917
[EMAPI] page=24 rows=100 kept=41 total=958
[EMAPI] page=25 rows=100 kept=40 total=993
[SCAN] round=639 market=993 picks=9 ts=2026-03-24T02:34:26.174Z
[EMAPI] page=1 rows=100 kept=40 total=40
[EMAPI] page=2 rows=100 kept=37 total=76
[EMAPI] page=3 rows=100 kept=30 total=106
[EMAPI] page=4 rows=100 kept=42 total=147
[EMAPI] page=5 rows=100 kept=39 total=185
[EMAPI] page=6 rows=100 kept=47 total=229
[EMAPI] page=7 rows=100 kept=43 total=271
[EMAPI] page=8 rows=100 kept=40 total=308
[EMAPI] page=9 rows=100 kept=39 total=345
[EMAPI] page=10 rows=100 kept=47 total=392
[EMAPI] page=11 rows=100 kept=36 total=427
[EMAPI] page=12 rows=100 kept=44 total=471
[EMAPI] page=13 rows=100 kept=43 total=513
[EMAPI] page=14 rows=100 kept=46 total=559
[EMAPI] page=15 rows=100 kept=46 total=605
[EMAPI] page=16 rows=100 kept=39 total=643
[EMAPI] page=17 rows=100 kept=38 total=680
[EMAPI] page=18 rows=100 kept=33 total=713
[EMAPI] page=19 rows=100 kept=40 total=751
[EMAPI] page=20 rows=100 kept=45 total=795
[EMAPI] page=21 rows=100 kept=46 total=841
[EMAPI] page=22 rows=100 kept=48 total=886
[EMAPI] page=23 rows=100 kept=34 total=920
[EMAPI] page=24 rows=100 kept=38 total=955
[EMAPI] page=25 rows=100 kept=39 total=993
[SCAN] round=640 market=993 picks=10 ts=2026-03-24T02:35:26.867Z
[EMAPI] page=1 rows=100 kept=39 total=39
[EMAPI] page=2 rows=100 kept=39 total=77
[EMAPI] page=3 rows=100 kept=34 total=110
[EMAPI] page=4 rows=100 kept=42 total=152
[EMAPI] page=5 rows=100 kept=40 total=192
[EMAPI] page=6 rows=100 kept=43 total=233
[EMAPI] page=7 rows=100 kept=41 total=273
[EMAPI] page=8 rows=100 kept=42 total=315
[EMAPI] page=9 rows=100 kept=40 total=351
[EMAPI] page=10 rows=100 kept=36 total=386
[EMAPI] page=11 rows=100 kept=46 total=429
[EMAPI] page=12 rows=100 kept=43 total=469
[EMAPI] page=13 rows=100 kept=56 total=524
[EMAPI] page=14 rows=100 kept=38 total=562
[EMAPI] page=15 rows=100 kept=39 total=600
[EMAPI] page=16 rows=100 kept=48 total=647
[EMAPI] page=17 rows=100 kept=47 total=690
[EMAPI] page=18 rows=100 kept=36 total=725
[EMAPI] page=19 rows=100 kept=44 total=767
[EMAPI] page=20 rows=100 kept=38 total=803
[EMAPI] page=21 rows=100 kept=37 total=840
[EMAPI] page=22 rows=100 kept=42 total=877
[EMAPI] page=23 rows=100 kept=41 total=918
[EMAPI] page=24 rows=100 kept=46 total=959
[EMAPI] page=25 rows=100 kept=39 total=998
[SCAN] round=641 market=998 picks=9 ts=2026-03-24T02:36:26.559Z
[EMAPI] page=1 rows=100 kept=37 total=37
[EMAPI] page=2 rows=100 kept=39 total=75
[EMAPI] page=3 rows=100 kept=33 total=108
[EMAPI] page=4 rows=100 kept=39 total=147
[EMAPI] page=5 rows=100 kept=46 total=193
[EMAPI] page=6 rows=100 kept=41 total=234
[EMAPI] page=7 rows=100 kept=52 total=286
[EMAPI] page=8 rows=100 kept=34 total=316
[EMAPI] page=9 rows=100 kept=42 total=356
[EMAPI] page=10 rows=100 kept=40 total=396
[EMAPI] page=11 rows=100 kept=41 total=434
[EMAPI] page=12 rows=100 kept=51 total=485
[EMAPI] page=13 rows=100 kept=41 total=524
[EMAPI] page=14 rows=100 kept=49 total=572
[EMAPI] page=15 rows=100 kept=37 total=605
[EMAPI] page=16 rows=100 kept=44 total=648
[EMAPI] page=17 rows=100 kept=45 total=689
[EMAPI] page=18 rows=100 kept=44 total=729
[EMAPI] page=19 rows=100 kept=37 total=764
[EMAPI] page=20 rows=100 kept=34 total=796
[EMAPI] page=21 rows=100 kept=37 total=832
[EMAPI] page=22 rows=100 kept=47 total=879
[EMAPI] page=23 rows=100 kept=42 total=921
[EMAPI] page=24 rows=100 kept=42 total=963
[EMAPI] page=25 rows=100 kept=38 total=1000
[SCAN] round=642 market=1000 picks=10 ts=2026-03-24T02:37:25.199Z
[EMAPI] page=1 rows=100 kept=37 total=37
[EMAPI] page=2 rows=100 kept=37 total=74
[EMAPI] page=3 rows=100 kept=34 total=108
[EMAPI] page=4 rows=100 kept=41 total=148
[EMAPI] page=5 rows=100 kept=43 total=191
[EMAPI] page=6 rows=100 kept=43 total=234
[EMAPI] page=7 rows=100 kept=43 total=277
[EMAPI] page=8 rows=100 kept=30 total=307
[EMAPI] page=9 rows=100 kept=37 total=342
[EMAPI] page=10 rows=100 kept=43 total=383
[EMAPI] page=11 rows=100 kept=44 total=425
[EMAPI] page=12 rows=100 kept=35 total=459
[EMAPI] page=13 rows=100 kept=41 total=500
[EMAPI] page=14 rows=100 kept=44 total=542
[EMAPI] page=15 rows=100 kept=51 total=591
[EMAPI] page=16 rows=100 kept=43 total=632
[EMAPI] page=17 rows=100 kept=37 total=667
[EMAPI] page=18 rows=100 kept=43 total=710
[EMAPI] page=19 rows=100 kept=39 total=749
[EMAPI] page=20 rows=100 kept=31 total=780
[EMAPI] page=21 rows=100 kept=41 total=818
[EMAPI] page=22 rows=100 kept=44 total=861
[EMAPI] page=23 rows=100 kept=36 total=896
[EMAPI] page=24 rows=100 kept=48 total=936
[EMAPI] page=25 rows=100 kept=46 total=979
[SCAN] round=643 market=979 picks=9 ts=2026-03-24T02:38:25.315Z
[EMAPI] page=1 rows=100 kept=36 total=36
[EMAPI] page=2 rows=100 kept=35 total=71
[EMAPI] page=3 rows=100 kept=42 total=112
[EMAPI] page=4 rows=100 kept=41 total=151
[EMAPI] page=5 rows=100 kept=31 total=182
[EMAPI] page=6 rows=100 kept=45 total=227
[EMAPI] page=7 rows=100 kept=40 total=265
[EMAPI] page=8 rows=100 kept=35 total=300
[EMAPI] page=9 rows=100 kept=40 total=338
[EMAPI] page=10 rows=100 kept=39 total=377
[EMAPI] page=11 rows=100 kept=42 total=419
[EMAPI] page=12 rows=100 kept=39 total=458
[EMAPI] page=13 rows=100 kept=45 total=501
[EMAPI] page=14 rows=100 kept=54 total=554
[EMAPI] page=15 rows=100 kept=43 total=597
[EMAPI] page=16 rows=100 kept=33 total=627
[EMAPI] page=17 rows=100 kept=52 total=677
[EMAPI] page=18 rows=100 kept=39 total=713
[EMAPI] page=19 rows=100 kept=41 total=749
[EMAPI] page=20 rows=100 kept=44 total=789
[EMAPI] page=21 rows=100 kept=38 total=823
[EMAPI] page=22 rows=100 kept=42 total=861
[EMAPI] page=23 rows=100 kept=33 total=892
[EMAPI] page=24 rows=100 kept=48 total=936
[EMAPI] page=25 rows=100 kept=41 total=975
[SCAN] round=644 market=975 picks=8 ts=2026-03-24T02:39:27.899Z
[EMAPI] page=1 rows=100 kept=38 total=38
[EMAPI] page=2 rows=100 kept=40 total=78
[EMAPI] page=3 rows=100 kept=34 total=112
[EMAPI] page=4 rows=100 kept=34 total=146
[EMAPI] page=5 rows=100 kept=41 total=185
[EMAPI] page=6 rows=100 kept=45 total=230
[EMAPI] page=7 rows=100 kept=43 total=270
[EMAPI] page=8 rows=100 kept=30 total=299
[EMAPI] page=9 rows=100 kept=42 total=338
[EMAPI] page=10 rows=100 kept=38 total=374
[EMAPI] page=11 rows=100 kept=44 total=415
[EMAPI] page=12 rows=100 kept=43 total=455
[EMAPI] page=13 rows=100 kept=41 total=492
[EMAPI] page=14 rows=100 kept=53 total=542
[EMAPI] page=15 rows=100 kept=48 total=587
[EMAPI] page=16 rows=100 kept=47 total=629
[EMAPI] page=17 rows=100 kept=34 total=657
[EMAPI] page=18 rows=100 kept=41 total=696
[EMAPI] page=19 rows=100 kept=40 total=736
[EMAPI] page=20 rows=100 kept=42 total=774
[EMAPI] page=21 rows=100 kept=45 total=816
[EMAPI] page=22 rows=100 kept=33 total=846
[EMAPI] page=23 rows=100 kept=40 total=885
[EMAPI] page=24 rows=100 kept=35 total=919
[EMAPI] page=25 rows=100 kept=43 total=961
[SCAN] round=645 market=961 picks=7 ts=2026-03-24T02:40:25.400Z
[EMAPI] page=1 rows=100 kept=37 total=37
[EMAPI] page=2 rows=100 kept=38 total=75
[EMAPI] page=3 rows=100 kept=35 total=109
[EMAPI] page=4 rows=100 kept=34 total=143
[EMAPI] page=5 rows=100 kept=44 total=186
[EMAPI] page=6 rows=100 kept=46 total=232
[EMAPI] page=7 rows=100 kept=46 total=278
[EMAPI] page=8 rows=100 kept=30 total=308
[EMAPI] page=9 rows=100 kept=40 total=347
[EMAPI] page=10 rows=100 kept=48 total=393
[EMAPI] page=11 rows=100 kept=34 total=424
[EMAPI] page=12 rows=100 kept=41 total=465
[EMAPI] page=13 rows=100 kept=45 total=509
[EMAPI] page=14 rows=100 kept=49 total=554
[EMAPI] page=15 rows=100 kept=43 total=597
[EMAPI] page=16 rows=100 kept=41 total=638
[EMAPI] page=17 rows=100 kept=46 total=683
[EMAPI] page=18 rows=100 kept=37 total=719
[EMAPI] page=19 rows=100 kept=44 total=760
[EMAPI] page=20 rows=100 kept=37 total=793
[EMAPI] page=21 rows=100 kept=42 total=833
[EMAPI] page=22 rows=100 kept=48 total=878
[EMAPI] page=23 rows=100 kept=40 total=916
[EMAPI] page=24 rows=100 kept=40 total=954
[EMAPI] page=25 rows=100 kept=44 total=994
[SCAN] round=646 market=994 picks=7 ts=2026-03-24T02:41:26.597Z
[EMAPI] page=1 rows=100 kept=37 total=37
[EMAPI] page=2 rows=100 kept=36 total=73
[EMAPI] page=3 rows=100 kept=35 total=107
[EMAPI] page=4 rows=100 kept=39 total=145
[EMAPI] page=5 rows=100 kept=41 total=185
[EMAPI] page=6 rows=100 kept=47 total=232
[EMAPI] page=7 rows=100 kept=37 total=268
[EMAPI] page=8 rows=100 kept=34 total=301
[EMAPI] page=9 rows=100 kept=25 total=326
[EMAPI] page=10 rows=100 kept=43 total=368
[EMAPI] page=11 rows=100 kept=43 total=411
[EMAPI] page=12 rows=100 kept=41 total=449
[EMAPI] page=13 rows=100 kept=42 total=489
[EMAPI] page=14 rows=100 kept=49 total=536
[EMAPI] page=15 rows=100 kept=42 total=578
[EMAPI] page=16 rows=100 kept=48 total=625
[EMAPI] page=17 rows=100 kept=40 total=664
[EMAPI] page=18 rows=100 kept=51 total=712
[EMAPI] page=19 rows=100 kept=42 total=750
[EMAPI] page=20 rows=100 kept=36 total=783
[EMAPI] page=21 rows=100 kept=38 total=821
[EMAPI] page=22 rows=100 kept=41 total=861
[EMAPI] page=23 rows=100 kept=43 total=900
[EMAPI] page=24 rows=100 kept=39 total=938
[EMAPI] page=25 rows=100 kept=45 total=979
[SCAN] round=647 market=979 picks=8 ts=2026-03-24T02:42:27.208Z
[EMAPI] page=1 rows=100 kept=37 total=37
[EMAPI] page=2 rows=100 kept=38 total=75
[EMAPI] page=3 rows=100 kept=37 total=110
[EMAPI] page=4 rows=100 kept=40 total=149
[EMAPI] page=5 rows=100 kept=37 total=186
[EMAPI] page=6 rows=100 kept=42 total=228
[EMAPI] page=7 rows=100 kept=45 total=271
[EMAPI] page=8 rows=100 kept=29 total=300
[EMAPI] page=9 rows=100 kept=39 total=338
[EMAPI] page=10 rows=100 kept=40 total=374
[EMAPI] page=11 rows=100 kept=48 total=418
[EMAPI] page=12 rows=100 kept=38 total=454
[EMAPI] page=13 rows=100 kept=46 total=499
[EMAPI] page=14 rows=100 kept=49 total=544
[EMAPI] page=15 rows=100 kept=49 total=592
[EMAPI] page=16 rows=100 kept=40 total=629
[EMAPI] page=17 rows=100 kept=33 total=658
[EMAPI] page=18 rows=100 kept=50 total=707
[EMAPI] page=19 rows=100 kept=40 total=742
[EMAPI] page=20 rows=100 kept=52 total=792
[EMAPI] page=21 rows=100 kept=37 total=826
[EMAPI] page=22 rows=100 kept=44 total=867
[EMAPI] page=23 rows=100 kept=43 total=910
[EMAPI] page=24 rows=100 kept=37 total=944
[EMAPI] page=25 rows=100 kept=40 total=982
[SCAN] round=648 market=982 picks=9 ts=2026-03-24T02:43:27.069Z
[EMAPI] page=1 rows=100 kept=38 total=38
[EMAPI] page=2 rows=100 kept=38 total=76
[EMAPI] page=3 rows=100 kept=36 total=112
[EMAPI] page=4 rows=100 kept=37 total=147
[EMAPI] page=5 rows=100 kept=43 total=190
[EMAPI] page=6 rows=100 kept=42 total=232
[EMAPI] page=7 rows=100 kept=38 total=270
[EMAPI] page=8 rows=100 kept=31 total=300
[EMAPI] page=9 rows=100 kept=40 total=338
[EMAPI] page=10 rows=100 kept=44 total=382
[EMAPI] page=11 rows=100 kept=39 total=417
[EMAPI] page=12 rows=100 kept=48 total=465
[EMAPI] page=13 rows=100 kept=37 total=502
[EMAPI] page=14 rows=100 kept=45 total=546
[EMAPI] page=15 rows=100 kept=53 total=594
[EMAPI] page=16 rows=100 kept=36 total=630
[EMAPI] page=17 rows=100 kept=42 total=671
[EMAPI] page=18 rows=100 kept=47 total=717
[EMAPI] page=19 rows=100 kept=43 total=760
[EMAPI] page=20 rows=100 kept=39 total=798
[EMAPI] page=21 rows=100 kept=39 total=837
[EMAPI] page=22 rows=100 kept=36 total=872
[EMAPI] page=23 rows=100 kept=48 total=919
[EMAPI] page=24 rows=100 kept=41 total=958
[EMAPI] page=25 rows=100 kept=37 total=995
[SCAN] round=649 market=995 picks=8 ts=2026-03-24T02:44:25.608Z
[EMAPI] page=1 rows=100 kept=39 total=39
[EMAPI] page=2 rows=100 kept=38 total=77
[EMAPI] page=3 rows=100 kept=32 total=108
[EMAPI] page=4 rows=100 kept=34 total=142
[EMAPI] page=5 rows=100 kept=44 total=186
[EMAPI] page=6 rows=100 kept=48 total=234
[EMAPI] page=7 rows=100 kept=38 total=272
[EMAPI] page=8 rows=100 kept=36 total=306
[EMAPI] page=9 rows=100 kept=32 total=338
[EMAPI] page=10 rows=100 kept=47 total=380
[EMAPI] page=11 rows=100 kept=39 total=418
[EMAPI] page=12 rows=100 kept=42 total=460
[EMAPI] page=13 rows=100 kept=49 total=507
[EMAPI] page=14 rows=100 kept=40 total=546
[EMAPI] page=15 rows=100 kept=43 total=588
[EMAPI] page=16 rows=100 kept=45 total=627
[EMAPI] page=17 rows=100 kept=39 total=665
[EMAPI] page=18 rows=100 kept=41 total=705
[EMAPI] page=19 rows=100 kept=46 total=750
[EMAPI] page=20 rows=100 kept=36 total=783
[EMAPI] page=21 rows=100 kept=39 total=822
[EMAPI] page=22 rows=100 kept=39 total=859
[EMAPI] page=23 rows=100 kept=46 total=902
[EMAPI] page=24 rows=100 kept=40 total=942
[EMAPI] page=25 rows=100 kept=38 total=978
[SCAN] round=650 market=978 picks=9 ts=2026-03-24T02:45:25.653Z
[EMAPI] page=1 rows=100 kept=38 total=38
[EMAPI] page=2 rows=100 kept=35 total=73
[EMAPI] page=3 rows=100 kept=35 total=108
[EMAPI] page=4 rows=100 kept=36 total=144
[EMAPI] page=5 rows=100 kept=40 total=184
[EMAPI] page=6 rows=100 kept=45 total=227
[EMAPI] page=7 rows=100 kept=43 total=269
[EMAPI] page=8 rows=100 kept=30 total=298
[EMAPI] page=9 rows=100 kept=43 total=341
[EMAPI] page=10 rows=100 kept=40 total=375
[EMAPI] page=11 rows=100 kept=46 total=421
[EMAPI] page=12 rows=100 kept=40 total=461
[EMAPI] page=13 rows=100 kept=48 total=509
[EMAPI] page=14 rows=100 kept=46 total=552
[EMAPI] page=15 rows=100 kept=40 total=591
[EMAPI] page=16 rows=100 kept=45 total=634
[EMAPI] page=17 rows=100 kept=38 total=672
[EMAPI] page=18 rows=100 kept=40 total=711
[EMAPI] page=19 rows=100 kept=41 total=751
[EMAPI] page=20 rows=100 kept=45 total=789
[EMAPI] page=21 rows=100 kept=45 total=832
[EMAPI] page=22 rows=100 kept=49 total=879
[EMAPI] page=23 rows=100 kept=39 total=918
[EMAPI] page=24 rows=100 kept=36 total=953
[EMAPI] page=25 rows=100 kept=40 total=992
[SCAN] round=651 market=992 picks=9 ts=2026-03-24T02:46:26.701Z
[EMAPI] page=1 rows=100 kept=37 total=37
[EMAPI] page=2 rows=100 kept=35 total=72
[EMAPI] page=3 rows=100 kept=32 total=104
[EMAPI] page=4 rows=100 kept=37 total=140
[EMAPI] page=5 rows=100 kept=44 total=183
[EMAPI] page=6 rows=100 kept=39 total=222
[EMAPI] page=7 rows=100 kept=40 total=260
[EMAPI] page=8 rows=100 kept=37 total=297
[EMAPI] page=9 rows=100 kept=39 total=334
[EMAPI] page=10 rows=100 kept=47 total=380
[EMAPI] page=11 rows=100 kept=34 total=406
[EMAPI] page=12 rows=100 kept=47 total=453
[EMAPI] page=13 rows=100 kept=44 total=494
[EMAPI] page=14 rows=100 kept=50 total=535
[EMAPI] page=15 rows=100 kept=42 total=572
[EMAPI] page=16 rows=100 kept=38 total=609
[EMAPI] page=17 rows=100 kept=40 total=647
[EMAPI] page=18 rows=100 kept=37 total=684
[EMAPI] page=19 rows=100 kept=41 total=724
[EMAPI] page=20 rows=100 kept=41 total=761
[EMAPI] page=21 rows=100 kept=37 total=795
[EMAPI] page=22 rows=100 kept=40 total=833
[EMAPI] page=23 rows=100 kept=48 total=879
[EMAPI] page=24 rows=100 kept=39 total=917
[EMAPI] page=25 rows=100 kept=45 total=959
[SCAN] round=652 market=959 picks=10 ts=2026-03-24T02:47:26.316Z
[EMAPI] page=1 rows=100 kept=37 total=37
[EMAPI] page=2 rows=100 kept=34 total=71
[EMAPI] page=3 rows=100 kept=35 total=106
[EMAPI] page=4 rows=100 kept=41 total=147
[EMAPI] page=5 rows=100 kept=37 total=184
[EMAPI] page=6 rows=100 kept=41 total=224
[EMAPI] page=7 rows=100 kept=40 total=264
[EMAPI] page=8 rows=100 kept=37 total=301
[EMAPI] page=9 rows=100 kept=32 total=330
[EMAPI] page=10 rows=100 kept=49 total=375
[EMAPI] page=11 rows=100 kept=40 total=415
[EMAPI] page=12 rows=100 kept=41 total=452
[EMAPI] page=13 rows=100 kept=41 total=490
[EMAPI] page=14 rows=100 kept=33 total=518
[EMAPI] page=15 rows=100 kept=38 total=550
[EMAPI] page=16 rows=100 kept=47 total=590
[EMAPI] page=17 rows=100 kept=33 total=622
[EMAPI] page=18 rows=100 kept=53 total=673
[EMAPI] page=19 rows=100 kept=31 total=703
[EMAPI] page=20 rows=100 kept=42 total=745
[EMAPI] page=21 rows=100 kept=34 total=779
[EMAPI] page=22 rows=100 kept=45 total=824
[EMAPI] page=23 rows=100 kept=36 total=856
[EMAPI] page=24 rows=100 kept=52 total=907
[EMAPI] page=25 rows=100 kept=40 total=943
[SCAN] round=653 market=943 picks=9 ts=2026-03-24T02:48:26.407Z
[EMAPI] page=1 rows=100 kept=35 total=35
[EMAPI] page=2 rows=100 kept=36 total=71
[EMAPI] page=3 rows=100 kept=34 total=105
[EMAPI] page=4 rows=100 kept=38 total=143
[EMAPI] page=5 rows=100 kept=39 total=182
[EMAPI] page=6 rows=100 kept=47 total=228
[EMAPI] page=7 rows=100 kept=40 total=264
[EMAPI] page=8 rows=100 kept=32 total=295
[EMAPI] page=9 rows=100 kept=38 total=333
[EMAPI] page=10 rows=100 kept=36 total=368
[EMAPI] page=11 rows=100 kept=52 total=420
[EMAPI] page=12 rows=100 kept=41 total=458
[EMAPI] page=13 rows=100 kept=32 total=488
[EMAPI] page=14 rows=100 kept=48 total=532
[EMAPI] page=15 rows=100 kept=45 total=577
[EMAPI] page=16 rows=100 kept=34 total=611
[EMAPI] page=17 rows=100 kept=45 total=655
[EMAPI] page=18 rows=100 kept=43 total=694
[EMAPI] page=19 rows=100 kept=47 total=740
[EMAPI] page=20 rows=100 kept=41 total=777
[EMAPI] page=21 rows=100 kept=38 total=811
[EMAPI] page=22 rows=100 kept=35 total=843
[EMAPI] page=23 rows=100 kept=40 total=883
[EMAPI] page=24 rows=100 kept=39 total=922
[EMAPI] page=25 rows=100 kept=41 total=963
[SCAN] round=654 market=963 picks=10 ts=2026-03-24T02:49:26.501Z
[EMAPI] page=1 rows=100 kept=35 total=35
[EMAPI] page=2 rows=100 kept=35 total=70
[EMAPI] page=3 rows=100 kept=33 total=102
[EMAPI] page=4 rows=100 kept=40 total=142
[EMAPI] page=5 rows=100 kept=39 total=180
[EMAPI] page=6 rows=100 kept=51 total=231
[EMAPI] page=7 rows=100 kept=35 total=265
[EMAPI] page=8 rows=100 kept=32 total=296
[EMAPI] page=9 rows=100 kept=34 total=330
[EMAPI] page=10 rows=100 kept=35 total=365
[EMAPI] page=11 rows=100 kept=48 total=411
[EMAPI] page=12 rows=100 kept=45 total=452
[EMAPI] page=13 rows=100 kept=35 total=486
[EMAPI] page=14 rows=100 kept=36 total=521
[EMAPI] page=15 rows=100 kept=46 total=567
[EMAPI] page=16 rows=100 kept=42 total=609
[EMAPI] page=17 rows=100 kept=45 total=654
[EMAPI] page=18 rows=100 kept=42 total=694
[EMAPI] page=19 rows=100 kept=37 total=729
[EMAPI] page=20 rows=100 kept=42 total=766
[EMAPI] page=21 rows=100 kept=33 total=796
[EMAPI] page=22 rows=100 kept=43 total=838
[EMAPI] page=23 rows=100 kept=42 total=876
[EMAPI] page=24 rows=100 kept=38 total=911
[EMAPI] page=25 rows=100 kept=38 total=949
[SCAN] round=655 market=949 picks=11 ts=2026-03-24T02:50:26.407Z
[EMAPI] page=1 rows=100 kept=36 total=36
[EMAPI] page=2 rows=100 kept=35 total=71
[EMAPI] page=3 rows=100 kept=35 total=106
[EMAPI] page=4 rows=100 kept=39 total=145
[EMAPI] page=5 rows=100 kept=37 total=181
[EMAPI] page=6 rows=100 kept=46 total=227
[EMAPI] page=7 rows=100 kept=41 total=266
[EMAPI] page=8 rows=100 kept=38 total=304
[EMAPI] page=9 rows=100 kept=41 total=343
[EMAPI] page=10 rows=100 kept=39 total=379
[EMAPI] page=11 rows=100 kept=40 total=417
[EMAPI] page=12 rows=100 kept=40 total=457
[EMAPI] page=13 rows=100 kept=39 total=494
[EMAPI] page=14 rows=100 kept=44 total=536
[EMAPI] page=15 rows=100 kept=42 total=577
[EMAPI] page=16 rows=100 kept=38 total=614
[EMAPI] page=17 rows=100 kept=45 total=655
[EMAPI] page=18 rows=100 kept=45 total=698
[EMAPI] page=19 rows=100 kept=29 total=727
[EMAPI] page=20 rows=100 kept=39 total=764
[EMAPI] page=21 rows=100 kept=41 total=804
[EMAPI] page=22 rows=100 kept=53 total=856
[EMAPI] page=23 rows=100 kept=36 total=892
[EMAPI] page=24 rows=100 kept=43 total=935
[EMAPI] page=25 rows=100 kept=29 total=961
[SCAN] round=656 market=961 picks=10 ts=2026-03-24T02:51:26.116Z
[EMAPI] page=1 rows=100 kept=36 total=36
[EMAPI] page=2 rows=100 kept=36 total=72
[EMAPI] page=3 rows=100 kept=34 total=104
[EMAPI] page=4 rows=100 kept=38 total=141
[EMAPI] page=5 rows=100 kept=41 total=182
[EMAPI] page=6 rows=100 kept=46 total=227
[EMAPI] page=7 rows=100 kept=42 total=269
[EMAPI] page=8 rows=100 kept=36 total=302
[EMAPI] page=9 rows=100 kept=34 total=333
[EMAPI] page=10 rows=100 kept=46 total=378
[EMAPI] page=11 rows=100 kept=40 total=418
[EMAPI] page=12 rows=100 kept=39 total=457
[EMAPI] page=13 rows=100 kept=45 total=500
[EMAPI] page=14 rows=100 kept=40 total=538
[EMAPI] page=15 rows=100 kept=47 total=583
[EMAPI] page=16 rows=100 kept=34 total=616
[EMAPI] page=17 rows=100 kept=50 total=666
[EMAPI] page=18 rows=100 kept=38 total=704
[EMAPI] page=19 rows=100 kept=49 total=752
[EMAPI] page=20 rows=100 kept=38 total=790
[EMAPI] page=21 rows=100 kept=45 total=835
[EMAPI] page=22 rows=100 kept=44 total=878
[EMAPI] page=23 rows=100 kept=38 total=913
[EMAPI] page=24 rows=100 kept=33 total=944
[EMAPI] page=25 rows=100 kept=36 total=976
[SCAN] round=657 market=976 picks=9 ts=2026-03-24T02:52:25.629Z
[EMAPI] page=1 rows=100 kept=38 total=38
[EMAPI] page=2 rows=100 kept=33 total=71
[EMAPI] page=3 rows=100 kept=33 total=104
[EMAPI] page=4 rows=100 kept=41 total=145
[EMAPI] page=5 rows=100 kept=40 total=185
[EMAPI] page=6 rows=100 kept=43 total=227
[EMAPI] page=7 rows=100 kept=47 total=273
[EMAPI] page=8 rows=100 kept=35 total=304
[EMAPI] page=9 rows=100 kept=40 total=341
[EMAPI] page=10 rows=100 kept=46 total=384
[EMAPI] page=11 rows=100 kept=36 total=420
[EMAPI] page=12 rows=100 kept=48 total=466
[EMAPI] page=13 rows=100 kept=46 total=510
[EMAPI] page=14 rows=100 kept=42 total=552
[EMAPI] page=15 rows=100 kept=37 total=589
[EMAPI] page=16 rows=100 kept=47 total=634
[EMAPI] page=17 rows=100 kept=48 total=680
[EMAPI] page=18 rows=100 kept=43 total=722
[EMAPI] page=19 rows=100 kept=36 total=758
[EMAPI] page=20 rows=100 kept=40 total=798
[EMAPI] page=21 rows=100 kept=42 total=839
[EMAPI] page=22 rows=100 kept=45 total=884
[EMAPI] page=23 rows=100 kept=45 total=929
[EMAPI] page=24 rows=100 kept=37 total=962
[EMAPI] page=25 rows=100 kept=33 total=995
[SCAN] round=658 market=995 picks=9 ts=2026-03-24T02:53:26.484Z
[APP] shutting down
