trial,objective,top_n,hold_days,observations,total_return,max_drawdown,win_rate,avg_period_return,params
4,-0.08444870600203504,5,5,56,-0.06147235159930253,-0.26549745080298526,0.4107142857142857,-0.0009284854901176664,"{'min_avg_amount_20': 200000000.0, 'min_price_above_ma20': True, 'min_trend_quality': 1, 'ret20_min': -0.05, 'ret20_max': 0.2, 'ret5_min': -0.03, 'ret5_max': 0.15, 'ret10_w': 0.24, 'ret20_w': 0.18, 'ret5_w': 0.14, 'avg_turnover_5_w': 0.12, 'volume_ratio_5_w': 0.08, 'volatility_10_w': 0.1, 'pullback_10_w': 0.08, 'close_vs_ma20_w': 0.04, 'close_vs_ma60_w': 0.02}"
7,-0.08444870600203504,8,5,56,-0.06147235159930253,-0.26549745080298526,0.4107142857142857,-0.0009284854901176664,"{'min_avg_amount_20': 200000000.0, 'min_price_above_ma20': True, 'min_trend_quality': 1, 'ret20_min': -0.05, 'ret20_max': 0.2, 'ret5_min': -0.03, 'ret5_max': 0.15, 'ret10_w': 0.24, 'ret20_w': 0.18, 'ret5_w': 0.14, 'avg_turnover_5_w': 0.12, 'volume_ratio_5_w': 0.08, 'volatility_10_w': 0.1, 'pullback_10_w': 0.08, 'close_vs_ma20_w': 0.04, 'close_vs_ma60_w': 0.02}"
85,-0.08444870600203504,5,5,56,-0.06147235159930253,-0.26549745080298526,0.4107142857142857,-0.0009284854901176664,"{'min_avg_amount_20': 300000000.0, 'min_price_above_ma20': True, 'min_trend_quality': 1, 'ret20_min': -0.05, 'ret20_max': 0.2, 'ret5_min': -0.03, 'ret5_max': 0.15, 'ret10_w': 0.24, 'ret20_w': 0.18, 'ret5_w': 0.14, 'avg_turnover_5_w': 0.12, 'volume_ratio_5_w': 0.08, 'volatility_10_w': 0.1, 'pullback_10_w': 0.08, 'close_vs_ma20_w': 0.04, 'close_vs_ma60_w': 0.02}"
166,-0.08444870600203504,5,5,56,-0.06147235159930253,-0.26549745080298526,0.4107142857142857,-0.0009284854901176664,"{'min_avg_amount_20': 500000000.0, 'min_price_above_ma20': True, 'min_trend_quality': 1, 'ret20_min': -0.05, 'ret20_max': 0.2, 'ret5_min': -0.03, 'ret5_max': 0.15, 'ret10_w': 0.24, 'ret20_w': 0.18, 'ret5_w': 0.14, 'avg_turnover_5_w': 0.12, 'volume_ratio_5_w': 0.08, 'volatility_10_w': 0.1, 'pullback_10_w': 0.08, 'close_vs_ma20_w': 0.04, 'close_vs_ma60_w': 0.02}"
169,-0.08444870600203504,8,5,56,-0.06147235159930253,-0.26549745080298526,0.4107142857142857,-0.0009284854901176664,"{'min_avg_amount_20': 500000000.0, 'min_price_above_ma20': True, 'min_trend_quality': 1, 'ret20_min': -0.05, 'ret20_max': 0.2, 'ret5_min': -0.03, 'ret5_max': 0.15, 'ret10_w': 0.24, 'ret20_w': 0.18, 'ret5_w': 0.14, 'avg_turnover_5_w': 0.12, 'volume_ratio_5_w': 0.08, 'volatility_10_w': 0.1, 'pullback_10_w': 0.08, 'close_vs_ma20_w': 0.04, 'close_vs_ma60_w': 0.02}"
88,-0.08444870600203504,8,5,56,-0.06147235159930253,-0.26549745080298526,0.4107142857142857,-0.0009284854901176664,"{'min_avg_amount_20': 300000000.0, 'min_price_above_ma20': True, 'min_trend_quality': 1, 'ret20_min': -0.05, 'ret20_max': 0.2, 'ret5_min': -0.03, 'ret5_max': 0.15, 'ret10_w': 0.24, 'ret20_w': 0.18, 'ret5_w': 0.14, 'avg_turnover_5_w': 0.12, 'volume_ratio_5_w': 0.08, 'volatility_10_w': 0.1, 'pullback_10_w': 0.08, 'close_vs_ma20_w': 0.04, 'close_vs_ma60_w': 0.02}"
106,-0.10823770338091168,8,5,56,-0.07479066153921743,-0.27972133577209146,0.4107142857142857,-0.0011705300473049192,"{'min_avg_amount_20': 300000000.0, 'min_price_above_ma20': True, 'min_trend_quality': 1, 'ret20_min': -0.05, 'ret20_max': 0.4, 'ret5_min': -0.03, 'ret5_max': 0.15, 'ret10_w': 0.24, 'ret20_w': 0.18, 'ret5_w': 0.14, 'avg_turnover_5_w': 0.12, 'volume_ratio_5_w': 0.08, 'volatility_10_w': 0.1, 'pullback_10_w': 0.08, 'close_vs_ma20_w': 0.04, 'close_vs_ma60_w': 0.02}"
13,-0.10823770338091168,5,5,56,-0.07479066153921743,-0.27972133577209146,0.4107142857142857,-0.0011705300473049192,"{'min_avg_amount_20': 200000000.0, 'min_price_above_ma20': True, 'min_trend_quality': 1, 'ret20_min': -0.05, 'ret20_max': 0.3, 'ret5_min': -0.03, 'ret5_max': 0.15, 'ret10_w': 0.24, 'ret20_w': 0.18, 'ret5_w': 0.14, 'avg_turnover_5_w': 0.12, 'volume_ratio_5_w': 0.08, 'volatility_10_w': 0.1, 'pullback_10_w': 0.08, 'close_vs_ma20_w': 0.04, 'close_vs_ma60_w': 0.02}"
22,-0.10823770338091168,5,5,56,-0.07479066153921743,-0.27972133577209146,0.4107142857142857,-0.0011705300473049192,"{'min_avg_amount_20': 200000000.0, 'min_price_above_ma20': True, 'min_trend_quality': 1, 'ret20_min': -0.05, 'ret20_max': 0.4, 'ret5_min': -0.03, 'ret5_max': 0.15, 'ret10_w': 0.24, 'ret20_w': 0.18, 'ret5_w': 0.14, 'avg_turnover_5_w': 0.12, 'volume_ratio_5_w': 0.08, 'volatility_10_w': 0.1, 'pullback_10_w': 0.08, 'close_vs_ma20_w': 0.04, 'close_vs_ma60_w': 0.02}"
25,-0.10823770338091168,8,5,56,-0.07479066153921743,-0.27972133577209146,0.4107142857142857,-0.0011705300473049192,"{'min_avg_amount_20': 200000000.0, 'min_price_above_ma20': True, 'min_trend_quality': 1, 'ret20_min': -0.05, 'ret20_max': 0.4, 'ret5_min': -0.03, 'ret5_max': 0.15, 'ret10_w': 0.24, 'ret20_w': 0.18, 'ret5_w': 0.14, 'avg_turnover_5_w': 0.12, 'volume_ratio_5_w': 0.08, 'volatility_10_w': 0.1, 'pullback_10_w': 0.08, 'close_vs_ma20_w': 0.04, 'close_vs_ma60_w': 0.02}"
16,-0.10823770338091168,8,5,56,-0.07479066153921743,-0.27972133577209146,0.4107142857142857,-0.0011705300473049192,"{'min_avg_amount_20': 200000000.0, 'min_price_above_ma20': True, 'min_trend_quality': 1, 'ret20_min': -0.05, 'ret20_max': 0.3, 'ret5_min': -0.03, 'ret5_max': 0.15, 'ret10_w': 0.24, 'ret20_w': 0.18, 'ret5_w': 0.14, 'avg_turnover_5_w': 0.12, 'volume_ratio_5_w': 0.08, 'volatility_10_w': 0.1, 'pullback_10_w': 0.08, 'close_vs_ma20_w': 0.04, 'close_vs_ma60_w': 0.02}"
97,-0.10823770338091168,8,5,56,-0.07479066153921743,-0.27972133577209146,0.4107142857142857,-0.0011705300473049192,"{'min_avg_amount_20': 300000000.0, 'min_price_above_ma20': True, 'min_trend_quality': 1, 'ret20_min': -0.05, 'ret20_max': 0.3, 'ret5_min': -0.03, 'ret5_max': 0.15, 'ret10_w': 0.24, 'ret20_w': 0.18, 'ret5_w': 0.14, 'avg_turnover_5_w': 0.12, 'volume_ratio_5_w': 0.08, 'volatility_10_w': 0.1, 'pullback_10_w': 0.08, 'close_vs_ma20_w': 0.04, 'close_vs_ma60_w': 0.02}"
175,-0.10823770338091168,5,5,56,-0.07479066153921743,-0.27972133577209146,0.4107142857142857,-0.0011705300473049192,"{'min_avg_amount_20': 500000000.0, 'min_price_above_ma20': True, 'min_trend_quality': 1, 'ret20_min': -0.05, 'ret20_max': 0.3, 'ret5_min': -0.03, 'ret5_max': 0.15, 'ret10_w': 0.24, 'ret20_w': 0.18, 'ret5_w': 0.14, 'avg_turnover_5_w': 0.12, 'volume_ratio_5_w': 0.08, 'volatility_10_w': 0.1, 'pullback_10_w': 0.08, 'close_vs_ma20_w': 0.04, 'close_vs_ma60_w': 0.02}"
94,-0.10823770338091168,5,5,56,-0.07479066153921743,-0.27972133577209146,0.4107142857142857,-0.0011705300473049192,"{'min_avg_amount_20': 300000000.0, 'min_price_above_ma20': True, 'min_trend_quality': 1, 'ret20_min': -0.05, 'ret20_max': 0.3, 'ret5_min': -0.03, 'ret5_max': 0.15, 'ret10_w': 0.24, 'ret20_w': 0.18, 'ret5_w': 0.14, 'avg_turnover_5_w': 0.12, 'volume_ratio_5_w': 0.08, 'volatility_10_w': 0.1, 'pullback_10_w': 0.08, 'close_vs_ma20_w': 0.04, 'close_vs_ma60_w': 0.02}"
178,-0.10823770338091168,8,5,56,-0.07479066153921743,-0.27972133577209146,0.4107142857142857,-0.0011705300473049192,"{'min_avg_amount_20': 500000000.0, 'min_price_above_ma20': True, 'min_trend_quality': 1, 'ret20_min': -0.05, 'ret20_max': 0.3, 'ret5_min': -0.03, 'ret5_max': 0.15, 'ret10_w': 0.24, 'ret20_w': 0.18, 'ret5_w': 0.14, 'avg_turnover_5_w': 0.12, 'volume_ratio_5_w': 0.08, 'volatility_10_w': 0.1, 'pullback_10_w': 0.08, 'close_vs_ma20_w': 0.04, 'close_vs_ma60_w': 0.02}"
187,-0.10823770338091168,8,5,56,-0.07479066153921743,-0.27972133577209146,0.4107142857142857,-0.0011705300473049192,"{'min_avg_amount_20': 500000000.0, 'min_price_above_ma20': True, 'min_trend_quality': 1, 'ret20_min': -0.05, 'ret20_max': 0.4, 'ret5_min': -0.03, 'ret5_max': 0.15, 'ret10_w': 0.24, 'ret20_w': 0.18, 'ret5_w': 0.14, 'avg_turnover_5_w': 0.12, 'volume_ratio_5_w': 0.08, 'volatility_10_w': 0.1, 'pullback_10_w': 0.08, 'close_vs_ma20_w': 0.04, 'close_vs_ma60_w': 0.02}"
103,-0.10823770338091168,5,5,56,-0.07479066153921743,-0.27972133577209146,0.4107142857142857,-0.0011705300473049192,"{'min_avg_amount_20': 300000000.0, 'min_price_above_ma20': True, 'min_trend_quality': 1, 'ret20_min': -0.05, 'ret20_max': 0.4, 'ret5_min': -0.03, 'ret5_max': 0.15, 'ret10_w': 0.24, 'ret20_w': 0.18, 'ret5_w': 0.14, 'avg_turnover_5_w': 0.12, 'volume_ratio_5_w': 0.08, 'volatility_10_w': 0.1, 'pullback_10_w': 0.08, 'close_vs_ma20_w': 0.04, 'close_vs_ma60_w': 0.02}"
184,-0.10823770338091168,5,5,56,-0.07479066153921743,-0.27972133577209146,0.4107142857142857,-0.0011705300473049192,"{'min_avg_amount_20': 500000000.0, 'min_price_above_ma20': True, 'min_trend_quality': 1, 'ret20_min': -0.05, 'ret20_max': 0.4, 'ret5_min': -0.03, 'ret5_max': 0.15, 'ret10_w': 0.24, 'ret20_w': 0.18, 'ret5_w': 0.14, 'avg_turnover_5_w': 0.12, 'volume_ratio_5_w': 0.08, 'volatility_10_w': 0.1, 'pullback_10_w': 0.08, 'close_vs_ma20_w': 0.04, 'close_vs_ma60_w': 0.02}"
163,-0.11172313565957336,3,5,56,-0.0783235179410331,-0.2786853677024349,0.4107142857142857,-0.001242299637134915,"{'min_avg_amount_20': 500000000.0, 'min_price_above_ma20': True, 'min_trend_quality': 1, 'ret20_min': -0.05, 'ret20_max': 0.2, 'ret5_min': -0.03, 'ret5_max': 0.15, 'ret10_w': 0.24, 'ret20_w': 0.18, 'ret5_w': 0.14, 'avg_turnover_5_w': 0.12, 'volume_ratio_5_w': 0.08, 'volatility_10_w': 0.1, 'pullback_10_w': 0.08, 'close_vs_ma20_w': 0.04, 'close_vs_ma60_w': 0.02}"
1,-0.11172313565957336,3,5,56,-0.0783235179410331,-0.2786853677024349,0.4107142857142857,-0.001242299637134915,"{'min_avg_amount_20': 200000000.0, 'min_price_above_ma20': True, 'min_trend_quality': 1, 'ret20_min': -0.05, 'ret20_max': 0.2, 'ret5_min': -0.03, 'ret5_max': 0.15, 'ret10_w': 0.24, 'ret20_w': 0.18, 'ret5_w': 0.14, 'avg_turnover_5_w': 0.12, 'volume_ratio_5_w': 0.08, 'volatility_10_w': 0.1, 'pullback_10_w': 0.08, 'close_vs_ma20_w': 0.04, 'close_vs_ma60_w': 0.02}"
82,-0.11172313565957336,3,5,56,-0.0783235179410331,-0.2786853677024349,0.4107142857142857,-0.001242299637134915,"{'min_avg_amount_20': 300000000.0, 'min_price_above_ma20': True, 'min_trend_quality': 1, 'ret20_min': -0.05, 'ret20_max': 0.2, 'ret5_min': -0.03, 'ret5_max': 0.15, 'ret10_w': 0.24, 'ret20_w': 0.18, 'ret5_w': 0.14, 'avg_turnover_5_w': 0.12, 'volume_ratio_5_w': 0.08, 'volatility_10_w': 0.1, 'pullback_10_w': 0.08, 'close_vs_ma20_w': 0.04, 'close_vs_ma60_w': 0.02}"
19,-0.13271633511409192,3,5,56,-0.08991818688252606,-0.2914981664788364,0.4107142857142857,-0.0014561560430329998,"{'min_avg_amount_20': 200000000.0, 'min_price_above_ma20': True, 'min_trend_quality': 1, 'ret20_min': -0.05, 'ret20_max': 0.4, 'ret5_min': -0.03, 'ret5_max': 0.15, 'ret10_w': 0.24, 'ret20_w': 0.18, 'ret5_w': 0.14, 'avg_turnover_5_w': 0.12, 'volume_ratio_5_w': 0.08, 'volatility_10_w': 0.1, 'pullback_10_w': 0.08, 'close_vs_ma20_w': 0.04, 'close_vs_ma60_w': 0.02}"
181,-0.13271633511409192,3,5,56,-0.08991818688252606,-0.2914981664788364,0.4107142857142857,-0.0014561560430329998,"{'min_avg_amount_20': 500000000.0, 'min_price_above_ma20': True, 'min_trend_quality': 1, 'ret20_min': -0.05, 'ret20_max': 0.4, 'ret5_min': -0.03, 'ret5_max': 0.15, 'ret10_w': 0.24, 'ret20_w': 0.18, 'ret5_w': 0.14, 'avg_turnover_5_w': 0.12, 'volume_ratio_5_w': 0.08, 'volatility_10_w': 0.1, 'pullback_10_w': 0.08, 'close_vs_ma20_w': 0.04, 'close_vs_ma60_w': 0.02}"
172,-0.13271633511409192,3,5,56,-0.08991818688252606,-0.2914981664788364,0.4107142857142857,-0.0014561560430329998,"{'min_avg_amount_20': 500000000.0, 'min_price_above_ma20': True, 'min_trend_quality': 1, 'ret20_min': -0.05, 'ret20_max': 0.3, 'ret5_min': -0.03, 'ret5_max': 0.15, 'ret10_w': 0.24, 'ret20_w': 0.18, 'ret5_w': 0.14, 'avg_turnover_5_w': 0.12, 'volume_ratio_5_w': 0.08, 'volatility_10_w': 0.1, 'pullback_10_w': 0.08, 'close_vs_ma20_w': 0.04, 'close_vs_ma60_w': 0.02}"
91,-0.13271633511409192,3,5,56,-0.08991818688252606,-0.2914981664788364,0.4107142857142857,-0.0014561560430329998,"{'min_avg_amount_20': 300000000.0, 'min_price_above_ma20': True, 'min_trend_quality': 1, 'ret20_min': -0.05, 'ret20_max': 0.3, 'ret5_min': -0.03, 'ret5_max': 0.15, 'ret10_w': 0.24, 'ret20_w': 0.18, 'ret5_w': 0.14, 'avg_turnover_5_w': 0.12, 'volume_ratio_5_w': 0.08, 'volatility_10_w': 0.1, 'pullback_10_w': 0.08, 'close_vs_ma20_w': 0.04, 'close_vs_ma60_w': 0.02}"
10,-0.13271633511409192,3,5,56,-0.08991818688252606,-0.2914981664788364,0.4107142857142857,-0.0014561560430329998,"{'min_avg_amount_20': 200000000.0, 'min_price_above_ma20': True, 'min_trend_quality': 1, 'ret20_min': -0.05, 'ret20_max': 0.3, 'ret5_min': -0.03, 'ret5_max': 0.15, 'ret10_w': 0.24, 'ret20_w': 0.18, 'ret5_w': 0.14, 'avg_turnover_5_w': 0.12, 'volume_ratio_5_w': 0.08, 'volatility_10_w': 0.1, 'pullback_10_w': 0.08, 'close_vs_ma20_w': 0.04, 'close_vs_ma60_w': 0.02}"
100,-0.13271633511409192,3,5,56,-0.08991818688252606,-0.2914981664788364,0.4107142857142857,-0.0014561560430329998,"{'min_avg_amount_20': 300000000.0, 'min_price_above_ma20': True, 'min_trend_quality': 1, 'ret20_min': -0.05, 'ret20_max': 0.4, 'ret5_min': -0.03, 'ret5_max': 0.15, 'ret10_w': 0.24, 'ret20_w': 0.18, 'ret5_w': 0.14, 'avg_turnover_5_w': 0.12, 'volume_ratio_5_w': 0.08, 'volatility_10_w': 0.1, 'pullback_10_w': 0.08, 'close_vs_ma20_w': 0.04, 'close_vs_ma60_w': 0.02}"
8,-0.2327771697077608,8,7,54,-0.1356656800233349,-0.3787817343155515,0.42592592592592593,-0.0023645653961461327,"{'min_avg_amount_20': 200000000.0, 'min_price_above_ma20': True, 'min_trend_quality': 1, 'ret20_min': -0.05, 'ret20_max': 0.2, 'ret5_min': -0.03, 'ret5_max': 0.15, 'ret10_w': 0.24, 'ret20_w': 0.18, 'ret5_w': 0.14, 'avg_turnover_5_w': 0.12, 'volume_ratio_5_w': 0.08, 'volatility_10_w': 0.1, 'pullback_10_w': 0.08, 'close_vs_ma20_w': 0.04, 'close_vs_ma60_w': 0.02}"
5,-0.2327771697077608,5,7,54,-0.1356656800233349,-0.3787817343155515,0.42592592592592593,-0.0023645653961461327,"{'min_avg_amount_20': 200000000.0, 'min_price_above_ma20': True, 'min_trend_quality': 1, 'ret20_min': -0.05, 'ret20_max': 0.2, 'ret5_min': -0.03, 'ret5_max': 0.15, 'ret10_w': 0.24, 'ret20_w': 0.18, 'ret5_w': 0.14, 'avg_turnover_5_w': 0.12, 'volume_ratio_5_w': 0.08, 'volatility_10_w': 0.1, 'pullback_10_w': 0.08, 'close_vs_ma20_w': 0.04, 'close_vs_ma60_w': 0.02}"
89,-0.2327771697077608,8,7,54,-0.1356656800233349,-0.3787817343155515,0.42592592592592593,-0.0023645653961461327,"{'min_avg_amount_20': 300000000.0, 'min_price_above_ma20': True, 'min_trend_quality': 1, 'ret20_min': -0.05, 'ret20_max': 0.2, 'ret5_min': -0.03, 'ret5_max': 0.15, 'ret10_w': 0.24, 'ret20_w': 0.18, 'ret5_w': 0.14, 'avg_turnover_5_w': 0.12, 'volume_ratio_5_w': 0.08, 'volatility_10_w': 0.1, 'pullback_10_w': 0.08, 'close_vs_ma20_w': 0.04, 'close_vs_ma60_w': 0.02}"
167,-0.2327771697077608,5,7,54,-0.1356656800233349,-0.3787817343155515,0.42592592592592593,-0.0023645653961461327,"{'min_avg_amount_20': 500000000.0, 'min_price_above_ma20': True, 'min_trend_quality': 1, 'ret20_min': -0.05, 'ret20_max': 0.2, 'ret5_min': -0.03, 'ret5_max': 0.15, 'ret10_w': 0.24, 'ret20_w': 0.18, 'ret5_w': 0.14, 'avg_turnover_5_w': 0.12, 'volume_ratio_5_w': 0.08, 'volatility_10_w': 0.1, 'pullback_10_w': 0.08, 'close_vs_ma20_w': 0.04, 'close_vs_ma60_w': 0.02}"
86,-0.2327771697077608,5,7,54,-0.1356656800233349,-0.3787817343155515,0.42592592592592593,-0.0023645653961461327,"{'min_avg_amount_20': 300000000.0, 'min_price_above_ma20': True, 'min_trend_quality': 1, 'ret20_min': -0.05, 'ret20_max': 0.2, 'ret5_min': -0.03, 'ret5_max': 0.15, 'ret10_w': 0.24, 'ret20_w': 0.18, 'ret5_w': 0.14, 'avg_turnover_5_w': 0.12, 'volume_ratio_5_w': 0.08, 'volatility_10_w': 0.1, 'pullback_10_w': 0.08, 'close_vs_ma20_w': 0.04, 'close_vs_ma60_w': 0.02}"
170,-0.2327771697077608,8,7,54,-0.1356656800233349,-0.3787817343155515,0.42592592592592593,-0.0023645653961461327,"{'min_avg_amount_20': 500000000.0, 'min_price_above_ma20': True, 'min_trend_quality': 1, 'ret20_min': -0.05, 'ret20_max': 0.2, 'ret5_min': -0.03, 'ret5_max': 0.15, 'ret10_w': 0.24, 'ret20_w': 0.18, 'ret5_w': 0.14, 'avg_turnover_5_w': 0.12, 'volume_ratio_5_w': 0.08, 'volatility_10_w': 0.1, 'pullback_10_w': 0.08, 'close_vs_ma20_w': 0.04, 'close_vs_ma60_w': 0.02}"
104,-0.2594243738915749,5,7,54,-0.15311565936510974,-0.389235380148792,0.42592592592592593,-0.002730195063908004,"{'min_avg_amount_20': 300000000.0, 'min_price_above_ma20': True, 'min_trend_quality': 1, 'ret20_min': -0.05, 'ret20_max': 0.4, 'ret5_min': -0.03, 'ret5_max': 0.15, 'ret10_w': 0.24, 'ret20_w': 0.18, 'ret5_w': 0.14, 'avg_turnover_5_w': 0.12, 'volume_ratio_5_w': 0.08, 'volatility_10_w': 0.1, 'pullback_10_w': 0.08, 'close_vs_ma20_w': 0.04, 'close_vs_ma60_w': 0.02}"
107,-0.2594243738915749,8,7,54,-0.15311565936510974,-0.389235380148792,0.42592592592592593,-0.002730195063908004,"{'min_avg_amount_20': 300000000.0, 'min_price_above_ma20': True, 'min_trend_quality': 1, 'ret20_min': -0.05, 'ret20_max': 0.4, 'ret5_min': -0.03, 'ret5_max': 0.15, 'ret10_w': 0.24, 'ret20_w': 0.18, 'ret5_w': 0.14, 'avg_turnover_5_w': 0.12, 'volume_ratio_5_w': 0.08, 'volatility_10_w': 0.1, 'pullback_10_w': 0.08, 'close_vs_ma20_w': 0.04, 'close_vs_ma60_w': 0.02}"
179,-0.2594243738915749,8,7,54,-0.15311565936510974,-0.389235380148792,0.42592592592592593,-0.002730195063908004,"{'min_avg_amount_20': 500000000.0, 'min_price_above_ma20': True, 'min_trend_quality': 1, 'ret20_min': -0.05, 'ret20_max': 0.3, 'ret5_min': -0.03, 'ret5_max': 0.15, 'ret10_w': 0.24, 'ret20_w': 0.18, 'ret5_w': 0.14, 'avg_turnover_5_w': 0.12, 'volume_ratio_5_w': 0.08, 'volatility_10_w': 0.1, 'pullback_10_w': 0.08, 'close_vs_ma20_w': 0.04, 'close_vs_ma60_w': 0.02}"
188,-0.2594243738915749,8,7,54,-0.15311565936510974,-0.389235380148792,0.42592592592592593,-0.002730195063908004,"{'min_avg_amount_20': 500000000.0, 'min_price_above_ma20': True, 'min_trend_quality': 1, 'ret20_min': -0.05, 'ret20_max': 0.4, 'ret5_min': -0.03, 'ret5_max': 0.15, 'ret10_w': 0.24, 'ret20_w': 0.18, 'ret5_w': 0.14, 'avg_turnover_5_w': 0.12, 'volume_ratio_5_w': 0.08, 'volatility_10_w': 0.1, 'pullback_10_w': 0.08, 'close_vs_ma20_w': 0.04, 'close_vs_ma60_w': 0.02}"
176,-0.2594243738915749,5,7,54,-0.15311565936510974,-0.389235380148792,0.42592592592592593,-0.002730195063908004,"{'min_avg_amount_20': 500000000.0, 'min_price_above_ma20': True, 'min_trend_quality': 1, 'ret20_min': -0.05, 'ret20_max': 0.3, 'ret5_min': -0.03, 'ret5_max': 0.15, 'ret10_w': 0.24, 'ret20_w': 0.18, 'ret5_w': 0.14, 'avg_turnover_5_w': 0.12, 'volume_ratio_5_w': 0.08, 'volatility_10_w': 0.1, 'pullback_10_w': 0.08, 'close_vs_ma20_w': 0.04, 'close_vs_ma60_w': 0.02}"
14,-0.2594243738915749,5,7,54,-0.15311565936510974,-0.389235380148792,0.42592592592592593,-0.002730195063908004,"{'min_avg_amount_20': 200000000.0, 'min_price_above_ma20': True, 'min_trend_quality': 1, 'ret20_min': -0.05, 'ret20_max': 0.3, 'ret5_min': -0.03, 'ret5_max': 0.15, 'ret10_w': 0.24, 'ret20_w': 0.18, 'ret5_w': 0.14, 'avg_turnover_5_w': 0.12, 'volume_ratio_5_w': 0.08, 'volatility_10_w': 0.1, 'pullback_10_w': 0.08, 'close_vs_ma20_w': 0.04, 'close_vs_ma60_w': 0.02}"
98,-0.2594243738915749,8,7,54,-0.15311565936510974,-0.389235380148792,0.42592592592592593,-0.002730195063908004,"{'min_avg_amount_20': 300000000.0, 'min_price_above_ma20': True, 'min_trend_quality': 1, 'ret20_min': -0.05, 'ret20_max': 0.3, 'ret5_min': -0.03, 'ret5_max': 0.15, 'ret10_w': 0.24, 'ret20_w': 0.18, 'ret5_w': 0.14, 'avg_turnover_5_w': 0.12, 'volume_ratio_5_w': 0.08, 'volatility_10_w': 0.1, 'pullback_10_w': 0.08, 'close_vs_ma20_w': 0.04, 'close_vs_ma60_w': 0.02}"
26,-0.2594243738915749,8,7,54,-0.15311565936510974,-0.389235380148792,0.42592592592592593,-0.002730195063908004,"{'min_avg_amount_20': 200000000.0, 'min_price_above_ma20': True, 'min_trend_quality': 1, 'ret20_min': -0.05, 'ret20_max': 0.4, 'ret5_min': -0.03, 'ret5_max': 0.15, 'ret10_w': 0.24, 'ret20_w': 0.18, 'ret5_w': 0.14, 'avg_turnover_5_w': 0.12, 'volume_ratio_5_w': 0.08, 'volatility_10_w': 0.1, 'pullback_10_w': 0.08, 'close_vs_ma20_w': 0.04, 'close_vs_ma60_w': 0.02}"
17,-0.2594243738915749,8,7,54,-0.15311565936510974,-0.389235380148792,0.42592592592592593,-0.002730195063908004,"{'min_avg_amount_20': 200000000.0, 'min_price_above_ma20': True, 'min_trend_quality': 1, 'ret20_min': -0.05, 'ret20_max': 0.3, 'ret5_min': -0.03, 'ret5_max': 0.15, 'ret10_w': 0.24, 'ret20_w': 0.18, 'ret5_w': 0.14, 'avg_turnover_5_w': 0.12, 'volume_ratio_5_w': 0.08, 'volatility_10_w': 0.1, 'pullback_10_w': 0.08, 'close_vs_ma20_w': 0.04, 'close_vs_ma60_w': 0.02}"
185,-0.2594243738915749,5,7,54,-0.15311565936510974,-0.389235380148792,0.42592592592592593,-0.002730195063908004,"{'min_avg_amount_20': 500000000.0, 'min_price_above_ma20': True, 'min_trend_quality': 1, 'ret20_min': -0.05, 'ret20_max': 0.4, 'ret5_min': -0.03, 'ret5_max': 0.15, 'ret10_w': 0.24, 'ret20_w': 0.18, 'ret5_w': 0.14, 'avg_turnover_5_w': 0.12, 'volume_ratio_5_w': 0.08, 'volatility_10_w': 0.1, 'pullback_10_w': 0.08, 'close_vs_ma20_w': 0.04, 'close_vs_ma60_w': 0.02}"
23,-0.2594243738915749,5,7,54,-0.15311565936510974,-0.389235380148792,0.42592592592592593,-0.002730195063908004,"{'min_avg_amount_20': 200000000.0, 'min_price_above_ma20': True, 'min_trend_quality': 1, 'ret20_min': -0.05, 'ret20_max': 0.4, 'ret5_min': -0.03, 'ret5_max': 0.15, 'ret10_w': 0.24, 'ret20_w': 0.18, 'ret5_w': 0.14, 'avg_turnover_5_w': 0.12, 'volume_ratio_5_w': 0.08, 'volatility_10_w': 0.1, 'pullback_10_w': 0.08, 'close_vs_ma20_w': 0.04, 'close_vs_ma60_w': 0.02}"
95,-0.2594243738915749,5,7,54,-0.15311565936510974,-0.389235380148792,0.42592592592592593,-0.002730195063908004,"{'min_avg_amount_20': 300000000.0, 'min_price_above_ma20': True, 'min_trend_quality': 1, 'ret20_min': -0.05, 'ret20_max': 0.3, 'ret5_min': -0.03, 'ret5_max': 0.15, 'ret10_w': 0.24, 'ret20_w': 0.18, 'ret5_w': 0.14, 'avg_turnover_5_w': 0.12, 'volume_ratio_5_w': 0.08, 'volatility_10_w': 0.1, 'pullback_10_w': 0.08, 'close_vs_ma20_w': 0.04, 'close_vs_ma60_w': 0.02}"
83,-0.28622224171904465,3,7,54,-0.16906322539471408,-0.40278536894420547,0.42592592592592593,-0.0030702336289851716,"{'min_avg_amount_20': 300000000.0, 'min_price_above_ma20': True, 'min_trend_quality': 1, 'ret20_min': -0.05, 'ret20_max': 0.2, 'ret5_min': -0.03, 'ret5_max': 0.15, 'ret10_w': 0.24, 'ret20_w': 0.18, 'ret5_w': 0.14, 'avg_turnover_5_w': 0.12, 'volume_ratio_5_w': 0.08, 'volatility_10_w': 0.1, 'pullback_10_w': 0.08, 'close_vs_ma20_w': 0.04, 'close_vs_ma60_w': 0.02}"
2,-0.28622224171904465,3,7,54,-0.16906322539471408,-0.40278536894420547,0.42592592592592593,-0.0030702336289851716,"{'min_avg_amount_20': 200000000.0, 'min_price_above_ma20': True, 'min_trend_quality': 1, 'ret20_min': -0.05, 'ret20_max': 0.2, 'ret5_min': -0.03, 'ret5_max': 0.15, 'ret10_w': 0.24, 'ret20_w': 0.18, 'ret5_w': 0.14, 'avg_turnover_5_w': 0.12, 'volume_ratio_5_w': 0.08, 'volatility_10_w': 0.1, 'pullback_10_w': 0.08, 'close_vs_ma20_w': 0.04, 'close_vs_ma60_w': 0.02}"
164,-0.28622224171904465,3,7,54,-0.16906322539471408,-0.40278536894420547,0.42592592592592593,-0.0030702336289851716,"{'min_avg_amount_20': 500000000.0, 'min_price_above_ma20': True, 'min_trend_quality': 1, 'ret20_min': -0.05, 'ret20_max': 0.2, 'ret5_min': -0.03, 'ret5_max': 0.15, 'ret10_w': 0.24, 'ret20_w': 0.18, 'ret5_w': 0.14, 'avg_turnover_5_w': 0.12, 'volume_ratio_5_w': 0.08, 'volatility_10_w': 0.1, 'pullback_10_w': 0.08, 'close_vs_ma20_w': 0.04, 'close_vs_ma60_w': 0.02}"
20,-0.30550554565873833,3,7,54,-0.18182353306583166,-0.40993921504838804,0.42592592592592593,-0.003349069704743492,"{'min_avg_amount_20': 200000000.0, 'min_price_above_ma20': True, 'min_trend_quality': 1, 'ret20_min': -0.05, 'ret20_max': 0.4, 'ret5_min': -0.03, 'ret5_max': 0.15, 'ret10_w': 0.24, 'ret20_w': 0.18, 'ret5_w': 0.14, 'avg_turnover_5_w': 0.12, 'volume_ratio_5_w': 0.08, 'volatility_10_w': 0.1, 'pullback_10_w': 0.08, 'close_vs_ma20_w': 0.04, 'close_vs_ma60_w': 0.02}"
11,-0.30550554565873833,3,7,54,-0.18182353306583166,-0.40993921504838804,0.42592592592592593,-0.003349069704743492,"{'min_avg_amount_20': 200000000.0, 'min_price_above_ma20': True, 'min_trend_quality': 1, 'ret20_min': -0.05, 'ret20_max': 0.3, 'ret5_min': -0.03, 'ret5_max': 0.15, 'ret10_w': 0.24, 'ret20_w': 0.18, 'ret5_w': 0.14, 'avg_turnover_5_w': 0.12, 'volume_ratio_5_w': 0.08, 'volatility_10_w': 0.1, 'pullback_10_w': 0.08, 'close_vs_ma20_w': 0.04, 'close_vs_ma60_w': 0.02}"
182,-0.30550554565873833,3,7,54,-0.18182353306583166,-0.40993921504838804,0.42592592592592593,-0.003349069704743492,"{'min_avg_amount_20': 500000000.0, 'min_price_above_ma20': True, 'min_trend_quality': 1, 'ret20_min': -0.05, 'ret20_max': 0.4, 'ret5_min': -0.03, 'ret5_max': 0.15, 'ret10_w': 0.24, 'ret20_w': 0.18, 'ret5_w': 0.14, 'avg_turnover_5_w': 0.12, 'volume_ratio_5_w': 0.08, 'volatility_10_w': 0.1, 'pullback_10_w': 0.08, 'close_vs_ma20_w': 0.04, 'close_vs_ma60_w': 0.02}"
101,-0.30550554565873833,3,7,54,-0.18182353306583166,-0.40993921504838804,0.42592592592592593,-0.003349069704743492,"{'min_avg_amount_20': 300000000.0, 'min_price_above_ma20': True, 'min_trend_quality': 1, 'ret20_min': -0.05, 'ret20_max': 0.4, 'ret5_min': -0.03, 'ret5_max': 0.15, 'ret10_w': 0.24, 'ret20_w': 0.18, 'ret5_w': 0.14, 'avg_turnover_5_w': 0.12, 'volume_ratio_5_w': 0.08, 'volatility_10_w': 0.1, 'pullback_10_w': 0.08, 'close_vs_ma20_w': 0.04, 'close_vs_ma60_w': 0.02}"
173,-0.30550554565873833,3,7,54,-0.18182353306583166,-0.40993921504838804,0.42592592592592593,-0.003349069704743492,"{'min_avg_amount_20': 500000000.0, 'min_price_above_ma20': True, 'min_trend_quality': 1, 'ret20_min': -0.05, 'ret20_max': 0.3, 'ret5_min': -0.03, 'ret5_max': 0.15, 'ret10_w': 0.24, 'ret20_w': 0.18, 'ret5_w': 0.14, 'avg_turnover_5_w': 0.12, 'volume_ratio_5_w': 0.08, 'volatility_10_w': 0.1, 'pullback_10_w': 0.08, 'close_vs_ma20_w': 0.04, 'close_vs_ma60_w': 0.02}"
92,-0.30550554565873833,3,7,54,-0.18182353306583166,-0.40993921504838804,0.42592592592592593,-0.003349069704743492,"{'min_avg_amount_20': 300000000.0, 'min_price_above_ma20': True, 'min_trend_quality': 1, 'ret20_min': -0.05, 'ret20_max': 0.3, 'ret5_min': -0.03, 'ret5_max': 0.15, 'ret10_w': 0.24, 'ret20_w': 0.18, 'ret5_w': 0.14, 'avg_turnover_5_w': 0.12, 'volume_ratio_5_w': 0.08, 'volatility_10_w': 0.1, 'pullback_10_w': 0.08, 'close_vs_ma20_w': 0.04, 'close_vs_ma60_w': 0.02}"
139,-0.3192710335378023,5,5,56,-0.16581333766928263,-0.299019029734065,0.14285714285714285,-0.0030057847535100743,"{'min_avg_amount_20': 300000000.0, 'min_price_above_ma20': True, 'min_trend_quality': 3, 'ret20_min': -0.05, 'ret20_max': 0.2, 'ret5_min': -0.03, 'ret5_max': 0.15, 'ret10_w': 0.24, 'ret20_w': 0.18, 'ret5_w': 0.14, 'avg_turnover_5_w': 0.12, 'volume_ratio_5_w': 0.08, 'volatility_10_w': 0.1, 'pullback_10_w': 0.08, 'close_vs_ma20_w': 0.04, 'close_vs_ma60_w': 0.02}"
142,-0.3192710335378023,8,5,56,-0.16581333766928263,-0.299019029734065,0.14285714285714285,-0.0030057847535100743,"{'min_avg_amount_20': 300000000.0, 'min_price_above_ma20': True, 'min_trend_quality': 3, 'ret20_min': -0.05, 'ret20_max': 0.2, 'ret5_min': -0.03, 'ret5_max': 0.15, 'ret10_w': 0.24, 'ret20_w': 0.18, 'ret5_w': 0.14, 'avg_turnover_5_w': 0.12, 'volume_ratio_5_w': 0.08, 'volatility_10_w': 0.1, 'pullback_10_w': 0.08, 'close_vs_ma20_w': 0.04, 'close_vs_ma60_w': 0.02}"
61,-0.3192710335378023,8,5,56,-0.16581333766928263,-0.299019029734065,0.14285714285714285,-0.0030057847535100743,"{'min_avg_amount_20': 200000000.0, 'min_price_above_ma20': True, 'min_trend_quality': 3, 'ret20_min': -0.05, 'ret20_max': 0.2, 'ret5_min': -0.03, 'ret5_max': 0.15, 'ret10_w': 0.24, 'ret20_w': 0.18, 'ret5_w': 0.14, 'avg_turnover_5_w': 0.12, 'volume_ratio_5_w': 0.08, 'volatility_10_w': 0.1, 'pullback_10_w': 0.08, 'close_vs_ma20_w': 0.04, 'close_vs_ma60_w': 0.02}"
220,-0.3192710335378023,5,5,56,-0.16581333766928263,-0.299019029734065,0.14285714285714285,-0.0030057847535100743,"{'min_avg_amount_20': 500000000.0, 'min_price_above_ma20': True, 'min_trend_quality': 3, 'ret20_min': -0.05, 'ret20_max': 0.2, 'ret5_min': -0.03, 'ret5_max': 0.15, 'ret10_w': 0.24, 'ret20_w': 0.18, 'ret5_w': 0.14, 'avg_turnover_5_w': 0.12, 'volume_ratio_5_w': 0.08, 'volatility_10_w': 0.1, 'pullback_10_w': 0.08, 'close_vs_ma20_w': 0.04, 'close_vs_ma60_w': 0.02}"
217,-0.3192710335378023,3,5,56,-0.16581333766928263,-0.299019029734065,0.14285714285714285,-0.0030057847535100743,"{'min_avg_amount_20': 500000000.0, 'min_price_above_ma20': True, 'min_trend_quality': 3, 'ret20_min': -0.05, 'ret20_max': 0.2, 'ret5_min': -0.03, 'ret5_max': 0.15, 'ret10_w': 0.24, 'ret20_w': 0.18, 'ret5_w': 0.14, 'avg_turnover_5_w': 0.12, 'volume_ratio_5_w': 0.08, 'volatility_10_w': 0.1, 'pullback_10_w': 0.08, 'close_vs_ma20_w': 0.04, 'close_vs_ma60_w': 0.02}"
58,-0.3192710335378023,5,5,56,-0.16581333766928263,-0.299019029734065,0.14285714285714285,-0.0030057847535100743,"{'min_avg_amount_20': 200000000.0, 'min_price_above_ma20': True, 'min_trend_quality': 3, 'ret20_min': -0.05, 'ret20_max': 0.2, 'ret5_min': -0.03, 'ret5_max': 0.15, 'ret10_w': 0.24, 'ret20_w': 0.18, 'ret5_w': 0.14, 'avg_turnover_5_w': 0.12, 'volume_ratio_5_w': 0.08, 'volatility_10_w': 0.1, 'pullback_10_w': 0.08, 'close_vs_ma20_w': 0.04, 'close_vs_ma60_w': 0.02}"
136,-0.3192710335378023,3,5,56,-0.16581333766928263,-0.299019029734065,0.14285714285714285,-0.0030057847535100743,"{'min_avg_amount_20': 300000000.0, 'min_price_above_ma20': True, 'min_trend_quality': 3, 'ret20_min': -0.05, 'ret20_max': 0.2, 'ret5_min': -0.03, 'ret5_max': 0.15, 'ret10_w': 0.24, 'ret20_w': 0.18, 'ret5_w': 0.14, 'avg_turnover_5_w': 0.12, 'volume_ratio_5_w': 0.08, 'volatility_10_w': 0.1, 'pullback_10_w': 0.08, 'close_vs_ma20_w': 0.04, 'close_vs_ma60_w': 0.02}"
55,-0.3192710335378023,3,5,56,-0.16581333766928263,-0.299019029734065,0.14285714285714285,-0.0030057847535100743,"{'min_avg_amount_20': 200000000.0, 'min_price_above_ma20': True, 'min_trend_quality': 3, 'ret20_min': -0.05, 'ret20_max': 0.2, 'ret5_min': -0.03, 'ret5_max': 0.15, 'ret10_w': 0.24, 'ret20_w': 0.18, 'ret5_w': 0.14, 'avg_turnover_5_w': 0.12, 'volume_ratio_5_w': 0.08, 'volatility_10_w': 0.1, 'pullback_10_w': 0.08, 'close_vs_ma20_w': 0.04, 'close_vs_ma60_w': 0.02}"
223,-0.3192710335378023,8,5,56,-0.16581333766928263,-0.299019029734065,0.14285714285714285,-0.0030057847535100743,"{'min_avg_amount_20': 500000000.0, 'min_price_above_ma20': True, 'min_trend_quality': 3, 'ret20_min': -0.05, 'ret20_max': 0.2, 'ret5_min': -0.03, 'ret5_max': 0.15, 'ret10_w': 0.24, 'ret20_w': 0.18, 'ret5_w': 0.14, 'avg_turnover_5_w': 0.12, 'volume_ratio_5_w': 0.08, 'volatility_10_w': 0.1, 'pullback_10_w': 0.08, 'close_vs_ma20_w': 0.04, 'close_vs_ma60_w': 0.02}"
73,-0.3830841498463675,3,5,56,-0.1936275180246142,-0.3628731897004317,0.16071428571428573,-0.0034978397501867872,"{'min_avg_amount_20': 200000000.0, 'min_price_above_ma20': True, 'min_trend_quality': 3, 'ret20_min': -0.05, 'ret20_max': 0.4, 'ret5_min': -0.03, 'ret5_max': 0.15, 'ret10_w': 0.24, 'ret20_w': 0.18, 'ret5_w': 0.14, 'avg_turnover_5_w': 0.12, 'volume_ratio_5_w': 0.08, 'volatility_10_w': 0.1, 'pullback_10_w': 0.08, 'close_vs_ma20_w': 0.04, 'close_vs_ma60_w': 0.02}"
145,-0.3830841498463675,3,5,56,-0.1936275180246142,-0.3628731897004317,0.16071428571428573,-0.0034978397501867872,"{'min_avg_amount_20': 300000000.0, 'min_price_above_ma20': True, 'min_trend_quality': 3, 'ret20_min': -0.05, 'ret20_max': 0.3, 'ret5_min': -0.03, 'ret5_max': 0.15, 'ret10_w': 0.24, 'ret20_w': 0.18, 'ret5_w': 0.14, 'avg_turnover_5_w': 0.12, 'volume_ratio_5_w': 0.08, 'volatility_10_w': 0.1, 'pullback_10_w': 0.08, 'close_vs_ma20_w': 0.04, 'close_vs_ma60_w': 0.02}"
160,-0.3830841498463675,8,5,56,-0.1936275180246142,-0.3628731897004317,0.16071428571428573,-0.0034978397501867872,"{'min_avg_amount_20': 300000000.0, 'min_price_above_ma20': True, 'min_trend_quality': 3, 'ret20_min': -0.05, 'ret20_max': 0.4, 'ret5_min': -0.03, 'ret5_max': 0.15, 'ret10_w': 0.24, 'ret20_w': 0.18, 'ret5_w': 0.14, 'avg_turnover_5_w': 0.12, 'volume_ratio_5_w': 0.08, 'volatility_10_w': 0.1, 'pullback_10_w': 0.08, 'close_vs_ma20_w': 0.04, 'close_vs_ma60_w': 0.02}"
148,-0.3830841498463675,5,5,56,-0.1936275180246142,-0.3628731897004317,0.16071428571428573,-0.0034978397501867872,"{'min_avg_amount_20': 300000000.0, 'min_price_above_ma20': True, 'min_trend_quality': 3, 'ret20_min': -0.05, 'ret20_max': 0.3, 'ret5_min': -0.03, 'ret5_max': 0.15, 'ret10_w': 0.24, 'ret20_w': 0.18, 'ret5_w': 0.14, 'avg_turnover_5_w': 0.12, 'volume_ratio_5_w': 0.08, 'volatility_10_w': 0.1, 'pullback_10_w': 0.08, 'close_vs_ma20_w': 0.04, 'close_vs_ma60_w': 0.02}"
151,-0.3830841498463675,8,5,56,-0.1936275180246142,-0.3628731897004317,0.16071428571428573,-0.0034978397501867872,"{'min_avg_amount_20': 300000000.0, 'min_price_above_ma20': True, 'min_trend_quality': 3, 'ret20_min': -0.05, 'ret20_max': 0.3, 'ret5_min': -0.03, 'ret5_max': 0.15, 'ret10_w': 0.24, 'ret20_w': 0.18, 'ret5_w': 0.14, 'avg_turnover_5_w': 0.12, 'volume_ratio_5_w': 0.08, 'volatility_10_w': 0.1, 'pullback_10_w': 0.08, 'close_vs_ma20_w': 0.04, 'close_vs_ma60_w': 0.02}"
157,-0.3830841498463675,5,5,56,-0.1936275180246142,-0.3628731897004317,0.16071428571428573,-0.0034978397501867872,"{'min_avg_amount_20': 300000000.0, 'min_price_above_ma20': True, 'min_trend_quality': 3, 'ret20_min': -0.05, 'ret20_max': 0.4, 'ret5_min': -0.03, 'ret5_max': 0.15, 'ret10_w': 0.24, 'ret20_w': 0.18, 'ret5_w': 0.14, 'avg_turnover_5_w': 0.12, 'volume_ratio_5_w': 0.08, 'volatility_10_w': 0.1, 'pullback_10_w': 0.08, 'close_vs_ma20_w': 0.04, 'close_vs_ma60_w': 0.02}"
79,-0.3830841498463675,8,5,56,-0.1936275180246142,-0.3628731897004317,0.16071428571428573,-0.0034978397501867872,"{'min_avg_amount_20': 200000000.0, 'min_price_above_ma20': True, 'min_trend_quality': 3, 'ret20_min': -0.05, 'ret20_max': 0.4, 'ret5_min': -0.03, 'ret5_max': 0.15, 'ret10_w': 0.24, 'ret20_w': 0.18, 'ret5_w': 0.14, 'avg_turnover_5_w': 0.12, 'volume_ratio_5_w': 0.08, 'volatility_10_w': 0.1, 'pullback_10_w': 0.08, 'close_vs_ma20_w': 0.04, 'close_vs_ma60_w': 0.02}"
76,-0.3830841498463675,5,5,56,-0.1936275180246142,-0.3628731897004317,0.16071428571428573,-0.0034978397501867872,"{'min_avg_amount_20': 200000000.0, 'min_price_above_ma20': True, 'min_trend_quality': 3, 'ret20_min': -0.05, 'ret20_max': 0.4, 'ret5_min': -0.03, 'ret5_max': 0.15, 'ret10_w': 0.24, 'ret20_w': 0.18, 'ret5_w': 0.14, 'avg_turnover_5_w': 0.12, 'volume_ratio_5_w': 0.08, 'volatility_10_w': 0.1, 'pullback_10_w': 0.08, 'close_vs_ma20_w': 0.04, 'close_vs_ma60_w': 0.02}"
154,-0.3830841498463675,3,5,56,-0.1936275180246142,-0.3628731897004317,0.16071428571428573,-0.0034978397501867872,"{'min_avg_amount_20': 300000000.0, 'min_price_above_ma20': True, 'min_trend_quality': 3, 'ret20_min': -0.05, 'ret20_max': 0.4, 'ret5_min': -0.03, 'ret5_max': 0.15, 'ret10_w': 0.24, 'ret20_w': 0.18, 'ret5_w': 0.14, 'avg_turnover_5_w': 0.12, 'volume_ratio_5_w': 0.08, 'volatility_10_w': 0.1, 'pullback_10_w': 0.08, 'close_vs_ma20_w': 0.04, 'close_vs_ma60_w': 0.02}"
64,-0.3830841498463675,3,5,56,-0.1936275180246142,-0.3628731897004317,0.16071428571428573,-0.0034978397501867872,"{'min_avg_amount_20': 200000000.0, 'min_price_above_ma20': True, 'min_trend_quality': 3, 'ret20_min': -0.05, 'ret20_max': 0.3, 'ret5_min': -0.03, 'ret5_max': 0.15, 'ret10_w': 0.24, 'ret20_w': 0.18, 'ret5_w': 0.14, 'avg_turnover_5_w': 0.12, 'volume_ratio_5_w': 0.08, 'volatility_10_w': 0.1, 'pullback_10_w': 0.08, 'close_vs_ma20_w': 0.04, 'close_vs_ma60_w': 0.02}"
241,-0.3830841498463675,8,5,56,-0.1936275180246142,-0.3628731897004317,0.16071428571428573,-0.0034978397501867872,"{'min_avg_amount_20': 500000000.0, 'min_price_above_ma20': True, 'min_trend_quality': 3, 'ret20_min': -0.05, 'ret20_max': 0.4, 'ret5_min': -0.03, 'ret5_max': 0.15, 'ret10_w': 0.24, 'ret20_w': 0.18, 'ret5_w': 0.14, 'avg_turnover_5_w': 0.12, 'volume_ratio_5_w': 0.08, 'volatility_10_w': 0.1, 'pullback_10_w': 0.08, 'close_vs_ma20_w': 0.04, 'close_vs_ma60_w': 0.02}"
238,-0.3830841498463675,5,5,56,-0.1936275180246142,-0.3628731897004317,0.16071428571428573,-0.0034978397501867872,"{'min_avg_amount_20': 500000000.0, 'min_price_above_ma20': True, 'min_trend_quality': 3, 'ret20_min': -0.05, 'ret20_max': 0.4, 'ret5_min': -0.03, 'ret5_max': 0.15, 'ret10_w': 0.24, 'ret20_w': 0.18, 'ret5_w': 0.14, 'avg_turnover_5_w': 0.12, 'volume_ratio_5_w': 0.08, 'volatility_10_w': 0.1, 'pullback_10_w': 0.08, 'close_vs_ma20_w': 0.04, 'close_vs_ma60_w': 0.02}"
70,-0.3830841498463675,8,5,56,-0.1936275180246142,-0.3628731897004317,0.16071428571428573,-0.0034978397501867872,"{'min_avg_amount_20': 200000000.0, 'min_price_above_ma20': True, 'min_trend_quality': 3, 'ret20_min': -0.05, 'ret20_max': 0.3, 'ret5_min': -0.03, 'ret5_max': 0.15, 'ret10_w': 0.24, 'ret20_w': 0.18, 'ret5_w': 0.14, 'avg_turnover_5_w': 0.12, 'volume_ratio_5_w': 0.08, 'volatility_10_w': 0.1, 'pullback_10_w': 0.08, 'close_vs_ma20_w': 0.04, 'close_vs_ma60_w': 0.02}"
235,-0.3830841498463675,3,5,56,-0.1936275180246142,-0.3628731897004317,0.16071428571428573,-0.0034978397501867872,"{'min_avg_amount_20': 500000000.0, 'min_price_above_ma20': True, 'min_trend_quality': 3, 'ret20_min': -0.05, 'ret20_max': 0.4, 'ret5_min': -0.03, 'ret5_max': 0.15, 'ret10_w': 0.24, 'ret20_w': 0.18, 'ret5_w': 0.14, 'avg_turnover_5_w': 0.12, 'volume_ratio_5_w': 0.08, 'volatility_10_w': 0.1, 'pullback_10_w': 0.08, 'close_vs_ma20_w': 0.04, 'close_vs_ma60_w': 0.02}"
232,-0.3830841498463675,8,5,56,-0.1936275180246142,-0.3628731897004317,0.16071428571428573,-0.0034978397501867872,"{'min_avg_amount_20': 500000000.0, 'min_price_above_ma20': True, 'min_trend_quality': 3, 'ret20_min': -0.05, 'ret20_max': 0.3, 'ret5_min': -0.03, 'ret5_max': 0.15, 'ret10_w': 0.24, 'ret20_w': 0.18, 'ret5_w': 0.14, 'avg_turnover_5_w': 0.12, 'volume_ratio_5_w': 0.08, 'volatility_10_w': 0.1, 'pullback_10_w': 0.08, 'close_vs_ma20_w': 0.04, 'close_vs_ma60_w': 0.02}"
67,-0.3830841498463675,5,5,56,-0.1936275180246142,-0.3628731897004317,0.16071428571428573,-0.0034978397501867872,"{'min_avg_amount_20': 200000000.0, 'min_price_above_ma20': True, 'min_trend_quality': 3, 'ret20_min': -0.05, 'ret20_max': 0.3, 'ret5_min': -0.03, 'ret5_max': 0.15, 'ret10_w': 0.24, 'ret20_w': 0.18, 'ret5_w': 0.14, 'avg_turnover_5_w': 0.12, 'volume_ratio_5_w': 0.08, 'volatility_10_w': 0.1, 'pullback_10_w': 0.08, 'close_vs_ma20_w': 0.04, 'close_vs_ma60_w': 0.02}"
226,-0.3830841498463675,3,5,56,-0.1936275180246142,-0.3628731897004317,0.16071428571428573,-0.0034978397501867872,"{'min_avg_amount_20': 500000000.0, 'min_price_above_ma20': True, 'min_trend_quality': 3, 'ret20_min': -0.05, 'ret20_max': 0.3, 'ret5_min': -0.03, 'ret5_max': 0.15, 'ret10_w': 0.24, 'ret20_w': 0.18, 'ret5_w': 0.14, 'avg_turnover_5_w': 0.12, 'volume_ratio_5_w': 0.08, 'volatility_10_w': 0.1, 'pullback_10_w': 0.08, 'close_vs_ma20_w': 0.04, 'close_vs_ma60_w': 0.02}"
229,-0.3830841498463675,5,5,56,-0.1936275180246142,-0.3628731897004317,0.16071428571428573,-0.0034978397501867872,"{'min_avg_amount_20': 500000000.0, 'min_price_above_ma20': True, 'min_trend_quality': 3, 'ret20_min': -0.05, 'ret20_max': 0.3, 'ret5_min': -0.03, 'ret5_max': 0.15, 'ret10_w': 0.24, 'ret20_w': 0.18, 'ret5_w': 0.14, 'avg_turnover_5_w': 0.12, 'volume_ratio_5_w': 0.08, 'volatility_10_w': 0.1, 'pullback_10_w': 0.08, 'close_vs_ma20_w': 0.04, 'close_vs_ma60_w': 0.02}"
109,-0.4485752017722509,3,5,56,-0.2610779751732084,-0.3996277787053599,0.26785714285714285,-0.0051838199219783184,"{'min_avg_amount_20': 300000000.0, 'min_price_above_ma20': True, 'min_trend_quality': 2, 'ret20_min': -0.05, 'ret20_max': 0.2, 'ret5_min': -0.03, 'ret5_max': 0.15, 'ret10_w': 0.24, 'ret20_w': 0.18, 'ret5_w': 0.14, 'avg_turnover_5_w': 0.12, 'volume_ratio_5_w': 0.08, 'volatility_10_w': 0.1, 'pullback_10_w': 0.08, 'close_vs_ma20_w': 0.04, 'close_vs_ma60_w': 0.02}"
28,-0.4485752017722509,3,5,56,-0.2610779751732084,-0.3996277787053599,0.26785714285714285,-0.0051838199219783184,"{'min_avg_amount_20': 200000000.0, 'min_price_above_ma20': True, 'min_trend_quality': 2, 'ret20_min': -0.05, 'ret20_max': 0.2, 'ret5_min': -0.03, 'ret5_max': 0.15, 'ret10_w': 0.24, 'ret20_w': 0.18, 'ret5_w': 0.14, 'avg_turnover_5_w': 0.12, 'volume_ratio_5_w': 0.08, 'volatility_10_w': 0.1, 'pullback_10_w': 0.08, 'close_vs_ma20_w': 0.04, 'close_vs_ma60_w': 0.02}"
190,-0.4485752017722509,3,5,56,-0.2610779751732084,-0.3996277787053599,0.26785714285714285,-0.0051838199219783184,"{'min_avg_amount_20': 500000000.0, 'min_price_above_ma20': True, 'min_trend_quality': 2, 'ret20_min': -0.05, 'ret20_max': 0.2, 'ret5_min': -0.03, 'ret5_max': 0.15, 'ret10_w': 0.24, 'ret20_w': 0.18, 'ret5_w': 0.14, 'avg_turnover_5_w': 0.12, 'volume_ratio_5_w': 0.08, 'volatility_10_w': 0.1, 'pullback_10_w': 0.08, 'close_vs_ma20_w': 0.04, 'close_vs_ma60_w': 0.02}"
196,-0.45124213047007367,8,5,56,-0.26266387930458623,-0.40091632168300195,0.26785714285714285,-0.005222307269460783,"{'min_avg_amount_20': 500000000.0, 'min_price_above_ma20': True, 'min_trend_quality': 2, 'ret20_min': -0.05, 'ret20_max': 0.2, 'ret5_min': -0.03, 'ret5_max': 0.15, 'ret10_w': 0.24, 'ret20_w': 0.18, 'ret5_w': 0.14, 'avg_turnover_5_w': 0.12, 'volume_ratio_5_w': 0.08, 'volatility_10_w': 0.1, 'pullback_10_w': 0.08, 'close_vs_ma20_w': 0.04, 'close_vs_ma60_w': 0.02}"
112,-0.45124213047007367,5,5,56,-0.26266387930458623,-0.40091632168300195,0.26785714285714285,-0.005222307269460783,"{'min_avg_amount_20': 300000000.0, 'min_price_above_ma20': True, 'min_trend_quality': 2, 'ret20_min': -0.05, 'ret20_max': 0.2, 'ret5_min': -0.03, 'ret5_max': 0.15, 'ret10_w': 0.24, 'ret20_w': 0.18, 'ret5_w': 0.14, 'avg_turnover_5_w': 0.12, 'volume_ratio_5_w': 0.08, 'volatility_10_w': 0.1, 'pullback_10_w': 0.08, 'close_vs_ma20_w': 0.04, 'close_vs_ma60_w': 0.02}"
115,-0.45124213047007367,8,5,56,-0.26266387930458623,-0.40091632168300195,0.26785714285714285,-0.005222307269460783,"{'min_avg_amount_20': 300000000.0, 'min_price_above_ma20': True, 'min_trend_quality': 2, 'ret20_min': -0.05, 'ret20_max': 0.2, 'ret5_min': -0.03, 'ret5_max': 0.15, 'ret10_w': 0.24, 'ret20_w': 0.18, 'ret5_w': 0.14, 'avg_turnover_5_w': 0.12, 'volume_ratio_5_w': 0.08, 'volatility_10_w': 0.1, 'pullback_10_w': 0.08, 'close_vs_ma20_w': 0.04, 'close_vs_ma60_w': 0.02}"
34,-0.45124213047007367,8,5,56,-0.26266387930458623,-0.40091632168300195,0.26785714285714285,-0.005222307269460783,"{'min_avg_amount_20': 200000000.0, 'min_price_above_ma20': True, 'min_trend_quality': 2, 'ret20_min': -0.05, 'ret20_max': 0.2, 'ret5_min': -0.03, 'ret5_max': 0.15, 'ret10_w': 0.24, 'ret20_w': 0.18, 'ret5_w': 0.14, 'avg_turnover_5_w': 0.12, 'volume_ratio_5_w': 0.08, 'volatility_10_w': 0.1, 'pullback_10_w': 0.08, 'close_vs_ma20_w': 0.04, 'close_vs_ma60_w': 0.02}"
31,-0.45124213047007367,5,5,56,-0.26266387930458623,-0.40091632168300195,0.26785714285714285,-0.005222307269460783,"{'min_avg_amount_20': 200000000.0, 'min_price_above_ma20': True, 'min_trend_quality': 2, 'ret20_min': -0.05, 'ret20_max': 0.2, 'ret5_min': -0.03, 'ret5_max': 0.15, 'ret10_w': 0.24, 'ret20_w': 0.18, 'ret5_w': 0.14, 'avg_turnover_5_w': 0.12, 'volume_ratio_5_w': 0.08, 'volatility_10_w': 0.1, 'pullback_10_w': 0.08, 'close_vs_ma20_w': 0.04, 'close_vs_ma60_w': 0.02}"
193,-0.45124213047007367,5,5,56,-0.26266387930458623,-0.40091632168300195,0.26785714285714285,-0.005222307269460783,"{'min_avg_amount_20': 500000000.0, 'min_price_above_ma20': True, 'min_trend_quality': 2, 'ret20_min': -0.05, 'ret20_max': 0.2, 'ret5_min': -0.03, 'ret5_max': 0.15, 'ret10_w': 0.24, 'ret20_w': 0.18, 'ret5_w': 0.14, 'avg_turnover_5_w': 0.12, 'volume_ratio_5_w': 0.08, 'volatility_10_w': 0.1, 'pullback_10_w': 0.08, 'close_vs_ma20_w': 0.04, 'close_vs_ma60_w': 0.02}"
218,-0.4927178653609161,3,7,54,-0.26114471183175814,-0.40241329522237357,0.14814814814814814,-0.00524712853094821,"{'min_avg_amount_20': 500000000.0, 'min_price_above_ma20': True, 'min_trend_quality': 3, 'ret20_min': -0.05, 'ret20_max': 0.2, 'ret5_min': -0.03, 'ret5_max': 0.15, 'ret10_w': 0.24, 'ret20_w': 0.18, 'ret5_w': 0.14, 'avg_turnover_5_w': 0.12, 'volume_ratio_5_w': 0.08, 'volatility_10_w': 0.1, 'pullback_10_w': 0.08, 'close_vs_ma20_w': 0.04, 'close_vs_ma60_w': 0.02}"
62,-0.4927178653609161,8,7,54,-0.26114471183175814,-0.40241329522237357,0.14814814814814814,-0.00524712853094821,"{'min_avg_amount_20': 200000000.0, 'min_price_above_ma20': True, 'min_trend_quality': 3, 'ret20_min': -0.05, 'ret20_max': 0.2, 'ret5_min': -0.03, 'ret5_max': 0.15, 'ret10_w': 0.24, 'ret20_w': 0.18, 'ret5_w': 0.14, 'avg_turnover_5_w': 0.12, 'volume_ratio_5_w': 0.08, 'volatility_10_w': 0.1, 'pullback_10_w': 0.08, 'close_vs_ma20_w': 0.04, 'close_vs_ma60_w': 0.02}"
59,-0.4927178653609161,5,7,54,-0.26114471183175814,-0.40241329522237357,0.14814814814814814,-0.00524712853094821,"{'min_avg_amount_20': 200000000.0, 'min_price_above_ma20': True, 'min_trend_quality': 3, 'ret20_min': -0.05, 'ret20_max': 0.2, 'ret5_min': -0.03, 'ret5_max': 0.15, 'ret10_w': 0.24, 'ret20_w': 0.18, 'ret5_w': 0.14, 'avg_turnover_5_w': 0.12, 'volume_ratio_5_w': 0.08, 'volatility_10_w': 0.1, 'pullback_10_w': 0.08, 'close_vs_ma20_w': 0.04, 'close_vs_ma60_w': 0.02}"
137,-0.4927178653609161,3,7,54,-0.26114471183175814,-0.40241329522237357,0.14814814814814814,-0.00524712853094821,"{'min_avg_amount_20': 300000000.0, 'min_price_above_ma20': True, 'min_trend_quality': 3, 'ret20_min': -0.05, 'ret20_max': 0.2, 'ret5_min': -0.03, 'ret5_max': 0.15, 'ret10_w': 0.24, 'ret20_w': 0.18, 'ret5_w': 0.14, 'avg_turnover_5_w': 0.12, 'volume_ratio_5_w': 0.08, 'volatility_10_w': 0.1, 'pullback_10_w': 0.08, 'close_vs_ma20_w': 0.04, 'close_vs_ma60_w': 0.02}"
56,-0.4927178653609161,3,7,54,-0.26114471183175814,-0.40241329522237357,0.14814814814814814,-0.00524712853094821,"{'min_avg_amount_20': 200000000.0, 'min_price_above_ma20': True, 'min_trend_quality': 3, 'ret20_min': -0.05, 'ret20_max': 0.2, 'ret5_min': -0.03, 'ret5_max': 0.15, 'ret10_w': 0.24, 'ret20_w': 0.18, 'ret5_w': 0.14, 'avg_turnover_5_w': 0.12, 'volume_ratio_5_w': 0.08, 'volatility_10_w': 0.1, 'pullback_10_w': 0.08, 'close_vs_ma20_w': 0.04, 'close_vs_ma60_w': 0.02}"
140,-0.4927178653609161,5,7,54,-0.26114471183175814,-0.40241329522237357,0.14814814814814814,-0.00524712853094821,"{'min_avg_amount_20': 300000000.0, 'min_price_above_ma20': True, 'min_trend_quality': 3, 'ret20_min': -0.05, 'ret20_max': 0.2, 'ret5_min': -0.03, 'ret5_max': 0.15, 'ret10_w': 0.24, 'ret20_w': 0.18, 'ret5_w': 0.14, 'avg_turnover_5_w': 0.12, 'volume_ratio_5_w': 0.08, 'volatility_10_w': 0.1, 'pullback_10_w': 0.08, 'close_vs_ma20_w': 0.04, 'close_vs_ma60_w': 0.02}"
224,-0.4927178653609161,8,7,54,-0.26114471183175814,-0.40241329522237357,0.14814814814814814,-0.00524712853094821,"{'min_avg_amount_20': 500000000.0, 'min_price_above_ma20': True, 'min_trend_quality': 3, 'ret20_min': -0.05, 'ret20_max': 0.2, 'ret5_min': -0.03, 'ret5_max': 0.15, 'ret10_w': 0.24, 'ret20_w': 0.18, 'ret5_w': 0.14, 'avg_turnover_5_w': 0.12, 'volume_ratio_5_w': 0.08, 'volatility_10_w': 0.1, 'pullback_10_w': 0.08, 'close_vs_ma20_w': 0.04, 'close_vs_ma60_w': 0.02}"
143,-0.4927178653609161,8,7,54,-0.26114471183175814,-0.40241329522237357,0.14814814814814814,-0.00524712853094821,"{'min_avg_amount_20': 300000000.0, 'min_price_above_ma20': True, 'min_trend_quality': 3, 'ret20_min': -0.05, 'ret20_max': 0.2, 'ret5_min': -0.03, 'ret5_max': 0.15, 'ret10_w': 0.24, 'ret20_w': 0.18, 'ret5_w': 0.14, 'avg_turnover_5_w': 0.12, 'volume_ratio_5_w': 0.08, 'volatility_10_w': 0.1, 'pullback_10_w': 0.08, 'close_vs_ma20_w': 0.04, 'close_vs_ma60_w': 0.02}"
221,-0.4927178653609161,5,7,54,-0.26114471183175814,-0.40241329522237357,0.14814814814814814,-0.00524712853094821,"{'min_avg_amount_20': 500000000.0, 'min_price_above_ma20': True, 'min_trend_quality': 3, 'ret20_min': -0.05, 'ret20_max': 0.2, 'ret5_min': -0.03, 'ret5_max': 0.15, 'ret10_w': 0.24, 'ret20_w': 0.18, 'ret5_w': 0.14, 'avg_turnover_5_w': 0.12, 'volume_ratio_5_w': 0.08, 'volatility_10_w': 0.1, 'pullback_10_w': 0.08, 'close_vs_ma20_w': 0.04, 'close_vs_ma60_w': 0.02}"
127,-0.49926159928315744,3,5,56,-0.2902029527618275,-0.4263189914999319,0.26785714285714285,-0.0058771564526713515,"{'min_avg_amount_20': 300000000.0, 'min_price_above_ma20': True, 'min_trend_quality': 2, 'ret20_min': -0.05, 'ret20_max': 0.4, 'ret5_min': -0.03, 'ret5_max': 0.15, 'ret10_w': 0.24, 'ret20_w': 0.18, 'ret5_w': 0.14, 'avg_turnover_5_w': 0.12, 'volume_ratio_5_w': 0.08, 'volatility_10_w': 0.1, 'pullback_10_w': 0.08, 'close_vs_ma20_w': 0.04, 'close_vs_ma60_w': 0.02}"
37,-0.49926159928315744,3,5,56,-0.2902029527618275,-0.4263189914999319,0.26785714285714285,-0.0058771564526713515,"{'min_avg_amount_20': 200000000.0, 'min_price_above_ma20': True, 'min_trend_quality': 2, 'ret20_min': -0.05, 'ret20_max': 0.3, 'ret5_min': -0.03, 'ret5_max': 0.15, 'ret10_w': 0.24, 'ret20_w': 0.18, 'ret5_w': 0.14, 'avg_turnover_5_w': 0.12, 'volume_ratio_5_w': 0.08, 'volatility_10_w': 0.1, 'pullback_10_w': 0.08, 'close_vs_ma20_w': 0.04, 'close_vs_ma60_w': 0.02}"
118,-0.49926159928315744,3,5,56,-0.2902029527618275,-0.4263189914999319,0.26785714285714285,-0.0058771564526713515,"{'min_avg_amount_20': 300000000.0, 'min_price_above_ma20': True, 'min_trend_quality': 2, 'ret20_min': -0.05, 'ret20_max': 0.3, 'ret5_min': -0.03, 'ret5_max': 0.15, 'ret10_w': 0.24, 'ret20_w': 0.18, 'ret5_w': 0.14, 'avg_turnover_5_w': 0.12, 'volume_ratio_5_w': 0.08, 'volatility_10_w': 0.1, 'pullback_10_w': 0.08, 'close_vs_ma20_w': 0.04, 'close_vs_ma60_w': 0.02}"
46,-0.49926159928315744,3,5,56,-0.2902029527618275,-0.4263189914999319,0.26785714285714285,-0.0058771564526713515,"{'min_avg_amount_20': 200000000.0, 'min_price_above_ma20': True, 'min_trend_quality': 2, 'ret20_min': -0.05, 'ret20_max': 0.4, 'ret5_min': -0.03, 'ret5_max': 0.15, 'ret10_w': 0.24, 'ret20_w': 0.18, 'ret5_w': 0.14, 'avg_turnover_5_w': 0.12, 'volume_ratio_5_w': 0.08, 'volatility_10_w': 0.1, 'pullback_10_w': 0.08, 'close_vs_ma20_w': 0.04, 'close_vs_ma60_w': 0.02}"
199,-0.49926159928315744,3,5,56,-0.2902029527618275,-0.4263189914999319,0.26785714285714285,-0.0058771564526713515,"{'min_avg_amount_20': 500000000.0, 'min_price_above_ma20': True, 'min_trend_quality': 2, 'ret20_min': -0.05, 'ret20_max': 0.3, 'ret5_min': -0.03, 'ret5_max': 0.15, 'ret10_w': 0.24, 'ret20_w': 0.18, 'ret5_w': 0.14, 'avg_turnover_5_w': 0.12, 'volume_ratio_5_w': 0.08, 'volatility_10_w': 0.1, 'pullback_10_w': 0.08, 'close_vs_ma20_w': 0.04, 'close_vs_ma60_w': 0.02}"
208,-0.49926159928315744,3,5,56,-0.2902029527618275,-0.4263189914999319,0.26785714285714285,-0.0058771564526713515,"{'min_avg_amount_20': 500000000.0, 'min_price_above_ma20': True, 'min_trend_quality': 2, 'ret20_min': -0.05, 'ret20_max': 0.4, 'ret5_min': -0.03, 'ret5_max': 0.15, 'ret10_w': 0.24, 'ret20_w': 0.18, 'ret5_w': 0.14, 'avg_turnover_5_w': 0.12, 'volume_ratio_5_w': 0.08, 'volatility_10_w': 0.1, 'pullback_10_w': 0.08, 'close_vs_ma20_w': 0.04, 'close_vs_ma60_w': 0.02}"
49,-0.501831647332327,5,5,56,-0.29172634769638606,-0.4275502487245173,0.26785714285714285,-0.005915643800153816,"{'min_avg_amount_20': 200000000.0, 'min_price_above_ma20': True, 'min_trend_quality': 2, 'ret20_min': -0.05, 'ret20_max': 0.4, 'ret5_min': -0.03, 'ret5_max': 0.15, 'ret10_w': 0.24, 'ret20_w': 0.18, 'ret5_w': 0.14, 'avg_turnover_5_w': 0.12, 'volume_ratio_5_w': 0.08, 'volatility_10_w': 0.1, 'pullback_10_w': 0.08, 'close_vs_ma20_w': 0.04, 'close_vs_ma60_w': 0.02}"
202,-0.501831647332327,5,5,56,-0.29172634769638606,-0.4275502487245173,0.26785714285714285,-0.005915643800153816,"{'min_avg_amount_20': 500000000.0, 'min_price_above_ma20': True, 'min_trend_quality': 2, 'ret20_min': -0.05, 'ret20_max': 0.3, 'ret5_min': -0.03, 'ret5_max': 0.15, 'ret10_w': 0.24, 'ret20_w': 0.18, 'ret5_w': 0.14, 'avg_turnover_5_w': 0.12, 'volume_ratio_5_w': 0.08, 'volatility_10_w': 0.1, 'pullback_10_w': 0.08, 'close_vs_ma20_w': 0.04, 'close_vs_ma60_w': 0.02}"
133,-0.501831647332327,8,5,56,-0.29172634769638606,-0.4275502487245173,0.26785714285714285,-0.005915643800153816,"{'min_avg_amount_20': 300000000.0, 'min_price_above_ma20': True, 'min_trend_quality': 2, 'ret20_min': -0.05, 'ret20_max': 0.4, 'ret5_min': -0.03, 'ret5_max': 0.15, 'ret10_w': 0.24, 'ret20_w': 0.18, 'ret5_w': 0.14, 'avg_turnover_5_w': 0.12, 'volume_ratio_5_w': 0.08, 'volatility_10_w': 0.1, 'pullback_10_w': 0.08, 'close_vs_ma20_w': 0.04, 'close_vs_ma60_w': 0.02}"
124,-0.501831647332327,8,5,56,-0.29172634769638606,-0.4275502487245173,0.26785714285714285,-0.005915643800153816,"{'min_avg_amount_20': 300000000.0, 'min_price_above_ma20': True, 'min_trend_quality': 2, 'ret20_min': -0.05, 'ret20_max': 0.3, 'ret5_min': -0.03, 'ret5_max': 0.15, 'ret10_w': 0.24, 'ret20_w': 0.18, 'ret5_w': 0.14, 'avg_turnover_5_w': 0.12, 'volume_ratio_5_w': 0.08, 'volatility_10_w': 0.1, 'pullback_10_w': 0.08, 'close_vs_ma20_w': 0.04, 'close_vs_ma60_w': 0.02}"
121,-0.501831647332327,5,5,56,-0.29172634769638606,-0.4275502487245173,0.26785714285714285,-0.005915643800153816,"{'min_avg_amount_20': 300000000.0, 'min_price_above_ma20': True, 'min_trend_quality': 2, 'ret20_min': -0.05, 'ret20_max': 0.3, 'ret5_min': -0.03, 'ret5_max': 0.15, 'ret10_w': 0.24, 'ret20_w': 0.18, 'ret5_w': 0.14, 'avg_turnover_5_w': 0.12, 'volume_ratio_5_w': 0.08, 'volatility_10_w': 0.1, 'pullback_10_w': 0.08, 'close_vs_ma20_w': 0.04, 'close_vs_ma60_w': 0.02}"
205,-0.501831647332327,8,5,56,-0.29172634769638606,-0.4275502487245173,0.26785714285714285,-0.005915643800153816,"{'min_avg_amount_20': 500000000.0, 'min_price_above_ma20': True, 'min_trend_quality': 2, 'ret20_min': -0.05, 'ret20_max': 0.3, 'ret5_min': -0.03, 'ret5_max': 0.15, 'ret10_w': 0.24, 'ret20_w': 0.18, 'ret5_w': 0.14, 'avg_turnover_5_w': 0.12, 'volume_ratio_5_w': 0.08, 'volatility_10_w': 0.1, 'pullback_10_w': 0.08, 'close_vs_ma20_w': 0.04, 'close_vs_ma60_w': 0.02}"
130,-0.501831647332327,5,5,56,-0.29172634769638606,-0.4275502487245173,0.26785714285714285,-0.005915643800153816,"{'min_avg_amount_20': 300000000.0, 'min_price_above_ma20': True, 'min_trend_quality': 2, 'ret20_min': -0.05, 'ret20_max': 0.4, 'ret5_min': -0.03, 'ret5_max': 0.15, 'ret10_w': 0.24, 'ret20_w': 0.18, 'ret5_w': 0.14, 'avg_turnover_5_w': 0.12, 'volume_ratio_5_w': 0.08, 'volatility_10_w': 0.1, 'pullback_10_w': 0.08, 'close_vs_ma20_w': 0.04, 'close_vs_ma60_w': 0.02}"
40,-0.501831647332327,5,5,56,-0.29172634769638606,-0.4275502487245173,0.26785714285714285,-0.005915643800153816,"{'min_avg_amount_20': 200000000.0, 'min_price_above_ma20': True, 'min_trend_quality': 2, 'ret20_min': -0.05, 'ret20_max': 0.3, 'ret5_min': -0.03, 'ret5_max': 0.15, 'ret10_w': 0.24, 'ret20_w': 0.18, 'ret5_w': 0.14, 'avg_turnover_5_w': 0.12, 'volume_ratio_5_w': 0.08, 'volatility_10_w': 0.1, 'pullback_10_w': 0.08, 'close_vs_ma20_w': 0.04, 'close_vs_ma60_w': 0.02}"
211,-0.501831647332327,5,5,56,-0.29172634769638606,-0.4275502487245173,0.26785714285714285,-0.005915643800153816,"{'min_avg_amount_20': 500000000.0, 'min_price_above_ma20': True, 'min_trend_quality': 2, 'ret20_min': -0.05, 'ret20_max': 0.4, 'ret5_min': -0.03, 'ret5_max': 0.15, 'ret10_w': 0.24, 'ret20_w': 0.18, 'ret5_w': 0.14, 'avg_turnover_5_w': 0.12, 'volume_ratio_5_w': 0.08, 'volatility_10_w': 0.1, 'pullback_10_w': 0.08, 'close_vs_ma20_w': 0.04, 'close_vs_ma60_w': 0.02}"
214,-0.501831647332327,8,5,56,-0.29172634769638606,-0.4275502487245173,0.26785714285714285,-0.005915643800153816,"{'min_avg_amount_20': 500000000.0, 'min_price_above_ma20': True, 'min_trend_quality': 2, 'ret20_min': -0.05, 'ret20_max': 0.4, 'ret5_min': -0.03, 'ret5_max': 0.15, 'ret10_w': 0.24, 'ret20_w': 0.18, 'ret5_w': 0.14, 'avg_turnover_5_w': 0.12, 'volume_ratio_5_w': 0.08, 'volatility_10_w': 0.1, 'pullback_10_w': 0.08, 'close_vs_ma20_w': 0.04, 'close_vs_ma60_w': 0.02}"
43,-0.501831647332327,8,5,56,-0.29172634769638606,-0.4275502487245173,0.26785714285714285,-0.005915643800153816,"{'min_avg_amount_20': 200000000.0, 'min_price_above_ma20': True, 'min_trend_quality': 2, 'ret20_min': -0.05, 'ret20_max': 0.3, 'ret5_min': -0.03, 'ret5_max': 0.15, 'ret10_w': 0.24, 'ret20_w': 0.18, 'ret5_w': 0.14, 'avg_turnover_5_w': 0.12, 'volume_ratio_5_w': 0.08, 'volatility_10_w': 0.1, 'pullback_10_w': 0.08, 'close_vs_ma20_w': 0.04, 'close_vs_ma60_w': 0.02}"
52,-0.501831647332327,8,5,56,-0.29172634769638606,-0.4275502487245173,0.26785714285714285,-0.005915643800153816,"{'min_avg_amount_20': 200000000.0, 'min_price_above_ma20': True, 'min_trend_quality': 2, 'ret20_min': -0.05, 'ret20_max': 0.4, 'ret5_min': -0.03, 'ret5_max': 0.15, 'ret10_w': 0.24, 'ret20_w': 0.18, 'ret5_w': 0.14, 'avg_turnover_5_w': 0.12, 'volume_ratio_5_w': 0.08, 'volatility_10_w': 0.1, 'pullback_10_w': 0.08, 'close_vs_ma20_w': 0.04, 'close_vs_ma60_w': 0.02}"
35,-0.5751536717216057,8,7,54,-0.3258817883548074,-0.4954284830637493,0.2962962962962963,-0.006964812154031547,"{'min_avg_amount_20': 200000000.0, 'min_price_above_ma20': True, 'min_trend_quality': 2, 'ret20_min': -0.05, 'ret20_max': 0.2, 'ret5_min': -0.03, 'ret5_max': 0.15, 'ret10_w': 0.24, 'ret20_w': 0.18, 'ret5_w': 0.14, 'avg_turnover_5_w': 0.12, 'volume_ratio_5_w': 0.08, 'volatility_10_w': 0.1, 'pullback_10_w': 0.08, 'close_vs_ma20_w': 0.04, 'close_vs_ma60_w': 0.02}"
197,-0.5751536717216057,8,7,54,-0.3258817883548074,-0.4954284830637493,0.2962962962962963,-0.006964812154031547,"{'min_avg_amount_20': 500000000.0, 'min_price_above_ma20': True, 'min_trend_quality': 2, 'ret20_min': -0.05, 'ret20_max': 0.2, 'ret5_min': -0.03, 'ret5_max': 0.15, 'ret10_w': 0.24, 'ret20_w': 0.18, 'ret5_w': 0.14, 'avg_turnover_5_w': 0.12, 'volume_ratio_5_w': 0.08, 'volatility_10_w': 0.1, 'pullback_10_w': 0.08, 'close_vs_ma20_w': 0.04, 'close_vs_ma60_w': 0.02}"
194,-0.5751536717216057,5,7,54,-0.3258817883548074,-0.4954284830637493,0.2962962962962963,-0.006964812154031547,"{'min_avg_amount_20': 500000000.0, 'min_price_above_ma20': True, 'min_trend_quality': 2, 'ret20_min': -0.05, 'ret20_max': 0.2, 'ret5_min': -0.03, 'ret5_max': 0.15, 'ret10_w': 0.24, 'ret20_w': 0.18, 'ret5_w': 0.14, 'avg_turnover_5_w': 0.12, 'volume_ratio_5_w': 0.08, 'volatility_10_w': 0.1, 'pullback_10_w': 0.08, 'close_vs_ma20_w': 0.04, 'close_vs_ma60_w': 0.02}"
32,-0.5751536717216057,5,7,54,-0.3258817883548074,-0.4954284830637493,0.2962962962962963,-0.006964812154031547,"{'min_avg_amount_20': 200000000.0, 'min_price_above_ma20': True, 'min_trend_quality': 2, 'ret20_min': -0.05, 'ret20_max': 0.2, 'ret5_min': -0.03, 'ret5_max': 0.15, 'ret10_w': 0.24, 'ret20_w': 0.18, 'ret5_w': 0.14, 'avg_turnover_5_w': 0.12, 'volume_ratio_5_w': 0.08, 'volatility_10_w': 0.1, 'pullback_10_w': 0.08, 'close_vs_ma20_w': 0.04, 'close_vs_ma60_w': 0.02}"
113,-0.5751536717216057,5,7,54,-0.3258817883548074,-0.4954284830637493,0.2962962962962963,-0.006964812154031547,"{'min_avg_amount_20': 300000000.0, 'min_price_above_ma20': True, 'min_trend_quality': 2, 'ret20_min': -0.05, 'ret20_max': 0.2, 'ret5_min': -0.03, 'ret5_max': 0.15, 'ret10_w': 0.24, 'ret20_w': 0.18, 'ret5_w': 0.14, 'avg_turnover_5_w': 0.12, 'volume_ratio_5_w': 0.08, 'volatility_10_w': 0.1, 'pullback_10_w': 0.08, 'close_vs_ma20_w': 0.04, 'close_vs_ma60_w': 0.02}"
116,-0.5751536717216057,8,7,54,-0.3258817883548074,-0.4954284830637493,0.2962962962962963,-0.006964812154031547,"{'min_avg_amount_20': 300000000.0, 'min_price_above_ma20': True, 'min_trend_quality': 2, 'ret20_min': -0.05, 'ret20_max': 0.2, 'ret5_min': -0.03, 'ret5_max': 0.15, 'ret10_w': 0.24, 'ret20_w': 0.18, 'ret5_w': 0.14, 'avg_turnover_5_w': 0.12, 'volume_ratio_5_w': 0.08, 'volatility_10_w': 0.1, 'pullback_10_w': 0.08, 'close_vs_ma20_w': 0.04, 'close_vs_ma60_w': 0.02}"
110,-0.5848019390718721,3,7,54,-0.3316801610697545,-0.49976851373789843,0.2962962962962963,-0.007120546682885274,"{'min_avg_amount_20': 300000000.0, 'min_price_above_ma20': True, 'min_trend_quality': 2, 'ret20_min': -0.05, 'ret20_max': 0.2, 'ret5_min': -0.03, 'ret5_max': 0.15, 'ret10_w': 0.24, 'ret20_w': 0.18, 'ret5_w': 0.14, 'avg_turnover_5_w': 0.12, 'volume_ratio_5_w': 0.08, 'volatility_10_w': 0.1, 'pullback_10_w': 0.08, 'close_vs_ma20_w': 0.04, 'close_vs_ma60_w': 0.02}"
191,-0.5848019390718721,3,7,54,-0.3316801610697545,-0.49976851373789843,0.2962962962962963,-0.007120546682885274,"{'min_avg_amount_20': 500000000.0, 'min_price_above_ma20': True, 'min_trend_quality': 2, 'ret20_min': -0.05, 'ret20_max': 0.2, 'ret5_min': -0.03, 'ret5_max': 0.15, 'ret10_w': 0.24, 'ret20_w': 0.18, 'ret5_w': 0.14, 'avg_turnover_5_w': 0.12, 'volume_ratio_5_w': 0.08, 'volatility_10_w': 0.1, 'pullback_10_w': 0.08, 'close_vs_ma20_w': 0.04, 'close_vs_ma60_w': 0.02}"
29,-0.5848019390718721,3,7,54,-0.3316801610697545,-0.49976851373789843,0.2962962962962963,-0.007120546682885274,"{'min_avg_amount_20': 200000000.0, 'min_price_above_ma20': True, 'min_trend_quality': 2, 'ret20_min': -0.05, 'ret20_max': 0.2, 'ret5_min': -0.03, 'ret5_max': 0.15, 'ret10_w': 0.24, 'ret20_w': 0.18, 'ret5_w': 0.14, 'avg_turnover_5_w': 0.12, 'volume_ratio_5_w': 0.08, 'volatility_10_w': 0.1, 'pullback_10_w': 0.08, 'close_vs_ma20_w': 0.04, 'close_vs_ma60_w': 0.02}"
90,-0.6006304562710814,8,10,51,-0.3605565736577335,-0.5177560093838929,0.39215686274509803,-0.008334397367974554,"{'min_avg_amount_20': 300000000.0, 'min_price_above_ma20': True, 'min_trend_quality': 1, 'ret20_min': -0.05, 'ret20_max': 0.2, 'ret5_min': -0.03, 'ret5_max': 0.15, 'ret10_w': 0.24, 'ret20_w': 0.18, 'ret5_w': 0.14, 'avg_turnover_5_w': 0.12, 'volume_ratio_5_w': 0.08, 'volatility_10_w': 0.1, 'pullback_10_w': 0.08, 'close_vs_ma20_w': 0.04, 'close_vs_ma60_w': 0.02}"
9,-0.6006304562710814,8,10,51,-0.3605565736577335,-0.5177560093838929,0.39215686274509803,-0.008334397367974554,"{'min_avg_amount_20': 200000000.0, 'min_price_above_ma20': True, 'min_trend_quality': 1, 'ret20_min': -0.05, 'ret20_max': 0.2, 'ret5_min': -0.03, 'ret5_max': 0.15, 'ret10_w': 0.24, 'ret20_w': 0.18, 'ret5_w': 0.14, 'avg_turnover_5_w': 0.12, 'volume_ratio_5_w': 0.08, 'volatility_10_w': 0.1, 'pullback_10_w': 0.08, 'close_vs_ma20_w': 0.04, 'close_vs_ma60_w': 0.02}"
168,-0.6006304562710814,5,10,51,-0.3605565736577335,-0.5177560093838929,0.39215686274509803,-0.008334397367974554,"{'min_avg_amount_20': 500000000.0, 'min_price_above_ma20': True, 'min_trend_quality': 1, 'ret20_min': -0.05, 'ret20_max': 0.2, 'ret5_min': -0.03, 'ret5_max': 0.15, 'ret10_w': 0.24, 'ret20_w': 0.18, 'ret5_w': 0.14, 'avg_turnover_5_w': 0.12, 'volume_ratio_5_w': 0.08, 'volatility_10_w': 0.1, 'pullback_10_w': 0.08, 'close_vs_ma20_w': 0.04, 'close_vs_ma60_w': 0.02}"
6,-0.6006304562710814,5,10,51,-0.3605565736577335,-0.5177560093838929,0.39215686274509803,-0.008334397367974554,"{'min_avg_amount_20': 200000000.0, 'min_price_above_ma20': True, 'min_trend_quality': 1, 'ret20_min': -0.05, 'ret20_max': 0.2, 'ret5_min': -0.03, 'ret5_max': 0.15, 'ret10_w': 0.24, 'ret20_w': 0.18, 'ret5_w': 0.14, 'avg_turnover_5_w': 0.12, 'volume_ratio_5_w': 0.08, 'volatility_10_w': 0.1, 'pullback_10_w': 0.08, 'close_vs_ma20_w': 0.04, 'close_vs_ma60_w': 0.02}"
171,-0.6006304562710814,8,10,51,-0.3605565736577335,-0.5177560093838929,0.39215686274509803,-0.008334397367974554,"{'min_avg_amount_20': 500000000.0, 'min_price_above_ma20': True, 'min_trend_quality': 1, 'ret20_min': -0.05, 'ret20_max': 0.2, 'ret5_min': -0.03, 'ret5_max': 0.15, 'ret10_w': 0.24, 'ret20_w': 0.18, 'ret5_w': 0.14, 'avg_turnover_5_w': 0.12, 'volume_ratio_5_w': 0.08, 'volatility_10_w': 0.1, 'pullback_10_w': 0.08, 'close_vs_ma20_w': 0.04, 'close_vs_ma60_w': 0.02}"
87,-0.6006304562710814,5,10,51,-0.3605565736577335,-0.5177560093838929,0.39215686274509803,-0.008334397367974554,"{'min_avg_amount_20': 300000000.0, 'min_price_above_ma20': True, 'min_trend_quality': 1, 'ret20_min': -0.05, 'ret20_max': 0.2, 'ret5_min': -0.03, 'ret5_max': 0.15, 'ret10_w': 0.24, 'ret20_w': 0.18, 'ret5_w': 0.14, 'avg_turnover_5_w': 0.12, 'volume_ratio_5_w': 0.08, 'volatility_10_w': 0.1, 'pullback_10_w': 0.08, 'close_vs_ma20_w': 0.04, 'close_vs_ma60_w': 0.02}"
158,-0.6030889561560329,5,7,54,-0.3291508807606408,-0.4612714044658104,0.16666666666666666,-0.006938570756154911,"{'min_avg_amount_20': 300000000.0, 'min_price_above_ma20': True, 'min_trend_quality': 3, 'ret20_min': -0.05, 'ret20_max': 0.4, 'ret5_min': -0.03, 'ret5_max': 0.15, 'ret10_w': 0.24, 'ret20_w': 0.18, 'ret5_w': 0.14, 'avg_turnover_5_w': 0.12, 'volume_ratio_5_w': 0.08, 'volatility_10_w': 0.1, 'pullback_10_w': 0.08, 'close_vs_ma20_w': 0.04, 'close_vs_ma60_w': 0.02}"
149,-0.6030889561560329,5,7,54,-0.3291508807606408,-0.4612714044658104,0.16666666666666666,-0.006938570756154911,"{'min_avg_amount_20': 300000000.0, 'min_price_above_ma20': True, 'min_trend_quality': 3, 'ret20_min': -0.05, 'ret20_max': 0.3, 'ret5_min': -0.03, 'ret5_max': 0.15, 'ret10_w': 0.24, 'ret20_w': 0.18, 'ret5_w': 0.14, 'avg_turnover_5_w': 0.12, 'volume_ratio_5_w': 0.08, 'volatility_10_w': 0.1, 'pullback_10_w': 0.08, 'close_vs_ma20_w': 0.04, 'close_vs_ma60_w': 0.02}"
77,-0.6030889561560329,5,7,54,-0.3291508807606408,-0.4612714044658104,0.16666666666666666,-0.006938570756154911,"{'min_avg_amount_20': 200000000.0, 'min_price_above_ma20': True, 'min_trend_quality': 3, 'ret20_min': -0.05, 'ret20_max': 0.4, 'ret5_min': -0.03, 'ret5_max': 0.15, 'ret10_w': 0.24, 'ret20_w': 0.18, 'ret5_w': 0.14, 'avg_turnover_5_w': 0.12, 'volume_ratio_5_w': 0.08, 'volatility_10_w': 0.1, 'pullback_10_w': 0.08, 'close_vs_ma20_w': 0.04, 'close_vs_ma60_w': 0.02}"
152,-0.6030889561560329,8,7,54,-0.3291508807606408,-0.4612714044658104,0.16666666666666666,-0.006938570756154911,"{'min_avg_amount_20': 300000000.0, 'min_price_above_ma20': True, 'min_trend_quality': 3, 'ret20_min': -0.05, 'ret20_max': 0.3, 'ret5_min': -0.03, 'ret5_max': 0.15, 'ret10_w': 0.24, 'ret20_w': 0.18, 'ret5_w': 0.14, 'avg_turnover_5_w': 0.12, 'volume_ratio_5_w': 0.08, 'volatility_10_w': 0.1, 'pullback_10_w': 0.08, 'close_vs_ma20_w': 0.04, 'close_vs_ma60_w': 0.02}"
146,-0.6030889561560329,3,7,54,-0.3291508807606408,-0.4612714044658104,0.16666666666666666,-0.006938570756154911,"{'min_avg_amount_20': 300000000.0, 'min_price_above_ma20': True, 'min_trend_quality': 3, 'ret20_min': -0.05, 'ret20_max': 0.3, 'ret5_min': -0.03, 'ret5_max': 0.15, 'ret10_w': 0.24, 'ret20_w': 0.18, 'ret5_w': 0.14, 'avg_turnover_5_w': 0.12, 'volume_ratio_5_w': 0.08, 'volatility_10_w': 0.1, 'pullback_10_w': 0.08, 'close_vs_ma20_w': 0.04, 'close_vs_ma60_w': 0.02}"
239,-0.6030889561560329,5,7,54,-0.3291508807606408,-0.4612714044658104,0.16666666666666666,-0.006938570756154911,"{'min_avg_amount_20': 500000000.0, 'min_price_above_ma20': True, 'min_trend_quality': 3, 'ret20_min': -0.05, 'ret20_max': 0.4, 'ret5_min': -0.03, 'ret5_max': 0.15, 'ret10_w': 0.24, 'ret20_w': 0.18, 'ret5_w': 0.14, 'avg_turnover_5_w': 0.12, 'volume_ratio_5_w': 0.08, 'volatility_10_w': 0.1, 'pullback_10_w': 0.08, 'close_vs_ma20_w': 0.04, 'close_vs_ma60_w': 0.02}"
242,-0.6030889561560329,8,7,54,-0.3291508807606408,-0.4612714044658104,0.16666666666666666,-0.006938570756154911,"{'min_avg_amount_20': 500000000.0, 'min_price_above_ma20': True, 'min_trend_quality': 3, 'ret20_min': -0.05, 'ret20_max': 0.4, 'ret5_min': -0.03, 'ret5_max': 0.15, 'ret10_w': 0.24, 'ret20_w': 0.18, 'ret5_w': 0.14, 'avg_turnover_5_w': 0.12, 'volume_ratio_5_w': 0.08, 'volatility_10_w': 0.1, 'pullback_10_w': 0.08, 'close_vs_ma20_w': 0.04, 'close_vs_ma60_w': 0.02}"
161,-0.6030889561560329,8,7,54,-0.3291508807606408,-0.4612714044658104,0.16666666666666666,-0.006938570756154911,"{'min_avg_amount_20': 300000000.0, 'min_price_above_ma20': True, 'min_trend_quality': 3, 'ret20_min': -0.05, 'ret20_max': 0.4, 'ret5_min': -0.03, 'ret5_max': 0.15, 'ret10_w': 0.24, 'ret20_w': 0.18, 'ret5_w': 0.14, 'avg_turnover_5_w': 0.12, 'volume_ratio_5_w': 0.08, 'volatility_10_w': 0.1, 'pullback_10_w': 0.08, 'close_vs_ma20_w': 0.04, 'close_vs_ma60_w': 0.02}"
71,-0.6030889561560329,8,7,54,-0.3291508807606408,-0.4612714044658104,0.16666666666666666,-0.006938570756154911,"{'min_avg_amount_20': 200000000.0, 'min_price_above_ma20': True, 'min_trend_quality': 3, 'ret20_min': -0.05, 'ret20_max': 0.3, 'ret5_min': -0.03, 'ret5_max': 0.15, 'ret10_w': 0.24, 'ret20_w': 0.18, 'ret5_w': 0.14, 'avg_turnover_5_w': 0.12, 'volume_ratio_5_w': 0.08, 'volatility_10_w': 0.1, 'pullback_10_w': 0.08, 'close_vs_ma20_w': 0.04, 'close_vs_ma60_w': 0.02}"
80,-0.6030889561560329,8,7,54,-0.3291508807606408,-0.4612714044658104,0.16666666666666666,-0.006938570756154911,"{'min_avg_amount_20': 200000000.0, 'min_price_above_ma20': True, 'min_trend_quality': 3, 'ret20_min': -0.05, 'ret20_max': 0.4, 'ret5_min': -0.03, 'ret5_max': 0.15, 'ret10_w': 0.24, 'ret20_w': 0.18, 'ret5_w': 0.14, 'avg_turnover_5_w': 0.12, 'volume_ratio_5_w': 0.08, 'volatility_10_w': 0.1, 'pullback_10_w': 0.08, 'close_vs_ma20_w': 0.04, 'close_vs_ma60_w': 0.02}"
236,-0.6030889561560329,3,7,54,-0.3291508807606408,-0.4612714044658104,0.16666666666666666,-0.006938570756154911,"{'min_avg_amount_20': 500000000.0, 'min_price_above_ma20': True, 'min_trend_quality': 3, 'ret20_min': -0.05, 'ret20_max': 0.4, 'ret5_min': -0.03, 'ret5_max': 0.15, 'ret10_w': 0.24, 'ret20_w': 0.18, 'ret5_w': 0.14, 'avg_turnover_5_w': 0.12, 'volume_ratio_5_w': 0.08, 'volatility_10_w': 0.1, 'pullback_10_w': 0.08, 'close_vs_ma20_w': 0.04, 'close_vs_ma60_w': 0.02}"
155,-0.6030889561560329,3,7,54,-0.3291508807606408,-0.4612714044658104,0.16666666666666666,-0.006938570756154911,"{'min_avg_amount_20': 300000000.0, 'min_price_above_ma20': True, 'min_trend_quality': 3, 'ret20_min': -0.05, 'ret20_max': 0.4, 'ret5_min': -0.03, 'ret5_max': 0.15, 'ret10_w': 0.24, 'ret20_w': 0.18, 'ret5_w': 0.14, 'avg_turnover_5_w': 0.12, 'volume_ratio_5_w': 0.08, 'volatility_10_w': 0.1, 'pullback_10_w': 0.08, 'close_vs_ma20_w': 0.04, 'close_vs_ma60_w': 0.02}"
233,-0.6030889561560329,8,7,54,-0.3291508807606408,-0.4612714044658104,0.16666666666666666,-0.006938570756154911,"{'min_avg_amount_20': 500000000.0, 'min_price_above_ma20': True, 'min_trend_quality': 3, 'ret20_min': -0.05, 'ret20_max': 0.3, 'ret5_min': -0.03, 'ret5_max': 0.15, 'ret10_w': 0.24, 'ret20_w': 0.18, 'ret5_w': 0.14, 'avg_turnover_5_w': 0.12, 'volume_ratio_5_w': 0.08, 'volatility_10_w': 0.1, 'pullback_10_w': 0.08, 'close_vs_ma20_w': 0.04, 'close_vs_ma60_w': 0.02}"
74,-0.6030889561560329,3,7,54,-0.3291508807606408,-0.4612714044658104,0.16666666666666666,-0.006938570756154911,"{'min_avg_amount_20': 200000000.0, 'min_price_above_ma20': True, 'min_trend_quality': 3, 'ret20_min': -0.05, 'ret20_max': 0.4, 'ret5_min': -0.03, 'ret5_max': 0.15, 'ret10_w': 0.24, 'ret20_w': 0.18, 'ret5_w': 0.14, 'avg_turnover_5_w': 0.12, 'volume_ratio_5_w': 0.08, 'volatility_10_w': 0.1, 'pullback_10_w': 0.08, 'close_vs_ma20_w': 0.04, 'close_vs_ma60_w': 0.02}"
227,-0.6030889561560329,3,7,54,-0.3291508807606408,-0.4612714044658104,0.16666666666666666,-0.006938570756154911,"{'min_avg_amount_20': 500000000.0, 'min_price_above_ma20': True, 'min_trend_quality': 3, 'ret20_min': -0.05, 'ret20_max': 0.3, 'ret5_min': -0.03, 'ret5_max': 0.15, 'ret10_w': 0.24, 'ret20_w': 0.18, 'ret5_w': 0.14, 'avg_turnover_5_w': 0.12, 'volume_ratio_5_w': 0.08, 'volatility_10_w': 0.1, 'pullback_10_w': 0.08, 'close_vs_ma20_w': 0.04, 'close_vs_ma60_w': 0.02}"
230,-0.6030889561560329,5,7,54,-0.3291508807606408,-0.4612714044658104,0.16666666666666666,-0.006938570756154911,"{'min_avg_amount_20': 500000000.0, 'min_price_above_ma20': True, 'min_trend_quality': 3, 'ret20_min': -0.05, 'ret20_max': 0.3, 'ret5_min': -0.03, 'ret5_max': 0.15, 'ret10_w': 0.24, 'ret20_w': 0.18, 'ret5_w': 0.14, 'avg_turnover_5_w': 0.12, 'volume_ratio_5_w': 0.08, 'volatility_10_w': 0.1, 'pullback_10_w': 0.08, 'close_vs_ma20_w': 0.04, 'close_vs_ma60_w': 0.02}"
65,-0.6030889561560329,3,7,54,-0.3291508807606408,-0.4612714044658104,0.16666666666666666,-0.006938570756154911,"{'min_avg_amount_20': 200000000.0, 'min_price_above_ma20': True, 'min_trend_quality': 3, 'ret20_min': -0.05, 'ret20_max': 0.3, 'ret5_min': -0.03, 'ret5_max': 0.15, 'ret10_w': 0.24, 'ret20_w': 0.18, 'ret5_w': 0.14, 'avg_turnover_5_w': 0.12, 'volume_ratio_5_w': 0.08, 'volatility_10_w': 0.1, 'pullback_10_w': 0.08, 'close_vs_ma20_w': 0.04, 'close_vs_ma60_w': 0.02}"
68,-0.6030889561560329,5,7,54,-0.3291508807606408,-0.4612714044658104,0.16666666666666666,-0.006938570756154911,"{'min_avg_amount_20': 200000000.0, 'min_price_above_ma20': True, 'min_trend_quality': 3, 'ret20_min': -0.05, 'ret20_max': 0.3, 'ret5_min': -0.03, 'ret5_max': 0.15, 'ret10_w': 0.24, 'ret20_w': 0.18, 'ret5_w': 0.14, 'avg_turnover_5_w': 0.12, 'volume_ratio_5_w': 0.08, 'volatility_10_w': 0.1, 'pullback_10_w': 0.08, 'close_vs_ma20_w': 0.04, 'close_vs_ma60_w': 0.02}"
206,-0.6251820634431833,8,7,54,-0.35649339382422496,-0.5166886540511104,0.2962962962962963,-0.007797397611499483,"{'min_avg_amount_20': 500000000.0, 'min_price_above_ma20': True, 'min_trend_quality': 2, 'ret20_min': -0.05, 'ret20_max': 0.3, 'ret5_min': -0.03, 'ret5_max': 0.15, 'ret10_w': 0.24, 'ret20_w': 0.18, 'ret5_w': 0.14, 'avg_turnover_5_w': 0.12, 'volume_ratio_5_w': 0.08, 'volatility_10_w': 0.1, 'pullback_10_w': 0.08, 'close_vs_ma20_w': 0.04, 'close_vs_ma60_w': 0.02}"
203,-0.6251820634431833,5,7,54,-0.35649339382422496,-0.5166886540511104,0.2962962962962963,-0.007797397611499483,"{'min_avg_amount_20': 500000000.0, 'min_price_above_ma20': True, 'min_trend_quality': 2, 'ret20_min': -0.05, 'ret20_max': 0.3, 'ret5_min': -0.03, 'ret5_max': 0.15, 'ret10_w': 0.24, 'ret20_w': 0.18, 'ret5_w': 0.14, 'avg_turnover_5_w': 0.12, 'volume_ratio_5_w': 0.08, 'volatility_10_w': 0.1, 'pullback_10_w': 0.08, 'close_vs_ma20_w': 0.04, 'close_vs_ma60_w': 0.02}"
215,-0.6251820634431833,8,7,54,-0.35649339382422496,-0.5166886540511104,0.2962962962962963,-0.007797397611499483,"{'min_avg_amount_20': 500000000.0, 'min_price_above_ma20': True, 'min_trend_quality': 2, 'ret20_min': -0.05, 'ret20_max': 0.4, 'ret5_min': -0.03, 'ret5_max': 0.15, 'ret10_w': 0.24, 'ret20_w': 0.18, 'ret5_w': 0.14, 'avg_turnover_5_w': 0.12, 'volume_ratio_5_w': 0.08, 'volatility_10_w': 0.1, 'pullback_10_w': 0.08, 'close_vs_ma20_w': 0.04, 'close_vs_ma60_w': 0.02}"
212,-0.6251820634431833,5,7,54,-0.35649339382422496,-0.5166886540511104,0.2962962962962963,-0.007797397611499483,"{'min_avg_amount_20': 500000000.0, 'min_price_above_ma20': True, 'min_trend_quality': 2, 'ret20_min': -0.05, 'ret20_max': 0.4, 'ret5_min': -0.03, 'ret5_max': 0.15, 'ret10_w': 0.24, 'ret20_w': 0.18, 'ret5_w': 0.14, 'avg_turnover_5_w': 0.12, 'volume_ratio_5_w': 0.08, 'volatility_10_w': 0.1, 'pullback_10_w': 0.08, 'close_vs_ma20_w': 0.04, 'close_vs_ma60_w': 0.02}"
122,-0.6251820634431833,5,7,54,-0.35649339382422496,-0.5166886540511104,0.2962962962962963,-0.007797397611499483,"{'min_avg_amount_20': 300000000.0, 'min_price_above_ma20': True, 'min_trend_quality': 2, 'ret20_min': -0.05, 'ret20_max': 0.3, 'ret5_min': -0.03, 'ret5_max': 0.15, 'ret10_w': 0.24, 'ret20_w': 0.18, 'ret5_w': 0.14, 'avg_turnover_5_w': 0.12, 'volume_ratio_5_w': 0.08, 'volatility_10_w': 0.1, 'pullback_10_w': 0.08, 'close_vs_ma20_w': 0.04, 'close_vs_ma60_w': 0.02}"
134,-0.6251820634431833,8,7,54,-0.35649339382422496,-0.5166886540511104,0.2962962962962963,-0.007797397611499483,"{'min_avg_amount_20': 300000000.0, 'min_price_above_ma20': True, 'min_trend_quality': 2, 'ret20_min': -0.05, 'ret20_max': 0.4, 'ret5_min': -0.03, 'ret5_max': 0.15, 'ret10_w': 0.24, 'ret20_w': 0.18, 'ret5_w': 0.14, 'avg_turnover_5_w': 0.12, 'volume_ratio_5_w': 0.08, 'volatility_10_w': 0.1, 'pullback_10_w': 0.08, 'close_vs_ma20_w': 0.04, 'close_vs_ma60_w': 0.02}"
131,-0.6251820634431833,5,7,54,-0.35649339382422496,-0.5166886540511104,0.2962962962962963,-0.007797397611499483,"{'min_avg_amount_20': 300000000.0, 'min_price_above_ma20': True, 'min_trend_quality': 2, 'ret20_min': -0.05, 'ret20_max': 0.4, 'ret5_min': -0.03, 'ret5_max': 0.15, 'ret10_w': 0.24, 'ret20_w': 0.18, 'ret5_w': 0.14, 'avg_turnover_5_w': 0.12, 'volume_ratio_5_w': 0.08, 'volatility_10_w': 0.1, 'pullback_10_w': 0.08, 'close_vs_ma20_w': 0.04, 'close_vs_ma60_w': 0.02}"
53,-0.6251820634431833,8,7,54,-0.35649339382422496,-0.5166886540511104,0.2962962962962963,-0.007797397611499483,"{'min_avg_amount_20': 200000000.0, 'min_price_above_ma20': True, 'min_trend_quality': 2, 'ret20_min': -0.05, 'ret20_max': 0.4, 'ret5_min': -0.03, 'ret5_max': 0.15, 'ret10_w': 0.24, 'ret20_w': 0.18, 'ret5_w': 0.14, 'avg_turnover_5_w': 0.12, 'volume_ratio_5_w': 0.08, 'volatility_10_w': 0.1, 'pullback_10_w': 0.08, 'close_vs_ma20_w': 0.04, 'close_vs_ma60_w': 0.02}"
50,-0.6251820634431833,5,7,54,-0.35649339382422496,-0.5166886540511104,0.2962962962962963,-0.007797397611499483,"{'min_avg_amount_20': 200000000.0, 'min_price_above_ma20': True, 'min_trend_quality': 2, 'ret20_min': -0.05, 'ret20_max': 0.4, 'ret5_min': -0.03, 'ret5_max': 0.15, 'ret10_w': 0.24, 'ret20_w': 0.18, 'ret5_w': 0.14, 'avg_turnover_5_w': 0.12, 'volume_ratio_5_w': 0.08, 'volatility_10_w': 0.1, 'pullback_10_w': 0.08, 'close_vs_ma20_w': 0.04, 'close_vs_ma60_w': 0.02}"
44,-0.6251820634431833,8,7,54,-0.35649339382422496,-0.5166886540511104,0.2962962962962963,-0.007797397611499483,"{'min_avg_amount_20': 200000000.0, 'min_price_above_ma20': True, 'min_trend_quality': 2, 'ret20_min': -0.05, 'ret20_max': 0.3, 'ret5_min': -0.03, 'ret5_max': 0.15, 'ret10_w': 0.24, 'ret20_w': 0.18, 'ret5_w': 0.14, 'avg_turnover_5_w': 0.12, 'volume_ratio_5_w': 0.08, 'volatility_10_w': 0.1, 'pullback_10_w': 0.08, 'close_vs_ma20_w': 0.04, 'close_vs_ma60_w': 0.02}"
41,-0.6251820634431833,5,7,54,-0.35649339382422496,-0.5166886540511104,0.2962962962962963,-0.007797397611499483,"{'min_avg_amount_20': 200000000.0, 'min_price_above_ma20': True, 'min_trend_quality': 2, 'ret20_min': -0.05, 'ret20_max': 0.3, 'ret5_min': -0.03, 'ret5_max': 0.15, 'ret10_w': 0.24, 'ret20_w': 0.18, 'ret5_w': 0.14, 'avg_turnover_5_w': 0.12, 'volume_ratio_5_w': 0.08, 'volatility_10_w': 0.1, 'pullback_10_w': 0.08, 'close_vs_ma20_w': 0.04, 'close_vs_ma60_w': 0.02}"
125,-0.6251820634431833,8,7,54,-0.35649339382422496,-0.5166886540511104,0.2962962962962963,-0.007797397611499483,"{'min_avg_amount_20': 300000000.0, 'min_price_above_ma20': True, 'min_trend_quality': 2, 'ret20_min': -0.05, 'ret20_max': 0.3, 'ret5_min': -0.03, 'ret5_max': 0.15, 'ret10_w': 0.24, 'ret20_w': 0.18, 'ret5_w': 0.14, 'avg_turnover_5_w': 0.12, 'volume_ratio_5_w': 0.08, 'volatility_10_w': 0.1, 'pullback_10_w': 0.08, 'close_vs_ma20_w': 0.04, 'close_vs_ma60_w': 0.02}"
27,-0.6279386348341363,8,10,51,-0.3794675558912628,-0.5240419366539693,0.39215686274509803,-0.008912602363909533,"{'min_avg_amount_20': 200000000.0, 'min_price_above_ma20': True, 'min_trend_quality': 1, 'ret20_min': -0.05, 'ret20_max': 0.4, 'ret5_min': -0.03, 'ret5_max': 0.15, 'ret10_w': 0.24, 'ret20_w': 0.18, 'ret5_w': 0.14, 'avg_turnover_5_w': 0.12, 'volume_ratio_5_w': 0.08, 'volatility_10_w': 0.1, 'pullback_10_w': 0.08, 'close_vs_ma20_w': 0.04, 'close_vs_ma60_w': 0.02}"
108,-0.6279386348341363,8,10,51,-0.3794675558912628,-0.5240419366539693,0.39215686274509803,-0.008912602363909533,"{'min_avg_amount_20': 300000000.0, 'min_price_above_ma20': True, 'min_trend_quality': 1, 'ret20_min': -0.05, 'ret20_max': 0.4, 'ret5_min': -0.03, 'ret5_max': 0.15, 'ret10_w': 0.24, 'ret20_w': 0.18, 'ret5_w': 0.14, 'avg_turnover_5_w': 0.12, 'volume_ratio_5_w': 0.08, 'volatility_10_w': 0.1, 'pullback_10_w': 0.08, 'close_vs_ma20_w': 0.04, 'close_vs_ma60_w': 0.02}"
105,-0.6279386348341363,5,10,51,-0.3794675558912628,-0.5240419366539693,0.39215686274509803,-0.008912602363909533,"{'min_avg_amount_20': 300000000.0, 'min_price_above_ma20': True, 'min_trend_quality': 1, 'ret20_min': -0.05, 'ret20_max': 0.4, 'ret5_min': -0.03, 'ret5_max': 0.15, 'ret10_w': 0.24, 'ret20_w': 0.18, 'ret5_w': 0.14, 'avg_turnover_5_w': 0.12, 'volume_ratio_5_w': 0.08, 'volatility_10_w': 0.1, 'pullback_10_w': 0.08, 'close_vs_ma20_w': 0.04, 'close_vs_ma60_w': 0.02}"
24,-0.6279386348341363,5,10,51,-0.3794675558912628,-0.5240419366539693,0.39215686274509803,-0.008912602363909533,"{'min_avg_amount_20': 200000000.0, 'min_price_above_ma20': True, 'min_trend_quality': 1, 'ret20_min': -0.05, 'ret20_max': 0.4, 'ret5_min': -0.03, 'ret5_max': 0.15, 'ret10_w': 0.24, 'ret20_w': 0.18, 'ret5_w': 0.14, 'avg_turnover_5_w': 0.12, 'volume_ratio_5_w': 0.08, 'volatility_10_w': 0.1, 'pullback_10_w': 0.08, 'close_vs_ma20_w': 0.04, 'close_vs_ma60_w': 0.02}"
186,-0.6279386348341363,5,10,51,-0.3794675558912628,-0.5240419366539693,0.39215686274509803,-0.008912602363909533,"{'min_avg_amount_20': 500000000.0, 'min_price_above_ma20': True, 'min_trend_quality': 1, 'ret20_min': -0.05, 'ret20_max': 0.4, 'ret5_min': -0.03, 'ret5_max': 0.15, 'ret10_w': 0.24, 'ret20_w': 0.18, 'ret5_w': 0.14, 'avg_turnover_5_w': 0.12, 'volume_ratio_5_w': 0.08, 'volatility_10_w': 0.1, 'pullback_10_w': 0.08, 'close_vs_ma20_w': 0.04, 'close_vs_ma60_w': 0.02}"
99,-0.6279386348341363,8,10,51,-0.3794675558912628,-0.5240419366539693,0.39215686274509803,-0.008912602363909533,"{'min_avg_amount_20': 300000000.0, 'min_price_above_ma20': True, 'min_trend_quality': 1, 'ret20_min': -0.05, 'ret20_max': 0.3, 'ret5_min': -0.03, 'ret5_max': 0.15, 'ret10_w': 0.24, 'ret20_w': 0.18, 'ret5_w': 0.14, 'avg_turnover_5_w': 0.12, 'volume_ratio_5_w': 0.08, 'volatility_10_w': 0.1, 'pullback_10_w': 0.08, 'close_vs_ma20_w': 0.04, 'close_vs_ma60_w': 0.02}"
180,-0.6279386348341363,8,10,51,-0.3794675558912628,-0.5240419366539693,0.39215686274509803,-0.008912602363909533,"{'min_avg_amount_20': 500000000.0, 'min_price_above_ma20': True, 'min_trend_quality': 1, 'ret20_min': -0.05, 'ret20_max': 0.3, 'ret5_min': -0.03, 'ret5_max': 0.15, 'ret10_w': 0.24, 'ret20_w': 0.18, 'ret5_w': 0.14, 'avg_turnover_5_w': 0.12, 'volume_ratio_5_w': 0.08, 'volatility_10_w': 0.1, 'pullback_10_w': 0.08, 'close_vs_ma20_w': 0.04, 'close_vs_ma60_w': 0.02}"
189,-0.6279386348341363,8,10,51,-0.3794675558912628,-0.5240419366539693,0.39215686274509803,-0.008912602363909533,"{'min_avg_amount_20': 500000000.0, 'min_price_above_ma20': True, 'min_trend_quality': 1, 'ret20_min': -0.05, 'ret20_max': 0.4, 'ret5_min': -0.03, 'ret5_max': 0.15, 'ret10_w': 0.24, 'ret20_w': 0.18, 'ret5_w': 0.14, 'avg_turnover_5_w': 0.12, 'volume_ratio_5_w': 0.08, 'volatility_10_w': 0.1, 'pullback_10_w': 0.08, 'close_vs_ma20_w': 0.04, 'close_vs_ma60_w': 0.02}"
18,-0.6279386348341363,8,10,51,-0.3794675558912628,-0.5240419366539693,0.39215686274509803,-0.008912602363909533,"{'min_avg_amount_20': 200000000.0, 'min_price_above_ma20': True, 'min_trend_quality': 1, 'ret20_min': -0.05, 'ret20_max': 0.3, 'ret5_min': -0.03, 'ret5_max': 0.15, 'ret10_w': 0.24, 'ret20_w': 0.18, 'ret5_w': 0.14, 'avg_turnover_5_w': 0.12, 'volume_ratio_5_w': 0.08, 'volatility_10_w': 0.1, 'pullback_10_w': 0.08, 'close_vs_ma20_w': 0.04, 'close_vs_ma60_w': 0.02}"
96,-0.6279386348341363,5,10,51,-0.3794675558912628,-0.5240419366539693,0.39215686274509803,-0.008912602363909533,"{'min_avg_amount_20': 300000000.0, 'min_price_above_ma20': True, 'min_trend_quality': 1, 'ret20_min': -0.05, 'ret20_max': 0.3, 'ret5_min': -0.03, 'ret5_max': 0.15, 'ret10_w': 0.24, 'ret20_w': 0.18, 'ret5_w': 0.14, 'avg_turnover_5_w': 0.12, 'volume_ratio_5_w': 0.08, 'volatility_10_w': 0.1, 'pullback_10_w': 0.08, 'close_vs_ma20_w': 0.04, 'close_vs_ma60_w': 0.02}"
15,-0.6279386348341363,5,10,51,-0.3794675558912628,-0.5240419366539693,0.39215686274509803,-0.008912602363909533,"{'min_avg_amount_20': 200000000.0, 'min_price_above_ma20': True, 'min_trend_quality': 1, 'ret20_min': -0.05, 'ret20_max': 0.3, 'ret5_min': -0.03, 'ret5_max': 0.15, 'ret10_w': 0.24, 'ret20_w': 0.18, 'ret5_w': 0.14, 'avg_turnover_5_w': 0.12, 'volume_ratio_5_w': 0.08, 'volatility_10_w': 0.1, 'pullback_10_w': 0.08, 'close_vs_ma20_w': 0.04, 'close_vs_ma60_w': 0.02}"
177,-0.6279386348341363,5,10,51,-0.3794675558912628,-0.5240419366539693,0.39215686274509803,-0.008912602363909533,"{'min_avg_amount_20': 500000000.0, 'min_price_above_ma20': True, 'min_trend_quality': 1, 'ret20_min': -0.05, 'ret20_max': 0.3, 'ret5_min': -0.03, 'ret5_max': 0.15, 'ret10_w': 0.24, 'ret20_w': 0.18, 'ret5_w': 0.14, 'avg_turnover_5_w': 0.12, 'volume_ratio_5_w': 0.08, 'volatility_10_w': 0.1, 'pullback_10_w': 0.08, 'close_vs_ma20_w': 0.04, 'close_vs_ma60_w': 0.02}"
38,-0.6344573069961514,3,7,54,-0.36202846331601535,-0.5208458171016902,0.2962962962962963,-0.00795313214035321,"{'min_avg_amount_20': 200000000.0, 'min_price_above_ma20': True, 'min_trend_quality': 2, 'ret20_min': -0.05, 'ret20_max': 0.3, 'ret5_min': -0.03, 'ret5_max': 0.15, 'ret10_w': 0.24, 'ret20_w': 0.18, 'ret5_w': 0.14, 'avg_turnover_5_w': 0.12, 'volume_ratio_5_w': 0.08, 'volatility_10_w': 0.1, 'pullback_10_w': 0.08, 'close_vs_ma20_w': 0.04, 'close_vs_ma60_w': 0.02}"
47,-0.6344573069961514,3,7,54,-0.36202846331601535,-0.5208458171016902,0.2962962962962963,-0.00795313214035321,"{'min_avg_amount_20': 200000000.0, 'min_price_above_ma20': True, 'min_trend_quality': 2, 'ret20_min': -0.05, 'ret20_max': 0.4, 'ret5_min': -0.03, 'ret5_max': 0.15, 'ret10_w': 0.24, 'ret20_w': 0.18, 'ret5_w': 0.14, 'avg_turnover_5_w': 0.12, 'volume_ratio_5_w': 0.08, 'volatility_10_w': 0.1, 'pullback_10_w': 0.08, 'close_vs_ma20_w': 0.04, 'close_vs_ma60_w': 0.02}"
209,-0.6344573069961514,3,7,54,-0.36202846331601535,-0.5208458171016902,0.2962962962962963,-0.00795313214035321,"{'min_avg_amount_20': 500000000.0, 'min_price_above_ma20': True, 'min_trend_quality': 2, 'ret20_min': -0.05, 'ret20_max': 0.4, 'ret5_min': -0.03, 'ret5_max': 0.15, 'ret10_w': 0.24, 'ret20_w': 0.18, 'ret5_w': 0.14, 'avg_turnover_5_w': 0.12, 'volume_ratio_5_w': 0.08, 'volatility_10_w': 0.1, 'pullback_10_w': 0.08, 'close_vs_ma20_w': 0.04, 'close_vs_ma60_w': 0.02}"
200,-0.6344573069961514,3,7,54,-0.36202846331601535,-0.5208458171016902,0.2962962962962963,-0.00795313214035321,"{'min_avg_amount_20': 500000000.0, 'min_price_above_ma20': True, 'min_trend_quality': 2, 'ret20_min': -0.05, 'ret20_max': 0.3, 'ret5_min': -0.03, 'ret5_max': 0.15, 'ret10_w': 0.24, 'ret20_w': 0.18, 'ret5_w': 0.14, 'avg_turnover_5_w': 0.12, 'volume_ratio_5_w': 0.08, 'volatility_10_w': 0.1, 'pullback_10_w': 0.08, 'close_vs_ma20_w': 0.04, 'close_vs_ma60_w': 0.02}"
119,-0.6344573069961514,3,7,54,-0.36202846331601535,-0.5208458171016902,0.2962962962962963,-0.00795313214035321,"{'min_avg_amount_20': 300000000.0, 'min_price_above_ma20': True, 'min_trend_quality': 2, 'ret20_min': -0.05, 'ret20_max': 0.3, 'ret5_min': -0.03, 'ret5_max': 0.15, 'ret10_w': 0.24, 'ret20_w': 0.18, 'ret5_w': 0.14, 'avg_turnover_5_w': 0.12, 'volume_ratio_5_w': 0.08, 'volatility_10_w': 0.1, 'pullback_10_w': 0.08, 'close_vs_ma20_w': 0.04, 'close_vs_ma60_w': 0.02}"
128,-0.6344573069961514,3,7,54,-0.36202846331601535,-0.5208458171016902,0.2962962962962963,-0.00795313214035321,"{'min_avg_amount_20': 300000000.0, 'min_price_above_ma20': True, 'min_trend_quality': 2, 'ret20_min': -0.05, 'ret20_max': 0.4, 'ret5_min': -0.03, 'ret5_max': 0.15, 'ret10_w': 0.24, 'ret20_w': 0.18, 'ret5_w': 0.14, 'avg_turnover_5_w': 0.12, 'volume_ratio_5_w': 0.08, 'volatility_10_w': 0.1, 'pullback_10_w': 0.08, 'close_vs_ma20_w': 0.04, 'close_vs_ma60_w': 0.02}"
3,-0.6958883784295895,3,10,51,-0.416642372670576,-0.5600537927664824,0.39215686274509803,-0.010058579007488546,"{'min_avg_amount_20': 200000000.0, 'min_price_above_ma20': True, 'min_trend_quality': 1, 'ret20_min': -0.05, 'ret20_max': 0.2, 'ret5_min': -0.03, 'ret5_max': 0.15, 'ret10_w': 0.24, 'ret20_w': 0.18, 'ret5_w': 0.14, 'avg_turnover_5_w': 0.12, 'volume_ratio_5_w': 0.08, 'volatility_10_w': 0.1, 'pullback_10_w': 0.08, 'close_vs_ma20_w': 0.04, 'close_vs_ma60_w': 0.02}"
165,-0.6958883784295895,3,10,51,-0.416642372670576,-0.5600537927664824,0.39215686274509803,-0.010058579007488546,"{'min_avg_amount_20': 500000000.0, 'min_price_above_ma20': True, 'min_trend_quality': 1, 'ret20_min': -0.05, 'ret20_max': 0.2, 'ret5_min': -0.03, 'ret5_max': 0.15, 'ret10_w': 0.24, 'ret20_w': 0.18, 'ret5_w': 0.14, 'avg_turnover_5_w': 0.12, 'volume_ratio_5_w': 0.08, 'volatility_10_w': 0.1, 'pullback_10_w': 0.08, 'close_vs_ma20_w': 0.04, 'close_vs_ma60_w': 0.02}"
84,-0.6958883784295895,3,10,51,-0.416642372670576,-0.5600537927664824,0.39215686274509803,-0.010058579007488546,"{'min_avg_amount_20': 300000000.0, 'min_price_above_ma20': True, 'min_trend_quality': 1, 'ret20_min': -0.05, 'ret20_max': 0.2, 'ret5_min': -0.03, 'ret5_max': 0.15, 'ret10_w': 0.24, 'ret20_w': 0.18, 'ret5_w': 0.14, 'avg_turnover_5_w': 0.12, 'volume_ratio_5_w': 0.08, 'volatility_10_w': 0.1, 'pullback_10_w': 0.08, 'close_vs_ma20_w': 0.04, 'close_vs_ma60_w': 0.02}"
93,-0.7195062896318938,3,10,51,-0.432904460588721,-0.5650288760355815,0.39215686274509803,-0.010604925672826023,"{'min_avg_amount_20': 300000000.0, 'min_price_above_ma20': True, 'min_trend_quality': 1, 'ret20_min': -0.05, 'ret20_max': 0.3, 'ret5_min': -0.03, 'ret5_max': 0.15, 'ret10_w': 0.24, 'ret20_w': 0.18, 'ret5_w': 0.14, 'avg_turnover_5_w': 0.12, 'volume_ratio_5_w': 0.08, 'volatility_10_w': 0.1, 'pullback_10_w': 0.08, 'close_vs_ma20_w': 0.04, 'close_vs_ma60_w': 0.02}"
183,-0.7195062896318938,3,10,51,-0.432904460588721,-0.5650288760355815,0.39215686274509803,-0.010604925672826023,"{'min_avg_amount_20': 500000000.0, 'min_price_above_ma20': True, 'min_trend_quality': 1, 'ret20_min': -0.05, 'ret20_max': 0.4, 'ret5_min': -0.03, 'ret5_max': 0.15, 'ret10_w': 0.24, 'ret20_w': 0.18, 'ret5_w': 0.14, 'avg_turnover_5_w': 0.12, 'volume_ratio_5_w': 0.08, 'volatility_10_w': 0.1, 'pullback_10_w': 0.08, 'close_vs_ma20_w': 0.04, 'close_vs_ma60_w': 0.02}"
174,-0.7195062896318938,3,10,51,-0.432904460588721,-0.5650288760355815,0.39215686274509803,-0.010604925672826023,"{'min_avg_amount_20': 500000000.0, 'min_price_above_ma20': True, 'min_trend_quality': 1, 'ret20_min': -0.05, 'ret20_max': 0.3, 'ret5_min': -0.03, 'ret5_max': 0.15, 'ret10_w': 0.24, 'ret20_w': 0.18, 'ret5_w': 0.14, 'avg_turnover_5_w': 0.12, 'volume_ratio_5_w': 0.08, 'volatility_10_w': 0.1, 'pullback_10_w': 0.08, 'close_vs_ma20_w': 0.04, 'close_vs_ma60_w': 0.02}"
102,-0.7195062896318938,3,10,51,-0.432904460588721,-0.5650288760355815,0.39215686274509803,-0.010604925672826023,"{'min_avg_amount_20': 300000000.0, 'min_price_above_ma20': True, 'min_trend_quality': 1, 'ret20_min': -0.05, 'ret20_max': 0.4, 'ret5_min': -0.03, 'ret5_max': 0.15, 'ret10_w': 0.24, 'ret20_w': 0.18, 'ret5_w': 0.14, 'avg_turnover_5_w': 0.12, 'volume_ratio_5_w': 0.08, 'volatility_10_w': 0.1, 'pullback_10_w': 0.08, 'close_vs_ma20_w': 0.04, 'close_vs_ma60_w': 0.02}"
21,-0.7195062896318938,3,10,51,-0.432904460588721,-0.5650288760355815,0.39215686274509803,-0.010604925672826023,"{'min_avg_amount_20': 200000000.0, 'min_price_above_ma20': True, 'min_trend_quality': 1, 'ret20_min': -0.05, 'ret20_max': 0.4, 'ret5_min': -0.03, 'ret5_max': 0.15, 'ret10_w': 0.24, 'ret20_w': 0.18, 'ret5_w': 0.14, 'avg_turnover_5_w': 0.12, 'volume_ratio_5_w': 0.08, 'volatility_10_w': 0.1, 'pullback_10_w': 0.08, 'close_vs_ma20_w': 0.04, 'close_vs_ma60_w': 0.02}"
12,-0.7195062896318938,3,10,51,-0.432904460588721,-0.5650288760355815,0.39215686274509803,-0.010604925672826023,"{'min_avg_amount_20': 200000000.0, 'min_price_above_ma20': True, 'min_trend_quality': 1, 'ret20_min': -0.05, 'ret20_max': 0.3, 'ret5_min': -0.03, 'ret5_max': 0.15, 'ret10_w': 0.24, 'ret20_w': 0.18, 'ret5_w': 0.14, 'avg_turnover_5_w': 0.12, 'volume_ratio_5_w': 0.08, 'volatility_10_w': 0.1, 'pullback_10_w': 0.08, 'close_vs_ma20_w': 0.04, 'close_vs_ma60_w': 0.02}"
222,-0.7781362191916519,5,10,51,-0.41558707472078227,-0.5293201141391692,0.09803921568627451,-0.009908850184695521,"{'min_avg_amount_20': 500000000.0, 'min_price_above_ma20': True, 'min_trend_quality': 3, 'ret20_min': -0.05, 'ret20_max': 0.2, 'ret5_min': -0.03, 'ret5_max': 0.15, 'ret10_w': 0.24, 'ret20_w': 0.18, 'ret5_w': 0.14, 'avg_turnover_5_w': 0.12, 'volume_ratio_5_w': 0.08, 'volatility_10_w': 0.1, 'pullback_10_w': 0.08, 'close_vs_ma20_w': 0.04, 'close_vs_ma60_w': 0.02}"
57,-0.7781362191916519,3,10,51,-0.41558707472078227,-0.5293201141391692,0.09803921568627451,-0.009908850184695521,"{'min_avg_amount_20': 200000000.0, 'min_price_above_ma20': True, 'min_trend_quality': 3, 'ret20_min': -0.05, 'ret20_max': 0.2, 'ret5_min': -0.03, 'ret5_max': 0.15, 'ret10_w': 0.24, 'ret20_w': 0.18, 'ret5_w': 0.14, 'avg_turnover_5_w': 0.12, 'volume_ratio_5_w': 0.08, 'volatility_10_w': 0.1, 'pullback_10_w': 0.08, 'close_vs_ma20_w': 0.04, 'close_vs_ma60_w': 0.02}"
144,-0.7781362191916519,8,10,51,-0.41558707472078227,-0.5293201141391692,0.09803921568627451,-0.009908850184695521,"{'min_avg_amount_20': 300000000.0, 'min_price_above_ma20': True, 'min_trend_quality': 3, 'ret20_min': -0.05, 'ret20_max': 0.2, 'ret5_min': -0.03, 'ret5_max': 0.15, 'ret10_w': 0.24, 'ret20_w': 0.18, 'ret5_w': 0.14, 'avg_turnover_5_w': 0.12, 'volume_ratio_5_w': 0.08, 'volatility_10_w': 0.1, 'pullback_10_w': 0.08, 'close_vs_ma20_w': 0.04, 'close_vs_ma60_w': 0.02}"
219,-0.7781362191916519,3,10,51,-0.41558707472078227,-0.5293201141391692,0.09803921568627451,-0.009908850184695521,"{'min_avg_amount_20': 500000000.0, 'min_price_above_ma20': True, 'min_trend_quality': 3, 'ret20_min': -0.05, 'ret20_max': 0.2, 'ret5_min': -0.03, 'ret5_max': 0.15, 'ret10_w': 0.24, 'ret20_w': 0.18, 'ret5_w': 0.14, 'avg_turnover_5_w': 0.12, 'volume_ratio_5_w': 0.08, 'volatility_10_w': 0.1, 'pullback_10_w': 0.08, 'close_vs_ma20_w': 0.04, 'close_vs_ma60_w': 0.02}"
141,-0.7781362191916519,5,10,51,-0.41558707472078227,-0.5293201141391692,0.09803921568627451,-0.009908850184695521,"{'min_avg_amount_20': 300000000.0, 'min_price_above_ma20': True, 'min_trend_quality': 3, 'ret20_min': -0.05, 'ret20_max': 0.2, 'ret5_min': -0.03, 'ret5_max': 0.15, 'ret10_w': 0.24, 'ret20_w': 0.18, 'ret5_w': 0.14, 'avg_turnover_5_w': 0.12, 'volume_ratio_5_w': 0.08, 'volatility_10_w': 0.1, 'pullback_10_w': 0.08, 'close_vs_ma20_w': 0.04, 'close_vs_ma60_w': 0.02}"
60,-0.7781362191916519,5,10,51,-0.41558707472078227,-0.5293201141391692,0.09803921568627451,-0.009908850184695521,"{'min_avg_amount_20': 200000000.0, 'min_price_above_ma20': True, 'min_trend_quality': 3, 'ret20_min': -0.05, 'ret20_max': 0.2, 'ret5_min': -0.03, 'ret5_max': 0.15, 'ret10_w': 0.24, 'ret20_w': 0.18, 'ret5_w': 0.14, 'avg_turnover_5_w': 0.12, 'volume_ratio_5_w': 0.08, 'volatility_10_w': 0.1, 'pullback_10_w': 0.08, 'close_vs_ma20_w': 0.04, 'close_vs_ma60_w': 0.02}"
138,-0.7781362191916519,3,10,51,-0.41558707472078227,-0.5293201141391692,0.09803921568627451,-0.009908850184695521,"{'min_avg_amount_20': 300000000.0, 'min_price_above_ma20': True, 'min_trend_quality': 3, 'ret20_min': -0.05, 'ret20_max': 0.2, 'ret5_min': -0.03, 'ret5_max': 0.15, 'ret10_w': 0.24, 'ret20_w': 0.18, 'ret5_w': 0.14, 'avg_turnover_5_w': 0.12, 'volume_ratio_5_w': 0.08, 'volatility_10_w': 0.1, 'pullback_10_w': 0.08, 'close_vs_ma20_w': 0.04, 'close_vs_ma60_w': 0.02}"
225,-0.7781362191916519,8,10,51,-0.41558707472078227,-0.5293201141391692,0.09803921568627451,-0.009908850184695521,"{'min_avg_amount_20': 500000000.0, 'min_price_above_ma20': True, 'min_trend_quality': 3, 'ret20_min': -0.05, 'ret20_max': 0.2, 'ret5_min': -0.03, 'ret5_max': 0.15, 'ret10_w': 0.24, 'ret20_w': 0.18, 'ret5_w': 0.14, 'avg_turnover_5_w': 0.12, 'volume_ratio_5_w': 0.08, 'volatility_10_w': 0.1, 'pullback_10_w': 0.08, 'close_vs_ma20_w': 0.04, 'close_vs_ma60_w': 0.02}"
63,-0.7781362191916519,8,10,51,-0.41558707472078227,-0.5293201141391692,0.09803921568627451,-0.009908850184695521,"{'min_avg_amount_20': 200000000.0, 'min_price_above_ma20': True, 'min_trend_quality': 3, 'ret20_min': -0.05, 'ret20_max': 0.2, 'ret5_min': -0.03, 'ret5_max': 0.15, 'ret10_w': 0.24, 'ret20_w': 0.18, 'ret5_w': 0.14, 'avg_turnover_5_w': 0.12, 'volume_ratio_5_w': 0.08, 'volatility_10_w': 0.1, 'pullback_10_w': 0.08, 'close_vs_ma20_w': 0.04, 'close_vs_ma60_w': 0.02}"
240,-0.910965468302764,5,10,51,-0.4911859228079235,-0.5902066134784256,0.09803921568627451,-0.01249616286224765,"{'min_avg_amount_20': 500000000.0, 'min_price_above_ma20': True, 'min_trend_quality': 3, 'ret20_min': -0.05, 'ret20_max': 0.4, 'ret5_min': -0.03, 'ret5_max': 0.15, 'ret10_w': 0.24, 'ret20_w': 0.18, 'ret5_w': 0.14, 'avg_turnover_5_w': 0.12, 'volume_ratio_5_w': 0.08, 'volatility_10_w': 0.1, 'pullback_10_w': 0.08, 'close_vs_ma20_w': 0.04, 'close_vs_ma60_w': 0.02}"
237,-0.910965468302764,3,10,51,-0.4911859228079235,-0.5902066134784256,0.09803921568627451,-0.01249616286224765,"{'min_avg_amount_20': 500000000.0, 'min_price_above_ma20': True, 'min_trend_quality': 3, 'ret20_min': -0.05, 'ret20_max': 0.4, 'ret5_min': -0.03, 'ret5_max': 0.15, 'ret10_w': 0.24, 'ret20_w': 0.18, 'ret5_w': 0.14, 'avg_turnover_5_w': 0.12, 'volume_ratio_5_w': 0.08, 'volatility_10_w': 0.1, 'pullback_10_w': 0.08, 'close_vs_ma20_w': 0.04, 'close_vs_ma60_w': 0.02}"
234,-0.910965468302764,8,10,51,-0.4911859228079235,-0.5902066134784256,0.09803921568627451,-0.01249616286224765,"{'min_avg_amount_20': 500000000.0, 'min_price_above_ma20': True, 'min_trend_quality': 3, 'ret20_min': -0.05, 'ret20_max': 0.3, 'ret5_min': -0.03, 'ret5_max': 0.15, 'ret10_w': 0.24, 'ret20_w': 0.18, 'ret5_w': 0.14, 'avg_turnover_5_w': 0.12, 'volume_ratio_5_w': 0.08, 'volatility_10_w': 0.1, 'pullback_10_w': 0.08, 'close_vs_ma20_w': 0.04, 'close_vs_ma60_w': 0.02}"
228,-0.910965468302764,3,10,51,-0.4911859228079235,-0.5902066134784256,0.09803921568627451,-0.01249616286224765,"{'min_avg_amount_20': 500000000.0, 'min_price_above_ma20': True, 'min_trend_quality': 3, 'ret20_min': -0.05, 'ret20_max': 0.3, 'ret5_min': -0.03, 'ret5_max': 0.15, 'ret10_w': 0.24, 'ret20_w': 0.18, 'ret5_w': 0.14, 'avg_turnover_5_w': 0.12, 'volume_ratio_5_w': 0.08, 'volatility_10_w': 0.1, 'pullback_10_w': 0.08, 'close_vs_ma20_w': 0.04, 'close_vs_ma60_w': 0.02}"
231,-0.910965468302764,5,10,51,-0.4911859228079235,-0.5902066134784256,0.09803921568627451,-0.01249616286224765,"{'min_avg_amount_20': 500000000.0, 'min_price_above_ma20': True, 'min_trend_quality': 3, 'ret20_min': -0.05, 'ret20_max': 0.3, 'ret5_min': -0.03, 'ret5_max': 0.15, 'ret10_w': 0.24, 'ret20_w': 0.18, 'ret5_w': 0.14, 'avg_turnover_5_w': 0.12, 'volume_ratio_5_w': 0.08, 'volatility_10_w': 0.1, 'pullback_10_w': 0.08, 'close_vs_ma20_w': 0.04, 'close_vs_ma60_w': 0.02}"
156,-0.910965468302764,3,10,51,-0.4911859228079235,-0.5902066134784256,0.09803921568627451,-0.01249616286224765,"{'min_avg_amount_20': 300000000.0, 'min_price_above_ma20': True, 'min_trend_quality': 3, 'ret20_min': -0.05, 'ret20_max': 0.4, 'ret5_min': -0.03, 'ret5_max': 0.15, 'ret10_w': 0.24, 'ret20_w': 0.18, 'ret5_w': 0.14, 'avg_turnover_5_w': 0.12, 'volume_ratio_5_w': 0.08, 'volatility_10_w': 0.1, 'pullback_10_w': 0.08, 'close_vs_ma20_w': 0.04, 'close_vs_ma60_w': 0.02}"
81,-0.910965468302764,8,10,51,-0.4911859228079235,-0.5902066134784256,0.09803921568627451,-0.01249616286224765,"{'min_avg_amount_20': 200000000.0, 'min_price_above_ma20': True, 'min_trend_quality': 3, 'ret20_min': -0.05, 'ret20_max': 0.4, 'ret5_min': -0.03, 'ret5_max': 0.15, 'ret10_w': 0.24, 'ret20_w': 0.18, 'ret5_w': 0.14, 'avg_turnover_5_w': 0.12, 'volume_ratio_5_w': 0.08, 'volatility_10_w': 0.1, 'pullback_10_w': 0.08, 'close_vs_ma20_w': 0.04, 'close_vs_ma60_w': 0.02}"
72,-0.910965468302764,8,10,51,-0.4911859228079235,-0.5902066134784256,0.09803921568627451,-0.01249616286224765,"{'min_avg_amount_20': 200000000.0, 'min_price_above_ma20': True, 'min_trend_quality': 3, 'ret20_min': -0.05, 'ret20_max': 0.3, 'ret5_min': -0.03, 'ret5_max': 0.15, 'ret10_w': 0.24, 'ret20_w': 0.18, 'ret5_w': 0.14, 'avg_turnover_5_w': 0.12, 'volume_ratio_5_w': 0.08, 'volatility_10_w': 0.1, 'pullback_10_w': 0.08, 'close_vs_ma20_w': 0.04, 'close_vs_ma60_w': 0.02}"
150,-0.910965468302764,5,10,51,-0.4911859228079235,-0.5902066134784256,0.09803921568627451,-0.01249616286224765,"{'min_avg_amount_20': 300000000.0, 'min_price_above_ma20': True, 'min_trend_quality': 3, 'ret20_min': -0.05, 'ret20_max': 0.3, 'ret5_min': -0.03, 'ret5_max': 0.15, 'ret10_w': 0.24, 'ret20_w': 0.18, 'ret5_w': 0.14, 'avg_turnover_5_w': 0.12, 'volume_ratio_5_w': 0.08, 'volatility_10_w': 0.1, 'pullback_10_w': 0.08, 'close_vs_ma20_w': 0.04, 'close_vs_ma60_w': 0.02}"
159,-0.910965468302764,5,10,51,-0.4911859228079235,-0.5902066134784256,0.09803921568627451,-0.01249616286224765,"{'min_avg_amount_20': 300000000.0, 'min_price_above_ma20': True, 'min_trend_quality': 3, 'ret20_min': -0.05, 'ret20_max': 0.4, 'ret5_min': -0.03, 'ret5_max': 0.15, 'ret10_w': 0.24, 'ret20_w': 0.18, 'ret5_w': 0.14, 'avg_turnover_5_w': 0.12, 'volume_ratio_5_w': 0.08, 'volatility_10_w': 0.1, 'pullback_10_w': 0.08, 'close_vs_ma20_w': 0.04, 'close_vs_ma60_w': 0.02}"
147,-0.910965468302764,3,10,51,-0.4911859228079235,-0.5902066134784256,0.09803921568627451,-0.01249616286224765,"{'min_avg_amount_20': 300000000.0, 'min_price_above_ma20': True, 'min_trend_quality': 3, 'ret20_min': -0.05, 'ret20_max': 0.3, 'ret5_min': -0.03, 'ret5_max': 0.15, 'ret10_w': 0.24, 'ret20_w': 0.18, 'ret5_w': 0.14, 'avg_turnover_5_w': 0.12, 'volume_ratio_5_w': 0.08, 'volatility_10_w': 0.1, 'pullback_10_w': 0.08, 'close_vs_ma20_w': 0.04, 'close_vs_ma60_w': 0.02}"
162,-0.910965468302764,8,10,51,-0.4911859228079235,-0.5902066134784256,0.09803921568627451,-0.01249616286224765,"{'min_avg_amount_20': 300000000.0, 'min_price_above_ma20': True, 'min_trend_quality': 3, 'ret20_min': -0.05, 'ret20_max': 0.4, 'ret5_min': -0.03, 'ret5_max': 0.15, 'ret10_w': 0.24, 'ret20_w': 0.18, 'ret5_w': 0.14, 'avg_turnover_5_w': 0.12, 'volume_ratio_5_w': 0.08, 'volatility_10_w': 0.1, 'pullback_10_w': 0.08, 'close_vs_ma20_w': 0.04, 'close_vs_ma60_w': 0.02}"
66,-0.910965468302764,3,10,51,-0.4911859228079235,-0.5902066134784256,0.09803921568627451,-0.01249616286224765,"{'min_avg_amount_20': 200000000.0, 'min_price_above_ma20': True, 'min_trend_quality': 3, 'ret20_min': -0.05, 'ret20_max': 0.3, 'ret5_min': -0.03, 'ret5_max': 0.15, 'ret10_w': 0.24, 'ret20_w': 0.18, 'ret5_w': 0.14, 'avg_turnover_5_w': 0.12, 'volume_ratio_5_w': 0.08, 'volatility_10_w': 0.1, 'pullback_10_w': 0.08, 'close_vs_ma20_w': 0.04, 'close_vs_ma60_w': 0.02}"
78,-0.910965468302764,5,10,51,-0.4911859228079235,-0.5902066134784256,0.09803921568627451,-0.01249616286224765,"{'min_avg_amount_20': 200000000.0, 'min_price_above_ma20': True, 'min_trend_quality': 3, 'ret20_min': -0.05, 'ret20_max': 0.4, 'ret5_min': -0.03, 'ret5_max': 0.15, 'ret10_w': 0.24, 'ret20_w': 0.18, 'ret5_w': 0.14, 'avg_turnover_5_w': 0.12, 'volume_ratio_5_w': 0.08, 'volatility_10_w': 0.1, 'pullback_10_w': 0.08, 'close_vs_ma20_w': 0.04, 'close_vs_ma60_w': 0.02}"
75,-0.910965468302764,3,10,51,-0.4911859228079235,-0.5902066134784256,0.09803921568627451,-0.01249616286224765,"{'min_avg_amount_20': 200000000.0, 'min_price_above_ma20': True, 'min_trend_quality': 3, 'ret20_min': -0.05, 'ret20_max': 0.4, 'ret5_min': -0.03, 'ret5_max': 0.15, 'ret10_w': 0.24, 'ret20_w': 0.18, 'ret5_w': 0.14, 'avg_turnover_5_w': 0.12, 'volume_ratio_5_w': 0.08, 'volatility_10_w': 0.1, 'pullback_10_w': 0.08, 'close_vs_ma20_w': 0.04, 'close_vs_ma60_w': 0.02}"
243,-0.910965468302764,8,10,51,-0.4911859228079235,-0.5902066134784256,0.09803921568627451,-0.01249616286224765,"{'min_avg_amount_20': 500000000.0, 'min_price_above_ma20': True, 'min_trend_quality': 3, 'ret20_min': -0.05, 'ret20_max': 0.4, 'ret5_min': -0.03, 'ret5_max': 0.15, 'ret10_w': 0.24, 'ret20_w': 0.18, 'ret5_w': 0.14, 'avg_turnover_5_w': 0.12, 'volume_ratio_5_w': 0.08, 'volatility_10_w': 0.1, 'pullback_10_w': 0.08, 'close_vs_ma20_w': 0.04, 'close_vs_ma60_w': 0.02}"
69,-0.910965468302764,5,10,51,-0.4911859228079235,-0.5902066134784256,0.09803921568627451,-0.01249616286224765,"{'min_avg_amount_20': 200000000.0, 'min_price_above_ma20': True, 'min_trend_quality': 3, 'ret20_min': -0.05, 'ret20_max': 0.3, 'ret5_min': -0.03, 'ret5_max': 0.15, 'ret10_w': 0.24, 'ret20_w': 0.18, 'ret5_w': 0.14, 'avg_turnover_5_w': 0.12, 'volume_ratio_5_w': 0.08, 'volatility_10_w': 0.1, 'pullback_10_w': 0.08, 'close_vs_ma20_w': 0.04, 'close_vs_ma60_w': 0.02}"
153,-0.910965468302764,8,10,51,-0.4911859228079235,-0.5902066134784256,0.09803921568627451,-0.01249616286224765,"{'min_avg_amount_20': 300000000.0, 'min_price_above_ma20': True, 'min_trend_quality': 3, 'ret20_min': -0.05, 'ret20_max': 0.3, 'ret5_min': -0.03, 'ret5_max': 0.15, 'ret10_w': 0.24, 'ret20_w': 0.18, 'ret5_w': 0.14, 'avg_turnover_5_w': 0.12, 'volume_ratio_5_w': 0.08, 'volatility_10_w': 0.1, 'pullback_10_w': 0.08, 'close_vs_ma20_w': 0.04, 'close_vs_ma60_w': 0.02}"
36,-0.927910629077189,8,10,51,-0.5275434251600652,-0.6168256143897939,0.23529411764705882,-0.01407809705746476,"{'min_avg_amount_20': 200000000.0, 'min_price_above_ma20': True, 'min_trend_quality': 2, 'ret20_min': -0.05, 'ret20_max': 0.2, 'ret5_min': -0.03, 'ret5_max': 0.15, 'ret10_w': 0.24, 'ret20_w': 0.18, 'ret5_w': 0.14, 'avg_turnover_5_w': 0.12, 'volume_ratio_5_w': 0.08, 'volatility_10_w': 0.1, 'pullback_10_w': 0.08, 'close_vs_ma20_w': 0.04, 'close_vs_ma60_w': 0.02}"
117,-0.927910629077189,8,10,51,-0.5275434251600652,-0.6168256143897939,0.23529411764705882,-0.01407809705746476,"{'min_avg_amount_20': 300000000.0, 'min_price_above_ma20': True, 'min_trend_quality': 2, 'ret20_min': -0.05, 'ret20_max': 0.2, 'ret5_min': -0.03, 'ret5_max': 0.15, 'ret10_w': 0.24, 'ret20_w': 0.18, 'ret5_w': 0.14, 'avg_turnover_5_w': 0.12, 'volume_ratio_5_w': 0.08, 'volatility_10_w': 0.1, 'pullback_10_w': 0.08, 'close_vs_ma20_w': 0.04, 'close_vs_ma60_w': 0.02}"
198,-0.927910629077189,8,10,51,-0.5275434251600652,-0.6168256143897939,0.23529411764705882,-0.01407809705746476,"{'min_avg_amount_20': 500000000.0, 'min_price_above_ma20': True, 'min_trend_quality': 2, 'ret20_min': -0.05, 'ret20_max': 0.2, 'ret5_min': -0.03, 'ret5_max': 0.15, 'ret10_w': 0.24, 'ret20_w': 0.18, 'ret5_w': 0.14, 'avg_turnover_5_w': 0.12, 'volume_ratio_5_w': 0.08, 'volatility_10_w': 0.1, 'pullback_10_w': 0.08, 'close_vs_ma20_w': 0.04, 'close_vs_ma60_w': 0.02}"
195,-0.927910629077189,5,10,51,-0.5275434251600652,-0.6168256143897939,0.23529411764705882,-0.01407809705746476,"{'min_avg_amount_20': 500000000.0, 'min_price_above_ma20': True, 'min_trend_quality': 2, 'ret20_min': -0.05, 'ret20_max': 0.2, 'ret5_min': -0.03, 'ret5_max': 0.15, 'ret10_w': 0.24, 'ret20_w': 0.18, 'ret5_w': 0.14, 'avg_turnover_5_w': 0.12, 'volume_ratio_5_w': 0.08, 'volatility_10_w': 0.1, 'pullback_10_w': 0.08, 'close_vs_ma20_w': 0.04, 'close_vs_ma60_w': 0.02}"
114,-0.927910629077189,5,10,51,-0.5275434251600652,-0.6168256143897939,0.23529411764705882,-0.01407809705746476,"{'min_avg_amount_20': 300000000.0, 'min_price_above_ma20': True, 'min_trend_quality': 2, 'ret20_min': -0.05, 'ret20_max': 0.2, 'ret5_min': -0.03, 'ret5_max': 0.15, 'ret10_w': 0.24, 'ret20_w': 0.18, 'ret5_w': 0.14, 'avg_turnover_5_w': 0.12, 'volume_ratio_5_w': 0.08, 'volatility_10_w': 0.1, 'pullback_10_w': 0.08, 'close_vs_ma20_w': 0.04, 'close_vs_ma60_w': 0.02}"
33,-0.927910629077189,5,10,51,-0.5275434251600652,-0.6168256143897939,0.23529411764705882,-0.01407809705746476,"{'min_avg_amount_20': 200000000.0, 'min_price_above_ma20': True, 'min_trend_quality': 2, 'ret20_min': -0.05, 'ret20_max': 0.2, 'ret5_min': -0.03, 'ret5_max': 0.15, 'ret10_w': 0.24, 'ret20_w': 0.18, 'ret5_w': 0.14, 'avg_turnover_5_w': 0.12, 'volume_ratio_5_w': 0.08, 'volatility_10_w': 0.1, 'pullback_10_w': 0.08, 'close_vs_ma20_w': 0.04, 'close_vs_ma60_w': 0.02}"
192,-0.9421955362586103,3,10,51,-0.5354266643251183,-0.6232191233058479,0.23529411764705882,-0.014398792390806716,"{'min_avg_amount_20': 500000000.0, 'min_price_above_ma20': True, 'min_trend_quality': 2, 'ret20_min': -0.05, 'ret20_max': 0.2, 'ret5_min': -0.03, 'ret5_max': 0.15, 'ret10_w': 0.24, 'ret20_w': 0.18, 'ret5_w': 0.14, 'avg_turnover_5_w': 0.12, 'volume_ratio_5_w': 0.08, 'volatility_10_w': 0.1, 'pullback_10_w': 0.08, 'close_vs_ma20_w': 0.04, 'close_vs_ma60_w': 0.02}"
111,-0.9421955362586103,3,10,51,-0.5354266643251183,-0.6232191233058479,0.23529411764705882,-0.014398792390806716,"{'min_avg_amount_20': 300000000.0, 'min_price_above_ma20': True, 'min_trend_quality': 2, 'ret20_min': -0.05, 'ret20_max': 0.2, 'ret5_min': -0.03, 'ret5_max': 0.15, 'ret10_w': 0.24, 'ret20_w': 0.18, 'ret5_w': 0.14, 'avg_turnover_5_w': 0.12, 'volume_ratio_5_w': 0.08, 'volatility_10_w': 0.1, 'pullback_10_w': 0.08, 'close_vs_ma20_w': 0.04, 'close_vs_ma60_w': 0.02}"
30,-0.9421955362586103,3,10,51,-0.5354266643251183,-0.6232191233058479,0.23529411764705882,-0.014398792390806716,"{'min_avg_amount_20': 200000000.0, 'min_price_above_ma20': True, 'min_trend_quality': 2, 'ret20_min': -0.05, 'ret20_max': 0.2, 'ret5_min': -0.03, 'ret5_max': 0.15, 'ret10_w': 0.24, 'ret20_w': 0.18, 'ret5_w': 0.14, 'avg_turnover_5_w': 0.12, 'volume_ratio_5_w': 0.08, 'volatility_10_w': 0.1, 'pullback_10_w': 0.08, 'close_vs_ma20_w': 0.04, 'close_vs_ma60_w': 0.02}"
207,-0.9614603704570024,8,10,51,-0.5463296365398054,-0.6312046718908635,0.23529411764705882,-0.014845108994893705,"{'min_avg_amount_20': 500000000.0, 'min_price_above_ma20': True, 'min_trend_quality': 2, 'ret20_min': -0.05, 'ret20_max': 0.3, 'ret5_min': -0.03, 'ret5_max': 0.15, 'ret10_w': 0.24, 'ret20_w': 0.18, 'ret5_w': 0.14, 'avg_turnover_5_w': 0.12, 'volume_ratio_5_w': 0.08, 'volatility_10_w': 0.1, 'pullback_10_w': 0.08, 'close_vs_ma20_w': 0.04, 'close_vs_ma60_w': 0.02}"
135,-0.9614603704570024,8,10,51,-0.5463296365398054,-0.6312046718908635,0.23529411764705882,-0.014845108994893705,"{'min_avg_amount_20': 300000000.0, 'min_price_above_ma20': True, 'min_trend_quality': 2, 'ret20_min': -0.05, 'ret20_max': 0.4, 'ret5_min': -0.03, 'ret5_max': 0.15, 'ret10_w': 0.24, 'ret20_w': 0.18, 'ret5_w': 0.14, 'avg_turnover_5_w': 0.12, 'volume_ratio_5_w': 0.08, 'volatility_10_w': 0.1, 'pullback_10_w': 0.08, 'close_vs_ma20_w': 0.04, 'close_vs_ma60_w': 0.02}"
132,-0.9614603704570024,5,10,51,-0.5463296365398054,-0.6312046718908635,0.23529411764705882,-0.014845108994893705,"{'min_avg_amount_20': 300000000.0, 'min_price_above_ma20': True, 'min_trend_quality': 2, 'ret20_min': -0.05, 'ret20_max': 0.4, 'ret5_min': -0.03, 'ret5_max': 0.15, 'ret10_w': 0.24, 'ret20_w': 0.18, 'ret5_w': 0.14, 'avg_turnover_5_w': 0.12, 'volume_ratio_5_w': 0.08, 'volatility_10_w': 0.1, 'pullback_10_w': 0.08, 'close_vs_ma20_w': 0.04, 'close_vs_ma60_w': 0.02}"
126,-0.9614603704570024,8,10,51,-0.5463296365398054,-0.6312046718908635,0.23529411764705882,-0.014845108994893705,"{'min_avg_amount_20': 300000000.0, 'min_price_above_ma20': True, 'min_trend_quality': 2, 'ret20_min': -0.05, 'ret20_max': 0.3, 'ret5_min': -0.03, 'ret5_max': 0.15, 'ret10_w': 0.24, 'ret20_w': 0.18, 'ret5_w': 0.14, 'avg_turnover_5_w': 0.12, 'volume_ratio_5_w': 0.08, 'volatility_10_w': 0.1, 'pullback_10_w': 0.08, 'close_vs_ma20_w': 0.04, 'close_vs_ma60_w': 0.02}"
123,-0.9614603704570024,5,10,51,-0.5463296365398054,-0.6312046718908635,0.23529411764705882,-0.014845108994893705,"{'min_avg_amount_20': 300000000.0, 'min_price_above_ma20': True, 'min_trend_quality': 2, 'ret20_min': -0.05, 'ret20_max': 0.3, 'ret5_min': -0.03, 'ret5_max': 0.15, 'ret10_w': 0.24, 'ret20_w': 0.18, 'ret5_w': 0.14, 'avg_turnover_5_w': 0.12, 'volume_ratio_5_w': 0.08, 'volatility_10_w': 0.1, 'pullback_10_w': 0.08, 'close_vs_ma20_w': 0.04, 'close_vs_ma60_w': 0.02}"
51,-0.9614603704570024,5,10,51,-0.5463296365398054,-0.6312046718908635,0.23529411764705882,-0.014845108994893705,"{'min_avg_amount_20': 200000000.0, 'min_price_above_ma20': True, 'min_trend_quality': 2, 'ret20_min': -0.05, 'ret20_max': 0.4, 'ret5_min': -0.03, 'ret5_max': 0.15, 'ret10_w': 0.24, 'ret20_w': 0.18, 'ret5_w': 0.14, 'avg_turnover_5_w': 0.12, 'volume_ratio_5_w': 0.08, 'volatility_10_w': 0.1, 'pullback_10_w': 0.08, 'close_vs_ma20_w': 0.04, 'close_vs_ma60_w': 0.02}"
216,-0.9614603704570024,8,10,51,-0.5463296365398054,-0.6312046718908635,0.23529411764705882,-0.014845108994893705,"{'min_avg_amount_20': 500000000.0, 'min_price_above_ma20': True, 'min_trend_quality': 2, 'ret20_min': -0.05, 'ret20_max': 0.4, 'ret5_min': -0.03, 'ret5_max': 0.15, 'ret10_w': 0.24, 'ret20_w': 0.18, 'ret5_w': 0.14, 'avg_turnover_5_w': 0.12, 'volume_ratio_5_w': 0.08, 'volatility_10_w': 0.1, 'pullback_10_w': 0.08, 'close_vs_ma20_w': 0.04, 'close_vs_ma60_w': 0.02}"
54,-0.9614603704570024,8,10,51,-0.5463296365398054,-0.6312046718908635,0.23529411764705882,-0.014845108994893705,"{'min_avg_amount_20': 200000000.0, 'min_price_above_ma20': True, 'min_trend_quality': 2, 'ret20_min': -0.05, 'ret20_max': 0.4, 'ret5_min': -0.03, 'ret5_max': 0.15, 'ret10_w': 0.24, 'ret20_w': 0.18, 'ret5_w': 0.14, 'avg_turnover_5_w': 0.12, 'volume_ratio_5_w': 0.08, 'volatility_10_w': 0.1, 'pullback_10_w': 0.08, 'close_vs_ma20_w': 0.04, 'close_vs_ma60_w': 0.02}"
42,-0.9614603704570024,5,10,51,-0.5463296365398054,-0.6312046718908635,0.23529411764705882,-0.014845108994893705,"{'min_avg_amount_20': 200000000.0, 'min_price_above_ma20': True, 'min_trend_quality': 2, 'ret20_min': -0.05, 'ret20_max': 0.3, 'ret5_min': -0.03, 'ret5_max': 0.15, 'ret10_w': 0.24, 'ret20_w': 0.18, 'ret5_w': 0.14, 'avg_turnover_5_w': 0.12, 'volume_ratio_5_w': 0.08, 'volatility_10_w': 0.1, 'pullback_10_w': 0.08, 'close_vs_ma20_w': 0.04, 'close_vs_ma60_w': 0.02}"
45,-0.9614603704570024,8,10,51,-0.5463296365398054,-0.6312046718908635,0.23529411764705882,-0.014845108994893705,"{'min_avg_amount_20': 200000000.0, 'min_price_above_ma20': True, 'min_trend_quality': 2, 'ret20_min': -0.05, 'ret20_max': 0.3, 'ret5_min': -0.03, 'ret5_max': 0.15, 'ret10_w': 0.24, 'ret20_w': 0.18, 'ret5_w': 0.14, 'avg_turnover_5_w': 0.12, 'volume_ratio_5_w': 0.08, 'volatility_10_w': 0.1, 'pullback_10_w': 0.08, 'close_vs_ma20_w': 0.04, 'close_vs_ma60_w': 0.02}"
213,-0.9614603704570024,5,10,51,-0.5463296365398054,-0.6312046718908635,0.23529411764705882,-0.014845108994893705,"{'min_avg_amount_20': 500000000.0, 'min_price_above_ma20': True, 'min_trend_quality': 2, 'ret20_min': -0.05, 'ret20_max': 0.4, 'ret5_min': -0.03, 'ret5_max': 0.15, 'ret10_w': 0.24, 'ret20_w': 0.18, 'ret5_w': 0.14, 'avg_turnover_5_w': 0.12, 'volume_ratio_5_w': 0.08, 'volatility_10_w': 0.1, 'pullback_10_w': 0.08, 'close_vs_ma20_w': 0.04, 'close_vs_ma60_w': 0.02}"
204,-0.9614603704570024,5,10,51,-0.5463296365398054,-0.6312046718908635,0.23529411764705882,-0.014845108994893705,"{'min_avg_amount_20': 500000000.0, 'min_price_above_ma20': True, 'min_trend_quality': 2, 'ret20_min': -0.05, 'ret20_max': 0.3, 'ret5_min': -0.03, 'ret5_max': 0.15, 'ret10_w': 0.24, 'ret20_w': 0.18, 'ret5_w': 0.14, 'avg_turnover_5_w': 0.12, 'volume_ratio_5_w': 0.08, 'volatility_10_w': 0.1, 'pullback_10_w': 0.08, 'close_vs_ma20_w': 0.04, 'close_vs_ma60_w': 0.02}"
120,-0.9752878634793887,3,10,51,-0.553899415790872,-0.6373582570651699,0.23529411764705882,-0.015165804328235659,"{'min_avg_amount_20': 300000000.0, 'min_price_above_ma20': True, 'min_trend_quality': 2, 'ret20_min': -0.05, 'ret20_max': 0.3, 'ret5_min': -0.03, 'ret5_max': 0.15, 'ret10_w': 0.24, 'ret20_w': 0.18, 'ret5_w': 0.14, 'avg_turnover_5_w': 0.12, 'volume_ratio_5_w': 0.08, 'volatility_10_w': 0.1, 'pullback_10_w': 0.08, 'close_vs_ma20_w': 0.04, 'close_vs_ma60_w': 0.02}"
39,-0.9752878634793887,3,10,51,-0.553899415790872,-0.6373582570651699,0.23529411764705882,-0.015165804328235659,"{'min_avg_amount_20': 200000000.0, 'min_price_above_ma20': True, 'min_trend_quality': 2, 'ret20_min': -0.05, 'ret20_max': 0.3, 'ret5_min': -0.03, 'ret5_max': 0.15, 'ret10_w': 0.24, 'ret20_w': 0.18, 'ret5_w': 0.14, 'avg_turnover_5_w': 0.12, 'volume_ratio_5_w': 0.08, 'volatility_10_w': 0.1, 'pullback_10_w': 0.08, 'close_vs_ma20_w': 0.04, 'close_vs_ma60_w': 0.02}"
129,-0.9752878634793887,3,10,51,-0.553899415790872,-0.6373582570651699,0.23529411764705882,-0.015165804328235659,"{'min_avg_amount_20': 300000000.0, 'min_price_above_ma20': True, 'min_trend_quality': 2, 'ret20_min': -0.05, 'ret20_max': 0.4, 'ret5_min': -0.03, 'ret5_max': 0.15, 'ret10_w': 0.24, 'ret20_w': 0.18, 'ret5_w': 0.14, 'avg_turnover_5_w': 0.12, 'volume_ratio_5_w': 0.08, 'volatility_10_w': 0.1, 'pullback_10_w': 0.08, 'close_vs_ma20_w': 0.04, 'close_vs_ma60_w': 0.02}"
210,-0.9752878634793887,3,10,51,-0.553899415790872,-0.6373582570651699,0.23529411764705882,-0.015165804328235659,"{'min_avg_amount_20': 500000000.0, 'min_price_above_ma20': True, 'min_trend_quality': 2, 'ret20_min': -0.05, 'ret20_max': 0.4, 'ret5_min': -0.03, 'ret5_max': 0.15, 'ret10_w': 0.24, 'ret20_w': 0.18, 'ret5_w': 0.14, 'avg_turnover_5_w': 0.12, 'volume_ratio_5_w': 0.08, 'volatility_10_w': 0.1, 'pullback_10_w': 0.08, 'close_vs_ma20_w': 0.04, 'close_vs_ma60_w': 0.02}"
201,-0.9752878634793887,3,10,51,-0.553899415790872,-0.6373582570651699,0.23529411764705882,-0.015165804328235659,"{'min_avg_amount_20': 500000000.0, 'min_price_above_ma20': True, 'min_trend_quality': 2, 'ret20_min': -0.05, 'ret20_max': 0.3, 'ret5_min': -0.03, 'ret5_max': 0.15, 'ret10_w': 0.24, 'ret20_w': 0.18, 'ret5_w': 0.14, 'avg_turnover_5_w': 0.12, 'volume_ratio_5_w': 0.08, 'volatility_10_w': 0.1, 'pullback_10_w': 0.08, 'close_vs_ma20_w': 0.04, 'close_vs_ma60_w': 0.02}"
48,-0.9752878634793887,3,10,51,-0.553899415790872,-0.6373582570651699,0.23529411764705882,-0.015165804328235659,"{'min_avg_amount_20': 200000000.0, 'min_price_above_ma20': True, 'min_trend_quality': 2, 'ret20_min': -0.05, 'ret20_max': 0.4, 'ret5_min': -0.03, 'ret5_max': 0.15, 'ret10_w': 0.24, 'ret20_w': 0.18, 'ret5_w': 0.14, 'avg_turnover_5_w': 0.12, 'volume_ratio_5_w': 0.08, 'volatility_10_w': 0.1, 'pullback_10_w': 0.08, 'close_vs_ma20_w': 0.04, 'close_vs_ma60_w': 0.02}"
